"Nid","Module","Library","Kind","RelocationRefs","Status","HleMatches","ExportNames","SourceFiles"
"bzQExy189ZI","libc","libc","FUNC","1","IMPLEMENTED_HLE","1","_init_env","src\SharpEmu.Libs\Kernel\KernelExports.cs"
"8G2LB+A3rzg","libc","libc","FUNC","1","IMPLEMENTED_HLE","1","atexit","src\SharpEmu.Libs\Kernel\KernelExports.cs"
"XKRegsFpEpk","libc","libc","FUNC","1","IMPLEMENTED_HLE","1","catchReturnFromMain","src\SharpEmu.Libs\Kernel\KernelExports.cs"
"uMei1W9uyNo","libc","libc","FUNC","1","IMPLEMENTED_HLE","1","exit","src\SharpEmu.Libs\Kernel\KernelExports.cs"
"P330P3dFF68","libc","libc","OBJECT","2","NO_HLE_EXPORT","0","",""
"f7uOxY9mM1U","libkernel","libkernel","OBJECT","1","IMPLEMENTED_HLE","1","__stack_chk_guard","src\SharpEmu.Libs\Kernel\KernelRuntimeCompatExports.cs"
"Ou3iL1abvng","libkernel","libkernel","FUNC","1","IMPLEMENTED_HLE","1","__stack_chk_fail","src\SharpEmu.Libs\Kernel\KernelRuntimeCompatExports.cs"
"Al8MZJh-4hM","libc","libc","FUNC","1","IMPLEMENTED_HLE","1","wmemset","src\SharpEmu.Libs\LibcCompat\LibcMemoryStringExports.cs"
"tQIo+GIPklo","libc","libc","FUNC","1","NO_HLE_EXPORT","0","",""
"vNe1w4diLCs","libkernel","libkernel","FUNC","0","IMPLEMENTED_HLE","1","__tls_get_addr","src\SharpEmu.Libs\Kernel\KernelMemoryCompatExports.cs"
"fL3O02ypZFE","libc","libc","FUNC","1","IMPLEMENTED_HLE","1","wmemcpy","src\SharpEmu.Libs\LibcCompat\LibcMemoryStringExports.cs"
"lKEN2IebgJ0","libc","libc","FUNC","1","NO_HLE_EXPORT","0","",""
"rcQCUr0EaRU","libc","libc","FUNC","1","NO_HLE_EXPORT","0","",""
"d3dMyWORw8A","libc","libc","FUNC","1","NO_HLE_EXPORT","0","",""
"pXvbDfchu6k","libc","libc","FUNC","1","IMPLEMENTED_HLE","1","strncasecmp","src\SharpEmu.Libs\LibcCompat\LibcMemoryStringExports.cs"
"EH-x713A99c","libc","libc","FUNC","1","IMPLEMENTED_HLE","1","atan2f","src\SharpEmu.Libs\LibcCompat\LibcMathCompilerRuntimeExports.cs"
"88Vv-AzHVj8","libc","libc","FUNC","1","IMPLEMENTED_HLE","1","fmodf","src\SharpEmu.Libs\LibcCompat\LibcMathCompilerRuntimeExports.cs"
"tsvEmnenz48","libc","libc","FUNC","1","IMPLEMENTED_HLE","1","__cxa_atexit","src\SharpEmu.Libs\Kernel\KernelExports.cs"
"8zTFvBIAIN8","libc","libc","FUNC","1","IMPLEMENTED_HLE","1","memset","src\SharpEmu.Libs\Kernel\KernelMemoryCompatExports.cs"
"+P6FRGH4LfA","libc","libc","FUNC","1","IMPLEMENTED_HLE","1","memmove","src\SharpEmu.Libs\Kernel\KernelMemoryCompatExports.cs"
"Q3VBxCXhUHs","libc","libc","FUNC","1","IMPLEMENTED_HLE","1","memcpy","src\SharpEmu.Libs\Kernel\KernelMemoryCompatExports.cs"
"Q2V+iqvjgC0","libc","libc","FUNC","1","IMPLEMENTED_HLE","1","vsnprintf","src\SharpEmu.Libs\Kernel\KernelMemoryCompatExports.cs"
"Ovb2dSJOAuE","libc","libc","FUNC","1","IMPLEMENTED_HLE","1","strcmp","src\SharpEmu.Libs\Kernel\KernelMemoryCompatExports.cs"
"1uJgoVq3bQU","libc","libc","FUNC","1","NO_HLE_EXPORT","0","",""
"j4ViWNHEgww","libc","libc","FUNC","1","IMPLEMENTED_HLE","1","strlen","src\SharpEmu.Libs\Kernel\KernelMemoryCompatExports.cs"
"kHg45qPC6f0","libc","libc","FUNC","1","IMPLEMENTED_HLE","1","strncat","src\SharpEmu.Libs\Kernel\KernelMemoryCompatExports.cs"
"5TjaJwkLWxE","libc","libc","FUNC","1","IMPLEMENTED_HLE","1","bcmp","src\SharpEmu.Libs\LibcCompat\RuntimePosixRemainingExportsV54.cs"
"WkkeywLJcgU","libc","libc","FUNC","1","IMPLEMENTED_HLE","1","wcslen","src\SharpEmu.Libs\Kernel\KernelMemoryCompatExports.cs"
"FM5NPnLqBc8","libc","libc","FUNC","1","IMPLEMENTED_HLE","1","wcscpy","src\SharpEmu.Libs\Kernel\KernelMemoryCompatExports.cs"
"3GPpjQdAMTw","libc","libc","FUNC","1","IMPLEMENTED_HLE","1","__cxa_guard_acquire","src\SharpEmu.Libs\CxxAbiExports.cs"
"9rAeANT2tyE","libc","libc","FUNC","1","IMPLEMENTED_HLE","1","__cxa_guard_release","src\SharpEmu.Libs\CxxAbiExports.cs"
"CdWp0oHWGr0","libSceUserService","libSceUserService","FUNC","1","IMPLEMENTED_HLE","1","sceUserServiceGetInitialUser","src\SharpEmu.Libs\UserService\UserServiceExports.cs"
"AV6ipCNa4Rw","libc","libc","FUNC","1","IMPLEMENTED_HLE","1","strcasecmp","src\SharpEmu.Libs\Kernel\KernelMemoryCompatExports.cs"
"6sJWiWSRuqk","libc","libc","FUNC","1","IMPLEMENTED_HLE","1","strncpy","src\SharpEmu.Libs\Kernel\KernelMemoryCompatExports.cs"
"viiwFMaNamA","libc","libc","FUNC","1","IMPLEMENTED_HLE","1","strstr","src\SharpEmu.Libs\Kernel\KernelMemoryCompatExports.cs"
"ozMAr28BwSY","libc","libc","FUNC","1","NO_HLE_EXPORT","0","",""
"kiZSXIWd9vg","libc","libc","FUNC","1","IMPLEMENTED_HLE","1","strcpy","src\SharpEmu.Libs\Kernel\KernelMemoryCompatExports.cs"
"Noj9PsJrsa8","libc","libc","FUNC","1","IMPLEMENTED_HLE","1","wmemmove","src\SharpEmu.Libs\LibcCompat\LibcMemoryStringExports.cs"
"GZWjF-YIFFk","libc","libc","FUNC","1","IMPLEMENTED_HLE","1","asinf","src\SharpEmu.Libs\LibcCompat\LibcMathCompilerRuntimeExports.cs"
"DbEnA+MnVIw","libc","libc","FUNC","1","NO_HLE_EXPORT","0","",""
"eLdDw6l0-bU","libc","libc","FUNC","1","IMPLEMENTED_HLE","1","snprintf","src\SharpEmu.Libs\Kernel\KernelMemoryCompatExports.cs"
"QJ5xVfKkni0","libc","libc","FUNC","1","IMPLEMENTED_HLE","1","wmemcmp","src\SharpEmu.Libs\LibcCompat\LibcMemoryStringExports.cs"
"1D0H2KNjshE","libc","libc","FUNC","1","IMPLEMENTED_HLE","1","powf","src\SharpEmu.Libs\LibcCompat\LibcMathCompilerRuntimeExports.cs"
"zlfEH8FmyUA","libc","libc","FUNC","1","NO_HLE_EXPORT","0","",""
"zr094EQ39Ww","libc","libc","FUNC","2722","NO_HLE_EXPORT","0","",""
"eT2UsmTewbU","libc","libc","FUNC","1","NO_HLE_EXPORT","0","",""
"gNQ1V2vfXDE","libc","libc","FUNC","1","NO_HLE_EXPORT","0","",""
"9yDWMxEFdJU","libc","libc","FUNC","1","IMPLEMENTED_HLE","1","strrchr","src\SharpEmu.Libs\Kernel\KernelMemoryCompatExports.cs"
"ZE6RNL+eLbk","libc","libc","FUNC","1","IMPLEMENTED_HLE","1","tanf","src\SharpEmu.Libs\LibcCompat\LibcMathCompilerRuntimeExports.cs"
"CjQROLB88a4","libc","libc","FUNC","1","IMPLEMENTED_HLE","1","__signbitf","src\SharpEmu.Libs\LibcCompat\RuntimePosixRemainingExportsV54.cs"
"weDug8QD-lE","libc","libc","FUNC","1","IMPLEMENTED_HLE","1","atanf","src\SharpEmu.Libs\LibcCompat\LibcMathCompilerRuntimeExports.cs"
"H4MCONF+Gps","libc","libc","FUNC","1","IMPLEMENTED_HLE","1","wcspbrk","src\SharpEmu.Libs\LibcCompat\LibcMemoryStringExports.cs"
"bZx+FFSlkUM","libc","libc","FUNC","1","NO_HLE_EXPORT","0","",""
"qYhnoevd9bI","libc","libc","FUNC","1","NO_HLE_EXPORT","0","",""
"hcuQgD53UxM","libc","libc","FUNC","1","NO_HLE_EXPORT","0","",""
"pNtJdE3x49E","libc","libc","FUNC","1","IMPLEMENTED_HLE","1","wcscmp","src\SharpEmu.Libs\Kernel\KernelMemoryCompatExports.cs"
"Ezzq78ZgHPs","libc","libc","FUNC","1","IMPLEMENTED_HLE","1","wcschr","src\SharpEmu.Libs\Kernel\KernelMemoryCompatExports.cs"
"fnUEjBCNRVU","libc","libc","FUNC","1","IMPLEMENTED_HLE","1","wmemchr","src\SharpEmu.Libs\LibcCompat\LibcMemoryStringExports.cs"
"8zsu04XNsZ4","libc","libc","FUNC","1","IMPLEMENTED_HLE","1","expf","src\SharpEmu.Libs\LibcCompat\LibcMathCompilerRuntimeExports.cs"
"cpCOXWMgha0","libc","libc","FUNC","1","NO_HLE_EXPORT","0","",""
"5OqszGpy7Mg","libc","libc","FUNC","1","IMPLEMENTED_HLE","1","strtoull","src\SharpEmu.Libs\LibcCompat\LibcRuntimeExpansionV46Exports.cs"
"0nV21JjYCH8","libc","libc","FUNC","1","IMPLEMENTED_HLE","1","wcsncpy","src\SharpEmu.Libs\Kernel\KernelMemoryCompatExports.cs"
"g8cM39EUZ6o","libSceSysmodule","libSceSysmodule","FUNC","1","IMPLEMENTED_HLE","1","sceSysmoduleLoadModule","src\SharpEmu.Libs\Kernel\KernelRuntimeCompatExports.cs"
"0aR2aWmQal4","libSceNpCommerce","libSceNpCommerce","FUNC","1","NO_HLE_EXPORT","0","",""
"m-I92Ab50W8","libSceNpCommerce","libSceNpCommerce","FUNC","1","NO_HLE_EXPORT","0","",""
"eR2bZFAAU0Q","libSceSysmodule","libSceSysmodule","FUNC","1","IMPLEMENTED_HLE","1","sceSysmoduleUnloadModule","src\SharpEmu.Libs\Kernel\KernelRuntimeCompatExports.cs"
"eiqMCt9UshI","libSceNpManager","libSceNpManager","FUNC","1","NO_HLE_EXPORT","0","",""
"S7QTn72PrDw","libSceNpManager","libSceNpManager","FUNC","1","IMPLEMENTED_HLE","1","sceNpDeleteRequest","src\SharpEmu.Libs\Np\NpManagerExports.cs"
"O80NrhUOPGY","libSceNpManager","libSceNpManager","FUNC","1","NO_HLE_EXPORT","0","",""
"uqcPJLWL08M","libSceNpManager","libSceNpManager","FUNC","1","NO_HLE_EXPORT","0","",""
"OzKvTvg3ZYU","libSceNpManager","libSceNpManager","FUNC","1","NO_HLE_EXPORT","0","",""
"DfSCDRA3EjY","libSceNpCommerce","libSceNpCommerce","FUNC","1","NO_HLE_EXPORT","0","",""
"LR5cwFMMCVE","libSceNpCommerce","libSceNpCommerce","FUNC","1","NO_HLE_EXPORT","0","",""
"r42bWcQbtZY","libSceNpCommerce","libSceNpCommerce","FUNC","1","NO_HLE_EXPORT","0","",""
"su7jW3VDDb4","libSceNpUniversalDataSystem","libSceNpUniversalDataSystem","FUNC","1","NO_HLE_EXPORT","0","",""
"p+GcLqwpL9M","libSceNpUniversalDataSystem","libSceNpUniversalDataSystem","FUNC","1","IMPLEMENTED_HLE","1","sceNpUniversalDataSystemCreateEvent","src\SharpEmu.Libs\Np\NpUniversalDataSystemExports.cs"
"YE4dbtbz6OE","libSceNpUniversalDataSystem","libSceNpUniversalDataSystem","FUNC","1","NO_HLE_EXPORT","0","",""
"wG+84pnNIuo","libSceNpUniversalDataSystem","libSceNpUniversalDataSystem","FUNC","1","IMPLEMENTED_HLE","1","sceNpUniversalDataSystemDestroyEvent","src\SharpEmu.Libs\Np\NpUniversalDataSystemExports.cs"
"zO9UL3qIINQ","libSceRtc","libSceRtc","FUNC","1","IMPLEMENTED_HLE","1","sceRtcGetCurrentNetworkTick","src\SharpEmu.Libs\Rtc\RtcExports.cs"
"MfDb+4Nln64","libSceNpUniversalDataSystem","libSceNpUniversalDataSystem","FUNC","1","IMPLEMENTED_HLE","1","sceNpUniversalDataSystemEventPropertyObjectSetString","src\SharpEmu.Libs\Np\NpUniversalDataSystemExports.cs"
"Hm7qubT3b70","libSceNpUniversalDataSystem","libSceNpUniversalDataSystem","FUNC","1","NO_HLE_EXPORT","0","",""
"JmgwKm96Lq4","libSceNpUniversalDataSystem","libSceNpUniversalDataSystem","FUNC","1","NO_HLE_EXPORT","0","",""
"Wxbg5x3pTXA","libSceNpUniversalDataSystem","libSceNpUniversalDataSystem","FUNC","1","IMPLEMENTED_HLE","1","sceNpUniversalDataSystemEventPropertyObjectSetArray","src\SharpEmu.Libs\Np\NpUniversalDataSystemExports.cs"
"W-0xwY0ZMjw","libSceNpUniversalDataSystem","libSceNpUniversalDataSystem","FUNC","1","NO_HLE_EXPORT","0","",""
"ob5xAW4ln-0","libc","libc","FUNC","1","IMPLEMENTED_HLE","1","strchr","src\SharpEmu.Libs\Kernel\KernelMemoryCompatExports.cs"
"4llLk7YJRTE","libSceNpUniversalDataSystem","libSceNpUniversalDataSystem","FUNC","1","IMPLEMENTED_HLE","1","sceNpUniversalDataSystemEventPropertyArraySetString","src\SharpEmu.Libs\Np\NpUniversalDataSystemExports.cs"
"xvsP5Yz6FmY","libSceNpUniversalDataSystem","libSceNpUniversalDataSystem","FUNC","1","NO_HLE_EXPORT","0","",""
"AzD4irAcKE4","libSceNpUniversalDataSystem","libSceNpUniversalDataSystem","FUNC","1","NO_HLE_EXPORT","0","",""
"s6W4Zl4Slgk","libSceNpUniversalDataSystem","libSceNpUniversalDataSystem","FUNC","1","NO_HLE_EXPORT","0","",""
"XY14n3jNIpE","libSceNpUniversalDataSystem","libSceNpUniversalDataSystem","FUNC","1","NO_HLE_EXPORT","0","",""
"kKUH0Viib3c","libSceNpUniversalDataSystem","libSceNpUniversalDataSystem","FUNC","1","NO_HLE_EXPORT","0","",""
"wLlFkwG9UcQ","libc","libc","FUNC","1","NO_HLE_EXPORT","0","",""
"tIhsqj0qsFE","libc","libc","FUNC","1","IMPLEMENTED_HLE","1","free","src\SharpEmu.Libs\Kernel\KernelMemoryCompatExports.cs"
"rbknaUjpqWo","libSceNpManager","libSceNpManager","FUNC","1","IMPLEMENTED_HLE","1","sceNpGetAccountIdA","src\SharpEmu.Libs\Np\NpManagerExports.cs"
"XDncXQIJUSk","libSceNpManager","libSceNpManager","FUNC","1","IMPLEMENTED_HLE","1","sceNpGetOnlineId","src\SharpEmu.Libs\Np\NpManagerExports.cs"
"Y7aJ1uydPMo","libc","libc","FUNC","1","IMPLEMENTED_HLE","1","realloc","src\SharpEmu.Libs\Kernel\KernelMemoryCompatExports.cs"
"gQX+4GDQjpM","libc","libc","FUNC","1","IMPLEMENTED_HLE","1","malloc","src\SharpEmu.Libs\Kernel\KernelMemoryCompatExports.cs"
"E8wCoUEbfzk","libc","libc","FUNC","1","IMPLEMENTED_HLE","1","wcsncmp","src\SharpEmu.Libs\Kernel\KernelMemoryCompatExports.cs"
"9rMML086SEE","libc","libc","FUNC","1","NO_HLE_EXPORT","0","",""
"hEQ2Yi4PJXA","libc","libc","FUNC","1","NO_HLE_EXPORT","0","",""
"kALvdgEv5ME","libc","libc","FUNC","1","NO_HLE_EXPORT","0","",""
"hqi8yMOCmG0","libc","libc","FUNC","1","NO_HLE_EXPORT","0","",""
"QxqK-IdpumU","libc","libc","FUNC","1","NO_HLE_EXPORT","0","",""
"zS94yyJRSUs","libc","libc","FUNC","1","NO_HLE_EXPORT","0","",""
"p6LrHjIQMdk","libc","libc","FUNC","1","NO_HLE_EXPORT","0","",""
"9nf8joUTSaQ","libc","libc","FUNC","1","NO_HLE_EXPORT","0","",""
"WViwxtEKxHk","libc","libc","FUNC","1","NO_HLE_EXPORT","0","",""
"FjZCPmK0SbA","libc","libc","OBJECT","1","NO_HLE_EXPORT","0","",""
"H4fcpQOpc08","libc","libc","OBJECT","1","NO_HLE_EXPORT","0","",""
"uuga3RipCKQ","libc","libc","FUNC","1","NO_HLE_EXPORT","0","",""
"iPBqs+YUUFw","libc","libc","FUNC","1","IMPLEMENTED_HLE","1","_Atomic_fetch_add_4","src\SharpEmu.Libs\LibcCompat\LibcRuntimeExpansionV46Exports.cs"
"2HnmKiLmV6s","libc","libc","FUNC","1","IMPLEMENTED_HLE","1","_Atomic_fetch_sub_4","src\SharpEmu.Libs\LibcCompat\LibcRuntimeExpansionV46Exports.cs"
"Pu0Ecyk-7FU","libc","libc","FUNC","1","NO_HLE_EXPORT","0","",""
"Xjoosiw+XPI","libkernel","libkernel","FUNC","1","IMPLEMENTED_HLE","1","sceKernelUuidCreate","src\SharpEmu.Libs\Kernel\KernelRuntimeCompatExports.cs"
"obuxdTiwkF8","libSceNetCtl","libSceNetCtl","FUNC","1","IMPLEMENTED_HLE","1","sceNetCtlGetInfo","src\SharpEmu.Libs\Network\NetCtlExports.cs"
"JO4yuTuMoKI","libSceNetCtl","libSceNetCtl","FUNC","1","IMPLEMENTED_HLE","1","sceNetCtlGetNatInfo","src\SharpEmu.Libs\Network\NetCtlExports.cs"
"JT+t00a3TxA","libSceNpManager","libSceNpManager","FUNC","1","IMPLEMENTED_HLE","1","sceNpGetAccountCountryA","src\SharpEmu.Libs\Np\NpManagerExports.cs"
"GpLQDNKICac","libSceNpManager","libSceNpManager","FUNC","1","NO_HLE_EXPORT","0","",""
"3Tcz5bNCfZQ","libSceNpManager","libSceNpManager","FUNC","1","NO_HLE_EXPORT","0","",""
"aesyjrHVWy4","libc","libc","FUNC","1","IMPLEMENTED_HLE","1","strncmp","src\SharpEmu.Libs\Kernel\KernelMemoryCompatExports.cs"
"wZi5ly2guNw","libc","libc","FUNC","1","NO_HLE_EXPORT","0","",""
"5PfqUBaQf4g","libc","libc","OBJECT","1","NO_HLE_EXPORT","0","",""
"pztV4AF18iI","libc","libc","FUNC","1","IMPLEMENTED_HLE","1","sincosf","src\SharpEmu.Libs\LibcCompat\RuntimePosixRemainingExportsV54.cs"
"3RQ5aQfnstU","libSceSystemService","libSceSystemService","FUNC","1","IMPLEMENTED_HLE","1","sceSystemServiceGetNoticeScreenSkipFlag","src\SharpEmu.Libs\SystemService\SystemServiceExports.cs"
"-sD02mFDBh4","libSceUserService","libSceUserService","FUNC","1","IMPLEMENTED_HLE","1","sceUserServiceGetGamePresets","src\SharpEmu.Libs\UserService\UserServiceExports.cs"
"MpxhMh8QFro","libc","libc","FUNC","1","IMPLEMENTED_HLE","1","fwrite","src\SharpEmu.Libs\LibcStdioExports.cs"
"Q1BL70XVV0o","libc","libc","FUNC","1","NO_HLE_EXPORT","0","",""
"2vDqwBlpF-o","libc","libc","FUNC","1","IMPLEMENTED_HLE","1","strtod","src\SharpEmu.Libs\LibcCompat\LibcRuntimeExpansionV46Exports.cs"
"tcVi5SivF7Q","libc","libc","FUNC","1","IMPLEMENTED_HLE","1","sprintf","src\SharpEmu.Libs\Kernel\KernelMemoryCompatExports.cs"
"xeYO4u7uyJ0","libc","libc","FUNC","1","IMPLEMENTED_HLE","1","fopen","src\SharpEmu.Libs\LibcStdioExports.cs"
"uodLYyUip20","libc","libc","FUNC","1","IMPLEMENTED_HLE","1","fclose","src\SharpEmu.Libs\LibcStdioExports.cs"
"rQFVBXp-Cxg","libc","libc","FUNC","1","IMPLEMENTED_HLE","1","fseek","src\SharpEmu.Libs\LibcStdioExports.cs"
"Qazy8LmXTvw","libc","libc","FUNC","1","IMPLEMENTED_HLE","1","ftell","src\SharpEmu.Libs\LibcStdioExports.cs"
"lbB+UlZqVG0","libc","libc","FUNC","1","IMPLEMENTED_HLE","1","fread","src\SharpEmu.Libs\LibcStdioExports.cs"
"AHxyhN96dy4","libc","libc","FUNC","1","IMPLEMENTED_HLE","1","ferror","src\SharpEmu.Libs\LibcStdioExports.cs"
"pKwslsMUmSk","libc","libc","FUNC","1","IMPLEMENTED_HLE","1","fmod","src\SharpEmu.Libs\LibcCompat\LibcMathCompilerRuntimeExports.cs"
"V23qt24VPVs","libc","libc","FUNC","1","NO_HLE_EXPORT","0","",""
"yLE5H3058Ao","libc","libc","OBJECT","1","NO_HLE_EXPORT","0","",""
"DuW5ZqZv-70","libc","libc","FUNC","1","NO_HLE_EXPORT","0","",""
"N2f485TmJms","libc","libc","FUNC","1","NO_HLE_EXPORT","0","",""
"-L+-8F0+gBc","libc","libc","OBJECT","1","NO_HLE_EXPORT","0","",""
"oe9tS0VztYk","libc","libc","FUNC","1","NO_HLE_EXPORT","0","",""
"FQ9NFbBHb5Y","libc","libc","OBJECT","1","NO_HLE_EXPORT","0","",""
"wiR+rIcbnlc","libc","libc","OBJECT","1","NO_HLE_EXPORT","0","",""
"tyHd3P7oDrU","libc","libc","FUNC","1","IMPLEMENTED_HLE","1","_ZNKSt9exception8_DoraiseEv","src\SharpEmu.Libs\LibcCompat\V51ExportsPart01.cs"
"Ujf3KzMvRmI","libc","libc","FUNC","1","IMPLEMENTED_HLE","1","memalign","src\SharpEmu.Libs\Kernel\KernelMemoryCompatExports.cs"
"RqeErO3cFHU","libc","libc","FUNC","1","NO_HLE_EXPORT","0","",""
"pO96TwzOm5E","libkernel","libkernel","FUNC","1","IMPLEMENTED_HLE","1","sceKernelGetDirectMemorySize","src\SharpEmu.Libs\Kernel\KernelMemoryCompatExports.cs"
"C0f7TJcbfac","libkernel","libkernel","FUNC","1","IMPLEMENTED_HLE","1","sceKernelAvailableDirectMemorySize","src\SharpEmu.Libs\Kernel\KernelMemoryCompatExports.cs"
"rTXw65xmLIA","libkernel","libkernel","FUNC","1","IMPLEMENTED_HLE","1","sceKernelAllocateDirectMemory","src\SharpEmu.Libs\Kernel\KernelMemoryCompatExports.cs"
"L-Q3LEjIbgA","libkernel","libkernel","FUNC","1","IMPLEMENTED_HLE","1","sceKernelMapDirectMemory","src\SharpEmu.Libs\Kernel\KernelMemoryCompatExports.cs"
"BohYr-F7-is","libkernel","libkernel","FUNC","1","IMPLEMENTED_HLE","1","sceKernelSetPrtAperture","src\SharpEmu.Libs\Kernel\KernelRuntimeCompatExports.cs"
"aNz11fnnzi4","libkernel","libkernel","FUNC","1","IMPLEMENTED_HLE","1","sceKernelAvailableFlexibleMemorySize","src\SharpEmu.Libs\Kernel\KernelMemoryCompatExports.cs"
"7oxv3PPCumo","libkernel","libkernel","FUNC","1","IMPLEMENTED_HLE","1","sceKernelReserveVirtualRange","src\SharpEmu.Libs\Kernel\KernelRuntimeCompatExports.cs"
"IWIBBdTHit4","libkernel","libkernel","FUNC","1","IMPLEMENTED_HLE","1","sceKernelMapFlexibleMemory","src\SharpEmu.Libs\Kernel\KernelMemoryCompatExports.cs"
"rVjRvHJ0X6c","libkernel","libkernel","FUNC","1","IMPLEMENTED_HLE","1","sceKernelVirtualQuery","src\SharpEmu.Libs\Kernel\KernelMemoryCompatExports.cs"
"2SKEx6bSq-4","libkernel","libkernel","FUNC","1","IMPLEMENTED_HLE","1","sceKernelBatchMap","src\SharpEmu.Libs\Kernel\KernelMemoryCompatExports.cs"
"SRI6S9B+-a4","libc","libc","FUNC","1","NO_HLE_EXPORT","0","",""
"-kU6bB4M-+k","libc","libc","FUNC","1","IMPLEMENTED_HLE","1","strspn","src\SharpEmu.Libs\LibcCompat\LibcMemoryStringExports.cs"
"q0F6yS-rCms","libc","libc","FUNC","1","IMPLEMENTED_HLE","1","strcspn","src\SharpEmu.Libs\LibcCompat\LibcMemoryStringExports.cs"
"m5wN+SwZOR4","libc","libc","FUNC","1","NO_HLE_EXPORT","0","",""
"Ls4tzzhimqQ","libc","libc","FUNC","1","IMPLEMENTED_HLE","1","strcat","src\SharpEmu.Libs\Kernel\KernelMemoryCompatExports.cs"
"1G3lF1Gg1k8","libkernel","libkernel","FUNC","1","IMPLEMENTED_HLE","1","sceKernelOpen","src\SharpEmu.Libs\Kernel\KernelExports.cs"
"eV9wAD2riIA","libkernel","libkernel","FUNC","1","IMPLEMENTED_HLE","1","sceKernelStat","src\SharpEmu.Libs\Kernel\KernelMemoryCompatExports.cs"
"UK2Tl2DWUns","libkernel","libkernel","FUNC","1","IMPLEMENTED_HLE","1","sceKernelClose","src\SharpEmu.Libs\Kernel\KernelMemoryCompatExports.cs"
"oib76F-12fk","libkernel","libkernel","FUNC","1","IMPLEMENTED_HLE","1","sceKernelLseek","src\SharpEmu.Libs\Kernel\KernelMemoryCompatExports.cs"
"Cg4srZ6TKbU","libkernel","libkernel","FUNC","1","IMPLEMENTED_HLE","1","sceKernelRead","src\SharpEmu.Libs\Kernel\KernelMemoryCompatExports.cs"
"+r3rMFwItV4","libkernel","libkernel","FUNC","1","IMPLEMENTED_HLE","1","sceKernelPread","src\SharpEmu.Libs\Kernel\KernelGraphicsResourceIoV55Exports.cs"
"4wSze92BhLI","libkernel","libkernel","FUNC","1","IMPLEMENTED_HLE","1","sceKernelWrite","src\SharpEmu.Libs\Kernel\KernelMemoryCompatExports.cs"
"VW3TVZiM4-E","libkernel","libkernel","FUNC","1","NO_HLE_EXPORT","0","",""
"fTx66l5iWIA","libkernel","libkernel","FUNC","1","NO_HLE_EXPORT","0","",""
"kBwCPsYX-m4","libkernel","libkernel","FUNC","1","IMPLEMENTED_HLE","1","sceKernelFstat","src\SharpEmu.Libs\Kernel\KernelMemoryCompatExports.cs"
"1-LFLmRFxxM","libkernel","libkernel","FUNC","1","IMPLEMENTED_HLE","1","sceKernelMkdir","src\SharpEmu.Libs\Kernel\KernelMemoryCompatExports.cs"
"1j3S3n-tTW4","libkernel","libkernel","FUNC","1","IMPLEMENTED_HLE","1","sceKernelGetTscFrequency","src\SharpEmu.Libs\Kernel\KernelRuntimeCompatExports.cs"
"fiiNDnNBKVY","libc","libc","FUNC","1","NO_HLE_EXPORT","0","",""
"5bBacGLyLOs","libc","libc","FUNC","1","NO_HLE_EXPORT","0","",""
"n7AepwR0s34","libc","libc","FUNC","1","NO_HLE_EXPORT","0","",""
"efhK-YSUYYQ","libc","libc","FUNC","1","NO_HLE_EXPORT","0","",""
"q+9E0X3aWpU","libc","libc","FUNC","1","NO_HLE_EXPORT","0","",""
"F8bUHwAG284","libkernel","libkernel","FUNC","1","IMPLEMENTED_HLE","1","scePthreadMutexattrInit","src\SharpEmu.Libs\Kernel\KernelPthreadCompatExports.cs"
"iMp8QpE+XO4","libkernel","libkernel","FUNC","1","IMPLEMENTED_HLE","1","scePthreadMutexattrSettype","src\SharpEmu.Libs\Kernel\KernelPthreadCompatExports.cs"
"cmo1RIYva9o","libkernel","libkernel","FUNC","1","IMPLEMENTED_HLE","1","scePthreadMutexInit","src\SharpEmu.Libs\Kernel\KernelPthreadCompatExports.cs"
"smWEktiyyG0","libkernel","libkernel","FUNC","1","IMPLEMENTED_HLE","1","scePthreadMutexattrDestroy","src\SharpEmu.Libs\Kernel\KernelPthreadCompatExports.cs"
"2Of0f+3mhhE","libkernel","libkernel","FUNC","1","IMPLEMENTED_HLE","1","scePthreadMutexDestroy","src\SharpEmu.Libs\Kernel\KernelPthreadCompatExports.cs"
"9UK1vLZQft4","libkernel","libkernel","FUNC","1","IMPLEMENTED_HLE","1","scePthreadMutexLock","src\SharpEmu.Libs\Kernel\KernelPthreadCompatExports.cs"
"upoVrzMHFeE","libkernel","libkernel","FUNC","1","IMPLEMENTED_HLE","1","scePthreadMutexTrylock","src\SharpEmu.Libs\Kernel\KernelPthreadCompatExports.cs"
"tn3VlD0hG60","libkernel","libkernel","FUNC","1","IMPLEMENTED_HLE","1","scePthreadMutexUnlock","src\SharpEmu.Libs\Kernel\KernelPthreadCompatExports.cs"
"BpFoboUJoZU","libkernel","libkernel","FUNC","1","IMPLEMENTED_HLE","1","sceKernelCreateEventFlag","src\SharpEmu.Libs\Kernel\KernelEventFlagCompatExports.cs"
"8mql9OcQnd4","libkernel","libkernel","FUNC","1","IMPLEMENTED_HLE","1","sceKernelDeleteEventFlag","src\SharpEmu.Libs\Kernel\KernelEventFlagCompatExports.cs"
"IOnSvHzqu6A","libkernel","libkernel","FUNC","1","IMPLEMENTED_HLE","1","sceKernelSetEventFlag","src\SharpEmu.Libs\Kernel\KernelEventFlagCompatExports.cs"
"7uhBFWRAS60","libkernel","libkernel","FUNC","1","IMPLEMENTED_HLE","1","sceKernelClearEventFlag","src\SharpEmu.Libs\Kernel\KernelEventFlagCompatExports.cs"
"9lvj5DjHZiA","libkernel","libkernel","FUNC","1","IMPLEMENTED_HLE","1","sceKernelPollEventFlag","src\SharpEmu.Libs\Kernel\KernelEventFlagCompatExports.cs"
"JTvBflhYazQ","libkernel","libkernel","FUNC","1","IMPLEMENTED_HLE","1","sceKernelWaitEventFlag","src\SharpEmu.Libs\Kernel\KernelEventFlagCompatExports.cs"
"1jfXLRVzisc","libkernel","libkernel","FUNC","1","IMPLEMENTED_HLE","1","sceKernelUsleep","src\SharpEmu.Libs\Kernel\KernelRuntimeCompatExports.cs"
"nsYoNRywwNg","libkernel","libkernel","FUNC","1","IMPLEMENTED_HLE","1","scePthreadAttrInit","src\SharpEmu.Libs\Kernel\KernelPthreadExtendedCompatExports.cs"
"-Wreprtu0Qs","libkernel","libkernel","FUNC","1","IMPLEMENTED_HLE","1","scePthreadAttrSetdetachstate","src\SharpEmu.Libs\Kernel\KernelPthreadExtendedCompatExports.cs"
"UTXzJbWhhTE","libkernel","libkernel","FUNC","1","IMPLEMENTED_HLE","1","scePthreadAttrSetstacksize","src\SharpEmu.Libs\Kernel\KernelPthreadExtendedCompatExports.cs"
"eXbUSpEaTsA","libkernel","libkernel","FUNC","1","IMPLEMENTED_HLE","1","scePthreadAttrSetinheritsched","src\SharpEmu.Libs\Kernel\KernelPthreadExtendedCompatExports.cs"
"4+h9EzwKF4I","libkernel","libkernel","FUNC","1","IMPLEMENTED_HLE","1","scePthreadAttrSetschedpolicy","src\SharpEmu.Libs\Kernel\KernelPthreadExtendedCompatExports.cs"
"DzES9hQF4f4","libkernel","libkernel","FUNC","1","IMPLEMENTED_HLE","1","scePthreadAttrSetschedparam","src\SharpEmu.Libs\Kernel\KernelPthreadExtendedCompatExports.cs"
"3qxgM4ezETA","libkernel","libkernel","FUNC","1","IMPLEMENTED_HLE","1","scePthreadAttrSetaffinity","src\SharpEmu.Libs\Kernel\KernelPthreadExtendedCompatExports.cs"
"6UgtwV+0zb4","libkernel","libkernel","FUNC","1","IMPLEMENTED_HLE","1","scePthreadCreate","src\SharpEmu.Libs\Kernel\KernelExports.cs"
"62KCwEMmzcM","libkernel","libkernel","FUNC","1","IMPLEMENTED_HLE","1","scePthreadAttrDestroy","src\SharpEmu.Libs\Kernel\KernelPthreadExtendedCompatExports.cs"
"W0Hpm2X0uPE","libkernel","libkernel","FUNC","1","IMPLEMENTED_HLE","1","scePthreadSetprio","src\SharpEmu.Libs\Kernel\KernelPthreadExtendedCompatExports.cs"
"onNY9Byn-W8","libkernel","libkernel","FUNC","1","IMPLEMENTED_HLE","1","scePthreadJoin","src\SharpEmu.Libs\Kernel\KernelExports.cs"
"T72hz6ffq08","libkernel","libkernel","FUNC","1","IMPLEMENTED_HLE","1","scePthreadYield","src\SharpEmu.Libs\Kernel\KernelPthreadCompatExports.cs"
"rcrVFJsQWRY","libkernel","libkernel","FUNC","1","IMPLEMENTED_HLE","1","scePthreadGetaffinity","src\SharpEmu.Libs\Kernel\KernelPthreadExtendedCompatExports.cs"
"bt3CTBKmGyI","libkernel","libkernel","FUNC","1","IMPLEMENTED_HLE","1","scePthreadSetaffinity","src\SharpEmu.Libs\Kernel\KernelPthreadExtendedCompatExports.cs"
"JeNX5F-NzQU","libSceFiber","libSceFiber","FUNC","1","IMPLEMENTED_HLE","1","sceFiberFinalize","src\SharpEmu.Libs\Fiber\FiberExports.cs"
"asjUJJ+aa8s","libSceFiber","libSceFiber","FUNC","1","IMPLEMENTED_HLE","1","sceFiberOptParamInitialize","src\SharpEmu.Libs\Fiber\FiberExports.cs"
"hVYD7Ou2pCQ","libSceFiber","libSceFiber","FUNC","1","IMPLEMENTED_HLE","1","_sceFiberInitializeImpl","src\SharpEmu.Libs\Fiber\FiberExports.cs"
"a0LLrZWac0M","libSceFiber","libSceFiber","FUNC","1","IMPLEMENTED_HLE","1","sceFiberRun","src\SharpEmu.Libs\Fiber\FiberExports.cs"
"B0ZX2hx9DMw","libSceFiber","libSceFiber","FUNC","1","IMPLEMENTED_HLE","1","sceFiberReturnToThread","src\SharpEmu.Libs\Fiber\FiberExports.cs"
"PFT2S-tJ7Uk","libSceFiber","libSceFiber","FUNC","1","IMPLEMENTED_HLE","1","sceFiberSwitch","src\SharpEmu.Libs\Fiber\FiberExports.cs"
"uq2Y5BFz0PE","libSceFiber","libSceFiber","FUNC","1","IMPLEMENTED_HLE","1","sceFiberGetInfo","src\SharpEmu.Libs\Fiber\FiberExports.cs"
"JzyT91ucGDc","libSceFiber","libSceFiber","FUNC","1","IMPLEMENTED_HLE","1","sceFiberRename","src\SharpEmu.Libs\Fiber\FiberExports.cs"
"1Pk0qZQGeWo","libc","libc","FUNC","1","NO_HLE_EXPORT","0","",""
"8zLSfEfW5AU","libkernel","libSceCoredump","FUNC","1","IMPLEMENTED_HLE","1","sceCoredumpRegisterCoredumpHandler","src\SharpEmu.Libs\Kernel\KernelExports.cs"
"Dbbkj6YHWdo","libkernel","libSceCoredump","FUNC","1","NO_HLE_EXPORT","0","",""
"fFkhOgztiCA","libkernel","libSceCoredump","FUNC","1","NO_HLE_EXPORT","0","",""
"tU5e3f9gSiU","libkernel","libkernel","FUNC","1","IMPLEMENTED_HLE","1","sceKernelIsTrinityMode","src\SharpEmu.Libs\Kernel\KernelExports.cs"
"4oXYe9Xmk0Q","libkernel","libkernel","FUNC","1","IMPLEMENTED_HLE","1","sceKernelGetGPI","src\SharpEmu.Libs\Kernel\KernelRuntimeCompatExports.cs"
"2sWzhYqFH4E","libc","libc","OBJECT","1","NO_HLE_EXPORT","0","",""
"QrZZdJ8XsX0","libc","libc","FUNC","1","IMPLEMENTED_HLE","1","fputs","src\SharpEmu.Libs\Kernel\KernelMemoryCompatExports.cs"
"JoBqSQt1yyA","libSceSystemService","libSceSystemService","FUNC","1","NO_HLE_EXPORT","0","",""
"RQXLbdT2lc4","libc","libc","FUNC","1","IMPLEMENTED_HLE","1","logf","src\SharpEmu.Libs\LibcCompat\LibcMathCompilerRuntimeExports.cs"
"c8D9qIjo8EY","libSceHttp2","libSceHttp2","FUNC","1","NO_HLE_EXPORT","0","",""
"LJDwdSNTnDg","libkernel","libkernel","FUNC","1","IMPLEMENTED_HLE","1","sceKernelDeleteUserEvent","src\SharpEmu.Libs\Kernel\KernelEventQueueCompatExports.cs"
"4R6-OvI2cEA","libkernel","libkernel","FUNC","1","IMPLEMENTED_HLE","1","sceKernelAddUserEvent","src\SharpEmu.Libs\Kernel\KernelEventQueueCompatExports.cs"
"A+NVAFu4eCg","libSceHttp2","libSceHttp2","FUNC","1","NO_HLE_EXPORT","0","",""
"IZ-qjhRqvjk","libSceHttp2","libSceHttp2","FUNC","1","NO_HLE_EXPORT","0","",""
"23CPPI1tyBY","libkernel","libkernel","FUNC","1","IMPLEMENTED_HLE","1","sceKernelGetEventFilter","src\SharpEmu.Libs\Kernel\KernelEventQueueCompatExports.cs"
"mJ7aghmgvfc","libkernel","libkernel","FUNC","1","IMPLEMENTED_HLE","1","sceKernelGetEventId","src\SharpEmu.Libs\Kernel\KernelEventQueueCompatExports.cs"
"MOp-AUhdfi8","libSceHttp2","libSceHttp2","FUNC","1","NO_HLE_EXPORT","0","",""
"-rdXUi2XW90","libSceHttp2","libSceHttp2","FUNC","1","NO_HLE_EXPORT","0","",""
"9XYJwCf3lEA","libSceHttp2","libSceHttp2","FUNC","1","NO_HLE_EXPORT","0","",""
"o0DBQpFE13o","libSceHttp2","libSceHttp2","FUNC","1","NO_HLE_EXPORT","0","",""
"bGN-6zbo7ms","libSceHttp2","libSceHttp2","FUNC","1","NO_HLE_EXPORT","0","",""
"fZo48un7LK4","libSceSystemService","libSceSystemService","FUNC","1","IMPLEMENTED_HLE","1","sceSystemServiceParamGetInt","src\SharpEmu.Libs\SystemService\SystemServiceExports.cs"
"9LCjpWyQ5Zc","libc","libc","FUNC","1","IMPLEMENTED_HLE","1","pow","src\SharpEmu.Libs\LibcCompat\LibcMathCompilerRuntimeExports.cs"
"QI-x0SL8jhw","libc","libc","FUNC","1","IMPLEMENTED_HLE","1","acosf","src\SharpEmu.Libs\LibcCompat\LibcMathCompilerRuntimeExports.cs"
"Q4rRL34CEeE","libc","libc","FUNC","1","IMPLEMENTED_HLE","1","sinf","src\SharpEmu.Libs\LibcCompat\LibcMathCompilerRuntimeExports.cs"
"dgJBaeJnGpo","libSceNet","libSceNet","FUNC","1","IMPLEMENTED_HLE","1","sceNetPoolCreate","src\SharpEmu.Libs\Network\NetExports.cs"
"hdpVEUDFW3s","libSceSsl","libSceSsl","FUNC","1","IMPLEMENTED_HLE","1","sceSslInit","src\SharpEmu.Libs\Network\SslExports.cs"
"3JCe3lCbQ8A","libSceHttp2","libSceHttp2","FUNC","1","IMPLEMENTED_HLE","1","sceHttp2Init","src\SharpEmu.Libs\Network\Http2Exports.cs"
"+wCt7fCijgk","libSceHttp2","libSceHttp2","FUNC","1","NO_HLE_EXPORT","0","",""
"D0OdFMjp46I","libkernel","libkernel","FUNC","1","IMPLEMENTED_HLE","1","sceKernelCreateEqueue","src\SharpEmu.Libs\Kernel\KernelEventQueueCompatExports.cs"
"jpFjmgAC5AE","libkernel","libkernel","FUNC","1","IMPLEMENTED_HLE","1","sceKernelDeleteEqueue","src\SharpEmu.Libs\Kernel\KernelEventQueueCompatExports.cs"
"pDom5-078DA","libSceHttp2","libSceHttp2","FUNC","1","NO_HLE_EXPORT","0","",""
"YiBUtz-pGkc","libSceHttp2","libSceHttp2","FUNC","1","IMPLEMENTED_HLE","1","sceHttp2Term","src\SharpEmu.Libs\Network\Http2Exports.cs"
"0K1yQ6Lv-Yc","libSceSsl","libSceSsl","FUNC","1","IMPLEMENTED_HLE","1","sceSslTerm","src\SharpEmu.Libs\Network\SslExports.cs"
"K7RlrTkI-mw","libSceNet","libSceNet","FUNC","1","IMPLEMENTED_HLE","1","sceNetPoolDestroy","src\SharpEmu.Libs\Network\NetExports.cs"
"fzyMKs9kim0","libkernel","libkernel","FUNC","1","IMPLEMENTED_HLE","1","sceKernelWaitEqueue","src\SharpEmu.Libs\Kernel\KernelEventQueueCompatExports.cs"
"YuOW3dDAKYc","libSceHttp","libSceHttp","FUNC","1","NO_HLE_EXPORT","0","",""
"mmyOCxQMVYQ","libSceHttp2","libSceHttp2","FUNC","1","NO_HLE_EXPORT","0","",""
"nrPfOE8TQu0","libSceHttp2","libSceHttp2","FUNC","1","NO_HLE_EXPORT","0","",""
"Rbvt+5Y2iEw","libSceNet","libSceNet","FUNC","1","IMPLEMENTED_HLE","1","sceNetNtohs","src\SharpEmu.Libs\Network\NetExports.cs"
"gky0+oaNM4k","libSceNetCtl","libSceNetCtl","FUNC","1","IMPLEMENTED_HLE","1","sceNetCtlInit","src\SharpEmu.Libs\Network\NetCtlExports.cs"
"Z4wwCFiBELQ","libSceNetCtl","libSceNetCtl","FUNC","1","IMPLEMENTED_HLE","1","sceNetCtlTerm","src\SharpEmu.Libs\Network\NetCtlExports.cs"
"pQGpHYopAIY","libSceNet","libSceNet","FUNC","1","IMPLEMENTED_HLE","1","sceNetNtohl","src\SharpEmu.Libs\Network\NetExports.cs"
"9T2pDF2Ryqg","libSceNet","libSceNet","FUNC","1","IMPLEMENTED_HLE","1","sceNetHtonl","src\SharpEmu.Libs\Network\NetExports.cs"
"iWQWrwiSt8A","libSceNet","libSceNet","FUNC","1","IMPLEMENTED_HLE","1","sceNetHtons","src\SharpEmu.Libs\Network\NetExports.cs"
"8Kcp5d-q1Uo","libSceNet","libSceNet","FUNC","1","IMPLEMENTED_HLE","1","sceNetInetPton","src\SharpEmu.Libs\Network\NetExports.cs"
"9vA2aW+CHuA","libSceNet","libSceNet","FUNC","1","NO_HLE_EXPORT","0","",""
"9BcDykPmo1I","libkernel","libkernel","FUNC","1","IMPLEMENTED_HLE","1","__error","src\SharpEmu.Libs\Kernel\KernelRuntimeCompatExports.cs"
"Q4qBuN-c0ZM","libSceNet","libSceNet","FUNC","1","IMPLEMENTED_HLE","1","sceNetSocket","src\SharpEmu.Libs\Network\NetExports.cs"
"45ggEzakPJQ","libSceNet","libSceNet","FUNC","1","IMPLEMENTED_HLE","1","sceNetSocketClose","src\SharpEmu.Libs\Network\NetExports.cs"
"bErx49PgxyY","libSceNet","libSceNet","FUNC","1","IMPLEMENTED_HLE","1","sceNetBind","src\SharpEmu.Libs\Network\NetExports.cs"
"OXXX4mUk3uk","libSceNet","libSceNet","FUNC","1","NO_HLE_EXPORT","0","",""
"PIWqhn9oSxc","libSceNet","libSceNet","FUNC","1","IMPLEMENTED_HLE","1","sceNetAccept","src\SharpEmu.Libs\Network\NetExports.cs"
"kOj1HiAGE54","libSceNet","libSceNet","FUNC","1","IMPLEMENTED_HLE","1","sceNetListen","src\SharpEmu.Libs\Network\NetExports.cs"
"beRjXBn-z+o","libSceNet","libSceNet","FUNC","1","NO_HLE_EXPORT","0","",""
"9wO9XrMsNhc","libSceNet","libSceNet","FUNC","1","NO_HLE_EXPORT","0","",""
"T8fER+tIGgk","libkernel","libScePosix","FUNC","1","NO_HLE_EXPORT","0","",""
"gvD1greCu0A","libSceNet","libSceNet","FUNC","1","NO_HLE_EXPORT","0","",""
"304ooNZxWDY","libSceNet","libSceNet","FUNC","1","NO_HLE_EXPORT","0","",""
"hLuXdjHnhiI","libSceNet","libSceNet","FUNC","1","NO_HLE_EXPORT","0","",""
"2mKX2Spso7I","libSceNet","libSceNet","FUNC","1","IMPLEMENTED_HLE","1","sceNetSetsockopt","src\SharpEmu.Libs\Network\NetExports.cs"
"xphrZusl78E","libSceNet","libSceNet","FUNC","1","NO_HLE_EXPORT","0","",""
"hoOAofhhRvE","libSceNet","libSceNet","FUNC","1","NO_HLE_EXPORT","0","",""
"IADmD4tScBY","libSceImeDialog","libSceImeDialog","FUNC","1","IMPLEMENTED_HLE","1","sceImeDialogGetStatus","src\SharpEmu.Libs\Ime\ImeDialogExports.cs"
"x01jxu+vxlc","libSceImeDialog","libSceImeDialog","FUNC","1","IMPLEMENTED_HLE","1","sceImeDialogGetResult","src\SharpEmu.Libs\Ime\ImeDialogExports.cs"
"gyTyVn+bXMw","libSceImeDialog","libSceImeDialog","FUNC","1","IMPLEMENTED_HLE","1","sceImeDialogTerm","src\SharpEmu.Libs\Ime\ImeDialogExports.cs"
"NUeBrN7hzf0","libSceImeDialog","libSceImeDialog","FUNC","1","IMPLEMENTED_HLE","1","sceImeDialogInit","src\SharpEmu.Libs\Ime\ImeDialogExports.cs"
"TFyU+KFBv54","libSceNpEntitlementAccess","libSceNpEntitlementAccess","FUNC","1","IMPLEMENTED_HLE","1","sceNpEntitlementAccessGetAddcontEntitlementInfoList","src\SharpEmu.Libs\Np\NpEntitlementAccessExports.cs"
"jO8DM8oyego","libSceNpEntitlementAccess","libSceNpEntitlementAccess","FUNC","1","IMPLEMENTED_HLE","1","sceNpEntitlementAccessInitialize","src\SharpEmu.Libs\Np\NpEntitlementAccessExports.cs"
"ts6GlZOKRrE","libScePlayGo","libScePlayGo","FUNC","1","IMPLEMENTED_HLE","1","scePlayGoInitialize","src\SharpEmu.Libs\PlayGo\PlayGoExports.cs"
"M1Gma1ocrGE","libScePlayGo","libScePlayGo","FUNC","1","IMPLEMENTED_HLE","1","scePlayGoOpen","src\SharpEmu.Libs\PlayGo\PlayGoExports.cs"
"rvBSfTimejE","libScePlayGo","libScePlayGo","FUNC","1","IMPLEMENTED_HLE","1","scePlayGoGetInstallSpeed","src\SharpEmu.Libs\PlayGo\PlayGoExports.cs"
"uWIYLFkkwqk","libScePlayGo","libScePlayGo","FUNC","1","IMPLEMENTED_HLE","1","scePlayGoGetLocus","src\SharpEmu.Libs\PlayGo\PlayGoExports.cs"
"g4AZyxpSAlA","libScePlayGo","libScePlayGo","FUNC","1","NO_HLE_EXPORT","0","",""
"IfiN+-oeVWI","libScePlayGo","libScePlayGo","FUNC","1","NO_HLE_EXPORT","0","",""
"HVAa744ecdw","libScePlayGo","libScePlayGo","FUNC","1","NO_HLE_EXPORT","0","",""
"v6EZ-YWRdMs","libScePlayGo","libScePlayGo","FUNC","1","IMPLEMENTED_HLE","1","scePlayGoGetEta","src\SharpEmu.Libs\PlayGo\PlayGoExports.cs"
"-RJWNMK3fC8","libScePlayGo","libScePlayGo","FUNC","1","IMPLEMENTED_HLE","1","scePlayGoGetProgress","src\SharpEmu.Libs\PlayGo\PlayGoExports.cs"
"4AAcTU9R3XM","libScePlayGo","libScePlayGo","FUNC","1","IMPLEMENTED_HLE","1","scePlayGoSetInstallSpeed","src\SharpEmu.Libs\PlayGo\PlayGoExports.cs"
"-Q1-u1a7p0g","libScePlayGo","libScePlayGo","FUNC","1","IMPLEMENTED_HLE","1","scePlayGoPrefetch","src\SharpEmu.Libs\PlayGo\PlayGoExports.cs"
"Nn7zKwnA5q0","libScePlayGo","libScePlayGo","FUNC","1","IMPLEMENTED_HLE","1","scePlayGoGetToDoList","src\SharpEmu.Libs\PlayGo\PlayGoExports.cs"
"YJtKLttI9fM","libSceGameUpdate","libSceGameUpdate","FUNC","1","IMPLEMENTED_HLE","1","sceGameUpdateInitialize","src\SharpEmu.Libs\GameUpdate\GameUpdateExports.cs"
"UvcvKaFvupA","libSceGameUpdate","libSceGameUpdate","FUNC","1","NO_HLE_EXPORT","0","",""
"LYVV9z8+owM","libSceGameUpdate","libSceGameUpdate","FUNC","1","NO_HLE_EXPORT","0","",""
"bcCyjHN5sn0","libSceGameUpdate","libSceGameUpdate","FUNC","1","NO_HLE_EXPORT","0","",""
"d1CNGEOaK28","libSceGameUpdate","libSceGameUpdate","FUNC","1","NO_HLE_EXPORT","0","",""
"j3YMu1MVNNo","libSceUserService","libSceUserService","FUNC","1","IMPLEMENTED_HLE","1","sceUserServiceInitialize","src\SharpEmu.Libs\UserService\UserServiceExports.cs"
"m87BHxt-H60","libSceNpGameIntent","libSceNpGameIntent","FUNC","1","IMPLEMENTED_HLE","1","sceNpGameIntentInitialize","src\SharpEmu.Libs\NpGameIntent\NpGameIntentExports.cs"
"R9lA82OraNs","libSceAppContentUtil","libSceAppContent","FUNC","1","IMPLEMENTED_HLE","1","sceAppContentInitialize","src\SharpEmu.Libs\AppContent\AppContentExports.cs"
"99b82IKXpH4","libSceAppContentUtil","libSceAppContent","FUNC","1","IMPLEMENTED_HLE","1","sceAppContentAppParamGetInt","src\SharpEmu.Libs\AppContent\AppContentExports.cs"
"Ec63y59l9tw","libSceNpManager","libSceNpManager","FUNC","1","IMPLEMENTED_HLE","1","sceNpSetNpTitleId","src\SharpEmu.Libs\Np\NpManagerExports.cs"
"nBDD66kiFW8","libSceShare","libSceShare","FUNC","1","IMPLEMENTED_HLE","1","sceShareInitialize","src\SharpEmu.Libs\Share\ShareExports.cs"
"7QZtURYnXG4","libSceShare","libSceShare","FUNC","1","IMPLEMENTED_HLE","1","sceShareSetContentParam","src\SharpEmu.Libs\Share\ShareExports.cs"
"yH17Q6NWtVg","libSceUserService","libSceUserService","FUNC","1","IMPLEMENTED_HLE","1","sceUserServiceGetEvent","src\SharpEmu.Libs\UserService\UserServiceExports.cs"
"rPo6tV8D9bM","libSceSystemService","libSceSystemService","FUNC","1","IMPLEMENTED_HLE","1","sceSystemServiceGetStatus","src\SharpEmu.Libs\SystemService\SystemServiceExports.cs"
"656LMQSrg6U","libSceSystemService","libSceSystemService","FUNC","1","NO_HLE_EXPORT","0","",""
"jEIXUAr9XE8","libSceNpGameIntent","libSceNpGameIntent","FUNC","1","NO_HLE_EXPORT","0","",""
"rPl0INNc-M8","libSceNpGameIntent","libSceNpGameIntent","FUNC","1","NO_HLE_EXPORT","0","",""
"mqXwMzp+7pE","libSceNpCppWebApi","libSceNpCppWebApi","FUNC","1","IMPLEMENTED_HLE","1","_ZN3sce2Np9CppWebApi6Common11TransactionINS2_12IntrusivePtrINS1_12Leaderboards2V123RecordScoreResponseBodyEEENS4_INS6_9RecordApi26RecordScoreResponseHeadersEEEEC1Ev","src\SharpEmu.Libs\Np\V50ExportsPart01.cs"
"IQOtjPPUJZM","libSceNpCppWebApi","libSceNpCppWebApi","FUNC","1","NO_HLE_EXPORT","0","",""
"+k2KKLVS+t8","libSceNpCppWebApi","libSceNpCppWebApi","FUNC","1","IMPLEMENTED_HLE","1","_ZN3sce2Np9CppWebApi6Common12IntrusivePtrINS1_12Leaderboards2V122RecordScoreRequestBodyEEC1Ev","src\SharpEmu.Libs\Np\V46ExportsPart14.cs"
"rVdu+F4JFC4","libSceNpCppWebApi","libSceNpCppWebApi","FUNC","1","IMPLEMENTED_HLE","1","_ZN3sce2Np9CppWebApi6Common12IntrusivePtrINS1_12Leaderboards2V123RecordScoreResponseBodyEEC1Ev","src\SharpEmu.Libs\Np\V46ExportsPart14.cs"
"gTiHp+M4wFM","libSceNpCppWebApi","libSceNpCppWebApi","FUNC","1","IMPLEMENTED_HLE","1","_ZN3sce2Np9CppWebApi6Common12IntrusivePtrINS1_12Leaderboards2V19RecordApi26RecordScoreResponseHeadersEEC1Ev","src\SharpEmu.Libs\Np\V46ExportsPart14.cs"
"FQO2aJ3rhKI","libSceNpCppWebApi","libSceNpCppWebApi","FUNC","1","IMPLEMENTED_HLE","1","_ZN3sce2Np9CppWebApi6Common19UpStreamTransactionINS2_12IntrusivePtrINS1_12Leaderboards2V127RecordLargeDataResponseBodyEEENS4_INS2_18ResponseHeaderBaseEEEEC1Ev","src\SharpEmu.Libs\Np\V50ExportsPart02.cs"
"c00bHjdQxuc","libSceNpCppWebApi","libSceNpCppWebApi","FUNC","1","NO_HLE_EXPORT","0","",""
"rBNBuzCGsLQ","libSceNpCppWebApi","libSceNpCppWebApi","FUNC","1","NO_HLE_EXPORT","0","",""
"RM35a8uFre4","libSceNpCppWebApi","libSceNpCppWebApi","FUNC","1","NO_HLE_EXPORT","0","",""
"vURZNQ8+cP0","libSceNpCppWebApi","libSceNpCppWebApi","FUNC","1","IMPLEMENTED_HLE","1","_ZNK3sce2Np9CppWebApi6Common12IntrusivePtrINS1_12Leaderboards2V122RecordScoreRequestBodyEEptEv","src\SharpEmu.Libs\Np\V46ExportsPart14.cs"
"8i5JWALfIoY","libSceNpCppWebApi","libSceNpCppWebApi","FUNC","1","NO_HLE_EXPORT","0","",""
"O+VoB8m5MXA","libSceNpCppWebApi","libSceNpCppWebApi","FUNC","1","NO_HLE_EXPORT","0","",""
"LMpRWV5XyrQ","libSceNpCppWebApi","libSceNpCppWebApi","FUNC","1","IMPLEMENTED_HLE","1","_ZN3sce2Np9CppWebApi12Leaderboards2V122RecordScoreRequestBody19setComparedDateTimeERK10SceRtcTick","src\SharpEmu.Libs\Np\V50ExportsPart02.cs"
"4tEx7tt+b7g","libSceNpCppWebApi","libSceNpCppWebApi","FUNC","1","IMPLEMENTED_HLE","1","_ZN3sce2Np9CppWebApi12Leaderboards2V122RecordScoreRequestBody15setNeedsTmpRankERKb","src\SharpEmu.Libs\Np\NpCppWebApiV44Exports.cs"
"jfCufYd0-+s","libSceNpCppWebApi","libSceNpCppWebApi","FUNC","1","IMPLEMENTED_HLE","1","_ZN3sce2Np9CppWebApi12Leaderboards2V122RecordScoreRequestBody7setPcIdERKi","src\SharpEmu.Libs\Np\NpCppWebApiV44Exports.cs"
"OV+MKKnbEYM","libSceNpCppWebApi","libSceNpCppWebApi","FUNC","1","IMPLEMENTED_HLE","1","_ZN3sce2Np9CppWebApi6Common12IntrusivePtrINS1_12Leaderboards2V122RecordScoreRequestBodyEEC1ERS7_","src\SharpEmu.Libs\Np\V46ExportsPart14.cs"
"8sRfYnV7XlA","libSceNpCppWebApi","libSceNpCppWebApi","FUNC","1","NO_HLE_EXPORT","0","",""
"GJu2OLJK5Eo","libSceNpCppWebApi","libSceNpCppWebApi","FUNC","1","NO_HLE_EXPORT","0","",""
"Q0fKqfQeXnI","libSceNpCppWebApi","libSceNpCppWebApi","FUNC","1","NO_HLE_EXPORT","0","",""
"Y+u-l+LxGIs","libSceNpCppWebApi","libSceNpCppWebApi","FUNC","1","NO_HLE_EXPORT","0","",""
"-QZoGsAmbh8","libSceNpCppWebApi","libSceNpCppWebApi","FUNC","1","NO_HLE_EXPORT","0","",""
"Sdfm7eE3q80","libSceNpCppWebApi","libSceNpCppWebApi","FUNC","1","IMPLEMENTED_HLE","1","_ZNK3sce2Np9CppWebApi6Common12IntrusivePtrINS1_12Leaderboards2V123RecordScoreResponseBodyEEptEv","src\SharpEmu.Libs\Np\V46ExportsPart14.cs"
"dcbbhKIZCDA","libSceNpCppWebApi","libSceNpCppWebApi","FUNC","1","IMPLEMENTED_HLE","1","_ZNK3sce2Np9CppWebApi12Leaderboards2V123RecordScoreResponseBody10getTmpRankEv","src\SharpEmu.Libs\Np\NpCppWebApiV44Exports.cs"
"39c+H8bSITU","libSceNpCppWebApi","libSceNpCppWebApi","FUNC","1","IMPLEMENTED_HLE","1","_ZNK3sce2Np9CppWebApi12Leaderboards2V123RecordScoreResponseBody16getTmpSerialRankEv","src\SharpEmu.Libs\Np\NpCppWebApiV44Exports.cs"
"QxB6IX2hOYg","libSceNpCppWebApi","libSceNpCppWebApi","FUNC","1","NO_HLE_EXPORT","0","",""
"3YR0qZiM9gI","libSceNpCppWebApi","libSceNpCppWebApi","FUNC","1","NO_HLE_EXPORT","0","",""
"qGwknHP6ohM","libSceNpCppWebApi","libSceNpCppWebApi","FUNC","1","IMPLEMENTED_HLE","1","_ZNK3sce2Np9CppWebApi6Common12IntrusivePtrINS1_12Leaderboards2V19RecordApi26RecordScoreResponseHeadersEEptEv","src\SharpEmu.Libs\Np\V46ExportsPart14.cs"
"OlMxxnDBfEg","libSceNpCppWebApi","libSceNpCppWebApi","FUNC","1","NO_HLE_EXPORT","0","",""
"dVCh5JiPsSY","libSceNpCppWebApi","libSceNpCppWebApi","FUNC","1","NO_HLE_EXPORT","0","",""
"9sti7vTvx2U","libSceNpCppWebApi","libSceNpCppWebApi","FUNC","1","NO_HLE_EXPORT","0","",""
"jX6HZUWtU8g","libSceNpCppWebApi","libSceNpCppWebApi","FUNC","1","NO_HLE_EXPORT","0","",""
"AS1rCnSRF1g","libSceNpCppWebApi","libSceNpCppWebApi","FUNC","1","NO_HLE_EXPORT","0","",""
"Kg1U7CAbtio","libSceNpCppWebApi","libSceNpCppWebApi","FUNC","1","NO_HLE_EXPORT","0","",""
"sSr4mR33SaY","libSceNpCppWebApi","libSceNpCppWebApi","FUNC","1","NO_HLE_EXPORT","0","",""
"OfSm8N8i+XA","libSceNpCppWebApi","libSceNpCppWebApi","FUNC","1","NO_HLE_EXPORT","0","",""
"R5QhFOlpzjo","libSceNpCppWebApi","libSceNpCppWebApi","FUNC","1","NO_HLE_EXPORT","0","",""
"LwGrNk25QbE","libSceNpCppWebApi","libSceNpCppWebApi","FUNC","1","IMPLEMENTED_HLE","1","_ZN3sce2Np9CppWebApi12Leaderboards2V19RecordApi26ParameterToRecordLargeDataD1Ev","src\SharpEmu.Libs\Np\NpCppWebApiV44Exports.cs"
"-xOoiK8HfDI","libSceNpCppWebApi","libSceNpCppWebApi","FUNC","1","IMPLEMENTED_HLE","1","_ZN3sce2Np9CppWebApi6Common19UpStreamTransactionINS2_12IntrusivePtrINS1_12Leaderboards2V127RecordLargeDataResponseBodyEEENS4_INS2_18ResponseHeaderBaseEEEED1Ev","src\SharpEmu.Libs\Np\V50ExportsPart02.cs"
"8YtcWzYdIRs","libSceNpCppWebApi","libSceNpCppWebApi","FUNC","1","NO_HLE_EXPORT","0","",""
"mVKcd5NwiWE","libSceNpCppWebApi","libSceNpCppWebApi","FUNC","1","NO_HLE_EXPORT","0","",""
"4TGeM5jD7x0","libSceNpCppWebApi","libSceNpCppWebApi","FUNC","1","IMPLEMENTED_HLE","1","_ZN3sce2Np9CppWebApi12Leaderboards2V19RecordApi22ParameterToRecordScoreD1Ev","src\SharpEmu.Libs\Np\NpCppWebApiV44Exports.cs"
"pq7sFJ6E6Sg","libSceNpCppWebApi","libSceNpCppWebApi","FUNC","1","IMPLEMENTED_HLE","1","_ZN3sce2Np9CppWebApi6Common11TransactionINS2_12IntrusivePtrINS1_12Leaderboards2V123RecordScoreResponseBodyEEENS4_INS6_9RecordApi26RecordScoreResponseHeadersEEEED1Ev","src\SharpEmu.Libs\Np\V50ExportsPart01.cs"
"zfvBGft4XrY","libSceNpCppWebApi","libSceNpCppWebApi","FUNC","1","IMPLEMENTED_HLE","1","_ZN3sce2Np9CppWebApi6Common12IntrusivePtrINS1_12Leaderboards2V121GetRankingRequestBodyEEC1Ev","src\SharpEmu.Libs\Np\V46ExportsPart14.cs"
"QXLG4UDWLEI","libSceNpCppWebApi","libSceNpCppWebApi","FUNC","1","IMPLEMENTED_HLE","1","_ZN3sce2Np9CppWebApi6Common12IntrusivePtrINS1_12Leaderboards2V122GetRankingResponseBodyEEC1Ev","src\SharpEmu.Libs\Np\V46ExportsPart14.cs"
"AcHirYSl0HA","libSceNpCppWebApi","libSceNpCppWebApi","FUNC","1","IMPLEMENTED_HLE","1","_ZN3sce2Np9CppWebApi6Common6VectorINS2_12IntrusivePtrINS1_12Leaderboards2V14UserEEEEC1EPNS2_10LibContextE","src\SharpEmu.Libs\Np\V48ExportsPart03.cs"
"Bbc2pDcwP0g","libSceNpCppWebApi","libSceNpCppWebApi","FUNC","1","NO_HLE_EXPORT","0","",""
"MVExpBYTEow","libSceNpCppWebApi","libSceNpCppWebApi","FUNC","1","IMPLEMENTED_HLE","1","_ZN3sce2Np9CppWebApi6Common11TransactionINS2_12IntrusivePtrINS1_12Leaderboards2V122GetRankingResponseBodyEEENS4_INS2_18ResponseHeaderBaseEEEEC1Ev","src\SharpEmu.Libs\Np\V50ExportsPart01.cs"
"z3id8GlN+Hc","libSceNpCppWebApi","libSceNpCppWebApi","FUNC","1","NO_HLE_EXPORT","0","",""
"bEwJsewIngA","libSceNpCppWebApi","libSceNpCppWebApi","FUNC","1","NO_HLE_EXPORT","0","",""
"zOA2tHzOY8I","libSceNpCppWebApi","libSceNpCppWebApi","FUNC","1","IMPLEMENTED_HLE","1","_ZNK3sce2Np9CppWebApi6Common12IntrusivePtrINS1_12Leaderboards2V121GetRankingRequestBodyEEptEv","src\SharpEmu.Libs\Np\V46ExportsPart14.cs"
"khThzVltokg","libSceNpCppWebApi","libSceNpCppWebApi","FUNC","1","IMPLEMENTED_HLE","1","_ZN3sce2Np9CppWebApi12Leaderboards2V121GetRankingRequestBody9setOffsetERKi","src\SharpEmu.Libs\Np\NpCppWebApiV44Exports.cs"
"pBSgMrf0tnM","libSceNpCppWebApi","libSceNpCppWebApi","FUNC","1","IMPLEMENTED_HLE","1","_ZN3sce2Np9CppWebApi12Leaderboards2V121GetRankingRequestBody8setGroupERKNS3_5GroupE","src\SharpEmu.Libs\Np\V50ExportsPart02.cs"
"s8GYZ2aPoTU","libSceNpCppWebApi","libSceNpCppWebApi","FUNC","1","IMPLEMENTED_HLE","1","_ZN3sce2Np9CppWebApi6Common12IntrusivePtrINS1_12Leaderboards2V14UserEEC1Ev","src\SharpEmu.Libs\Np\V46ExportsPart14.cs"
"jaVd5xkK0tU","libSceNpCppWebApi","libSceNpCppWebApi","FUNC","1","NO_HLE_EXPORT","0","",""
"1JV7Mv590Cc","libSceNpCppWebApi","libSceNpCppWebApi","FUNC","1","IMPLEMENTED_HLE","1","_ZNK3sce2Np9CppWebApi6Common12IntrusivePtrINS1_12Leaderboards2V14UserEEptEv","src\SharpEmu.Libs\Np\V46ExportsPart14.cs"
"wJWqKZOj4Ts","libSceNpCppWebApi","libSceNpCppWebApi","FUNC","1","IMPLEMENTED_HLE","1","_ZN3sce2Np9CppWebApi12Leaderboards2V14User12setAccountIdERKm","src\SharpEmu.Libs\Np\NpCppWebApiV44Exports.cs"
"KXllpv1tR48","libSceNpCppWebApi","libSceNpCppWebApi","FUNC","1","IMPLEMENTED_HLE","1","_ZN3sce2Np9CppWebApi12Leaderboards2V14User7setPcIdERKi","src\SharpEmu.Libs\Np\NpCppWebApiV44Exports.cs"
"owrpOxU0eoE","libSceNpCppWebApi","libSceNpCppWebApi","FUNC","1","NO_HLE_EXPORT","0","",""
"gxlgckSr7z4","libSceNpCppWebApi","libSceNpCppWebApi","FUNC","1","NO_HLE_EXPORT","0","",""
"F5yaU6TEU8g","libSceNpCppWebApi","libSceNpCppWebApi","FUNC","1","NO_HLE_EXPORT","0","",""
"N78k-Vryooc","libSceNpCppWebApi","libSceNpCppWebApi","FUNC","1","NO_HLE_EXPORT","0","",""
"D3tUMw-ZqcM","libSceNpCppWebApi","libSceNpCppWebApi","FUNC","1","NO_HLE_EXPORT","0","",""
"GX4DLMQ9488","libSceNpCppWebApi","libSceNpCppWebApi","FUNC","1","IMPLEMENTED_HLE","1","_ZN3sce2Np9CppWebApi6Common12IntrusivePtrINS1_12Leaderboards2V121GetRankingRequestBodyEEC1ERS7_","src\SharpEmu.Libs\Np\V46ExportsPart14.cs"
"xZ2OF6809Mk","libSceNpCppWebApi","libSceNpCppWebApi","FUNC","1","NO_HLE_EXPORT","0","",""
"syDD+xcUmEs","libSceNpCppWebApi","libSceNpCppWebApi","FUNC","1","NO_HLE_EXPORT","0","",""
"ctghP7Sf6+c","libSceNpCppWebApi","libSceNpCppWebApi","FUNC","1","NO_HLE_EXPORT","0","",""
"v+tXF9ppYiQ","libSceNpCppWebApi","libSceNpCppWebApi","FUNC","1","NO_HLE_EXPORT","0","",""
"0blWarRALu4","libSceNpCppWebApi","libSceNpCppWebApi","FUNC","1","IMPLEMENTED_HLE","1","_ZNK3sce2Np9CppWebApi6Common12IntrusivePtrINS1_12Leaderboards2V122GetRankingResponseBodyEEptEv","src\SharpEmu.Libs\Np\V46ExportsPart14.cs"
"W12G2P+s074","libSceNpCppWebApi","libSceNpCppWebApi","FUNC","1","NO_HLE_EXPORT","0","",""
"X2lVKLlddME","libSceNpCppWebApi","libSceNpCppWebApi","FUNC","1","IMPLEMENTED_HLE","1","_ZNK3sce2Np9CppWebApi6Common12IntrusivePtrINS2_6VectorINS3_INS1_12Leaderboards2V15EntryEEEEEEdeEv","src\SharpEmu.Libs\Np\V46ExportsPart05.cs"
"ysAnsG6EfkM","libSceNpCppWebApi","libSceNpCppWebApi","FUNC","1","NO_HLE_EXPORT","0","",""
"rdEN7D3ZN1E","libSceNpCppWebApi","libSceNpCppWebApi","FUNC","1","IMPLEMENTED_HLE","1","_ZN3sce2Np9CppWebApi6Common6VectorINS2_12IntrusivePtrINS1_12Leaderboards2V15EntryEEEE5beginEv","src\SharpEmu.Libs\Np\V48ExportsPart03.cs"
"ptE7eJxWp0c","libSceNpCppWebApi","libSceNpCppWebApi","FUNC","1","IMPLEMENTED_HLE","1","_ZN3sce2Np9CppWebApi6Common6VectorINS2_12IntrusivePtrINS1_12Leaderboards2V15EntryEEEE3endEv","src\SharpEmu.Libs\Np\V48ExportsPart03.cs"
"JYa01KuMqhA","libSceNpCppWebApi","libSceNpCppWebApi","FUNC","1","IMPLEMENTED_HLE","1","_ZNK3sce2Np9CppWebApi6Common8IteratorINS2_12IntrusivePtrINS1_12Leaderboards2V15EntryEEEEneERKS9_","src\SharpEmu.Libs\Np\V47ExportsPart02.cs"
"WGKQ359T744","libSceNpCppWebApi","libSceNpCppWebApi","FUNC","1","IMPLEMENTED_HLE","1","_ZN3sce2Np9CppWebApi6Common8IteratorINS2_12IntrusivePtrINS1_12Leaderboards2V15EntryEEEEppEv","src\SharpEmu.Libs\Np\V47ExportsPart02.cs"
"qnvk932UxYg","libSceNpCppWebApi","libSceNpCppWebApi","FUNC","1","IMPLEMENTED_HLE","1","_ZNK3sce2Np9CppWebApi6Common8IteratorINS2_12IntrusivePtrINS1_12Leaderboards2V15EntryEEEEdeEv","src\SharpEmu.Libs\Np\V47ExportsPart02.cs"
"yD3I2CRcKmw","libSceNpCppWebApi","libSceNpCppWebApi","FUNC","1","IMPLEMENTED_HLE","1","_ZNK3sce2Np9CppWebApi6Common12IntrusivePtrINS1_12Leaderboards2V15EntryEEptEv","src\SharpEmu.Libs\Np\V46ExportsPart14.cs"
"Er5RROJCXYo","libSceNpCppWebApi","libSceNpCppWebApi","FUNC","1","IMPLEMENTED_HLE","1","_ZNK3sce2Np9CppWebApi12Leaderboards2V15Entry12getAccountIdEv","src\SharpEmu.Libs\Np\NpCppWebApiV44Exports.cs"
"MkGUMQt7MBE","libSceNpCppWebApi","libSceNpCppWebApi","FUNC","1","IMPLEMENTED_HLE","1","_ZNK3sce2Np9CppWebApi12Leaderboards2V15Entry12commentIsSetEv","src\SharpEmu.Libs\Np\V50ExportsPart02.cs"
"u1wbCugKzYQ","libSceNpCppWebApi","libSceNpCppWebApi","FUNC","1","IMPLEMENTED_HLE","1","_ZNK3sce2Np9CppWebApi12Leaderboards2V15Entry10getCommentEv","src\SharpEmu.Libs\Np\V50ExportsPart02.cs"
"x5fMr5644iE","libSceNpCppWebApi","libSceNpCppWebApi","FUNC","1","IMPLEMENTED_HLE","1","_ZNK3sce2Np9CppWebApi12Leaderboards2V15Entry14getHighestRankEv","src\SharpEmu.Libs\Np\NpCppWebApiV44Exports.cs"
"KnCMTTJWLdg","libSceNpCppWebApi","libSceNpCppWebApi","FUNC","1","IMPLEMENTED_HLE","1","_ZNK3sce2Np9CppWebApi12Leaderboards2V15Entry20getHighestSerialRankEv","src\SharpEmu.Libs\Np\NpCppWebApiV44Exports.cs"
"h8K-pa8owbg","libSceNpCppWebApi","libSceNpCppWebApi","FUNC","1","IMPLEMENTED_HLE","1","_ZNK3sce2Np9CppWebApi12Leaderboards2V15Entry13objectIdIsSetEv","src\SharpEmu.Libs\Np\V50ExportsPart02.cs"
"X1SYe8TIGOc","libSceNpCppWebApi","libSceNpCppWebApi","FUNC","1","IMPLEMENTED_HLE","1","_ZNK3sce2Np9CppWebApi12Leaderboards2V15Entry11getObjectIdEv","src\SharpEmu.Libs\Np\V50ExportsPart02.cs"
"SUOUmSmPy5E","libSceNpCppWebApi","libSceNpCppWebApi","FUNC","1","NO_HLE_EXPORT","0","",""
"+3KiBw-4CQY","libSceNpCppWebApi","libSceNpCppWebApi","FUNC","1","IMPLEMENTED_HLE","1","_ZNK3sce2Np9CppWebApi12Leaderboards2V15Entry7getPcIdEv","src\SharpEmu.Libs\Np\NpCppWebApiV44Exports.cs"
"zk7Es711EV8","libSceNpCppWebApi","libSceNpCppWebApi","FUNC","1","IMPLEMENTED_HLE","1","_ZNK3sce2Np9CppWebApi12Leaderboards2V15Entry7getRankEv","src\SharpEmu.Libs\Np\NpCppWebApiV44Exports.cs"
"+631th1Z4DU","libSceNpCppWebApi","libSceNpCppWebApi","FUNC","1","IMPLEMENTED_HLE","1","_ZNK3sce2Np9CppWebApi12Leaderboards2V15Entry8getScoreEv","src\SharpEmu.Libs\Np\NpCppWebApiV44Exports.cs"
"PmMi+EcpbpM","libSceNpCppWebApi","libSceNpCppWebApi","FUNC","1","IMPLEMENTED_HLE","1","_ZNK3sce2Np9CppWebApi12Leaderboards2V15Entry13getSerialRankEv","src\SharpEmu.Libs\Np\NpCppWebApiV44Exports.cs"
"fJ9329XKPPA","libSceNpCppWebApi","libSceNpCppWebApi","FUNC","1","IMPLEMENTED_HLE","1","_ZNK3sce2Np9CppWebApi12Leaderboards2V15Entry14smallDataIsSetEv","src\SharpEmu.Libs\Np\V50ExportsPart02.cs"
"yzYn2Pwc2LM","libSceNpCppWebApi","libSceNpCppWebApi","FUNC","1","IMPLEMENTED_HLE","1","_ZNK3sce2Np9CppWebApi12Leaderboards2V15Entry12getSmallDataEv","src\SharpEmu.Libs\Np\V50ExportsPart02.cs"
"LTXWL-kuxGM","libSceNpCppWebApi","libSceNpCppWebApi","FUNC","1","IMPLEMENTED_HLE","1","_ZNK3sce2Np9CppWebApi6Common12IntrusivePtrINS2_6BinaryEEptEv","src\SharpEmu.Libs\Np\V46ExportsPart02.cs"
"PGbdeeOVRRU","libSceNpCppWebApi","libSceNpCppWebApi","FUNC","1","IMPLEMENTED_HLE","1","_ZNK3sce2Np9CppWebApi6Common6Binary4sizeEv","src\SharpEmu.Libs\Np\V50ExportsPart02.cs"
"g9FmpQw2M-U","libSceNpCppWebApi","libSceNpCppWebApi","FUNC","1","IMPLEMENTED_HLE","1","_ZNK3sce2Np9CppWebApi6Common6Binary9getBinaryEv","src\SharpEmu.Libs\Np\V50ExportsPart02.cs"
"br6GL-f3CQg","libSceNpCppWebApi","libSceNpCppWebApi","FUNC","1","IMPLEMENTED_HLE","1","_ZN3sce2Np9CppWebApi12Leaderboards2V121GetRankingRequestBody8setLimitERKi","src\SharpEmu.Libs\Np\NpCppWebApiV44Exports.cs"
"YKVixVJQoXU","libSceNpCppWebApi","libSceNpCppWebApi","FUNC","1","IMPLEMENTED_HLE","1","_ZN3sce2Np9CppWebApi12Leaderboards2V121GetRankingRequestBody18setStartSerialRankERKi","src\SharpEmu.Libs\Np\NpCppWebApiV44Exports.cs"
"7IgV8DBuzJQ","libSceNpCppWebApi","libSceNpCppWebApi","FUNC","1","IMPLEMENTED_HLE","1","_ZN3sce2Np9CppWebApi6Common13ConstIteratorINS2_12IntrusivePtrINS1_12Leaderboards2V15EntryEEEED2Ev","src\SharpEmu.Libs\Np\V47ExportsPart11.cs"
"plUh+Axzi30","libSceNpCppWebApi","libSceNpCppWebApi","FUNC","1","IMPLEMENTED_HLE","1","_ZNK3sce2Np9CppWebApi12Leaderboards2V122GetRankingResponseBody22getLastUpdatedDateTimeEv","src\SharpEmu.Libs\Np\V50ExportsPart02.cs"
"Mnp3qDir4NU","libSceNpCppWebApi","libSceNpCppWebApi","FUNC","1","NO_HLE_EXPORT","0","",""
"Ma7+aWJsXow","libSceNpCppWebApi","libSceNpCppWebApi","FUNC","1","NO_HLE_EXPORT","0","",""
"5F7D2WLcblc","libSceNpCppWebApi","libSceNpCppWebApi","FUNC","1","IMPLEMENTED_HLE","1","_ZN3sce2Np9CppWebApi6Common11TransactionINS2_12IntrusivePtrINS1_12Leaderboards2V122GetRankingResponseBodyEEENS4_INS2_18ResponseHeaderBaseEEEED1Ev","src\SharpEmu.Libs\Np\V50ExportsPart01.cs"
"XtFyTKi22Sc","libSceNpCppWebApi","libSceNpCppWebApi","FUNC","1","IMPLEMENTED_HLE","1","_ZN3sce2Np9CppWebApi12Leaderboards2V17ViewApi21ParameterToGetRankingD1Ev","src\SharpEmu.Libs\Np\NpCppWebApiV44Exports.cs"
"BcrC80L8i0Q","libSceNpCppWebApi","libSceNpCppWebApi","FUNC","1","NO_HLE_EXPORT","0","",""
"P5mDlGPLSUU","libSceNpCppWebApi","libSceNpCppWebApi","FUNC","1","IMPLEMENTED_HLE","1","_ZN3sce2Np9CppWebApi6Common21DownStreamTransactionINS2_12IntrusivePtrINS1_12Leaderboards2V17ViewApi37GetLargeDataByObjectIdResponseHeadersEEEEC1Ev","src\SharpEmu.Libs\Np\V50ExportsPart01.cs"
"eyiQGHPBIKI","libSceNpCppWebApi","libSceNpCppWebApi","FUNC","1","NO_HLE_EXPORT","0","",""
"TJz8sDUa6n4","libSceNpCppWebApi","libSceNpCppWebApi","FUNC","1","NO_HLE_EXPORT","0","",""
"sCnkOGMZjH8","libSceNpCppWebApi","libSceNpCppWebApi","FUNC","1","NO_HLE_EXPORT","0","",""
"MkSmI8WCSvM","libSceNpCppWebApi","libSceNpCppWebApi","FUNC","1","NO_HLE_EXPORT","0","",""
"ncIcckZh0rk","libSceNpCppWebApi","libSceNpCppWebApi","FUNC","1","NO_HLE_EXPORT","0","",""
"Y+pTVRiUcHo","libSceNpCppWebApi","libSceNpCppWebApi","FUNC","1","NO_HLE_EXPORT","0","",""
"fhRcPQVoEqM","libSceNpCppWebApi","libSceNpCppWebApi","FUNC","1","NO_HLE_EXPORT","0","",""
"N0V2-p-0hAM","libSceNpCppWebApi","libSceNpCppWebApi","FUNC","1","IMPLEMENTED_HLE","1","_ZN3sce2Np9CppWebApi12Leaderboards2V17ViewApi33ParameterToGetLargeDataByObjectIdD1Ev","src\SharpEmu.Libs\Np\NpCppWebApiV44Exports.cs"
"XWJpJef97fM","libSceNpCppWebApi","libSceNpCppWebApi","FUNC","1","IMPLEMENTED_HLE","1","_ZN3sce2Np9CppWebApi6Common21DownStreamTransactionINS2_12IntrusivePtrINS1_12Leaderboards2V17ViewApi37GetLargeDataByObjectIdResponseHeadersEEEED1Ev","src\SharpEmu.Libs\Np\V50ExportsPart01.cs"
"gp3soLZ1nu0","libSceNpCppWebApi","libSceNpCppWebApi","FUNC","1","IMPLEMENTED_HLE","1","_ZN3sce2Np9CppWebApi6Common11TransactionINS2_12IntrusivePtrINS1_12Leaderboards2V130GetBoardDefinitionResponseBodyEEENS4_INS2_18ResponseHeaderBaseEEEEC1Ev","src\SharpEmu.Libs\Np\V50ExportsPart01.cs"
"EOKBl05t-hk","libSceNpCppWebApi","libSceNpCppWebApi","FUNC","1","IMPLEMENTED_HLE","1","_ZN3sce2Np9CppWebApi6Common12IntrusivePtrINS1_12Leaderboards2V130GetBoardDefinitionResponseBodyEEC1Ev","src\SharpEmu.Libs\Np\V46ExportsPart14.cs"
"9y9YsMBbUq0","libSceNpCppWebApi","libSceNpCppWebApi","FUNC","1","NO_HLE_EXPORT","0","",""
"ZkSM1nh5zM8","libSceNpCppWebApi","libSceNpCppWebApi","FUNC","1","NO_HLE_EXPORT","0","",""
"s7YtGdt8Sg4","libSceNpCppWebApi","libSceNpCppWebApi","FUNC","1","NO_HLE_EXPORT","0","",""
"jTcdCjMNdrk","libSceNpCppWebApi","libSceNpCppWebApi","FUNC","1","NO_HLE_EXPORT","0","",""
"hjzv6lEAIuI","libSceNpCppWebApi","libSceNpCppWebApi","FUNC","1","NO_HLE_EXPORT","0","",""
"o6kFQQ6TGg4","libSceNpCppWebApi","libSceNpCppWebApi","FUNC","1","NO_HLE_EXPORT","0","",""
"YHYfyQXdOLc","libSceNpCppWebApi","libSceNpCppWebApi","FUNC","1","IMPLEMENTED_HLE","1","_ZNK3sce2Np9CppWebApi6Common12IntrusivePtrINS1_12Leaderboards2V130GetBoardDefinitionResponseBodyEEptEv","src\SharpEmu.Libs\Np\V46ExportsPart14.cs"
"lfUiDOAsDoo","libSceNpCppWebApi","libSceNpCppWebApi","FUNC","1","IMPLEMENTED_HLE","1","_ZNK3sce2Np9CppWebApi12Leaderboards2V130GetBoardDefinitionResponseBody15entryLimitIsSetEv","src\SharpEmu.Libs\Np\NpCppWebApiV44Exports.cs"
"5avJQwMJgsY","libSceNpCppWebApi","libSceNpCppWebApi","FUNC","1","IMPLEMENTED_HLE","1","_ZNK3sce2Np9CppWebApi12Leaderboards2V130GetBoardDefinitionResponseBody13getEntryLimitEv","src\SharpEmu.Libs\Np\NpCppWebApiV44Exports.cs"
"hQdNOFlDedY","libSceNpCppWebApi","libSceNpCppWebApi","FUNC","1","IMPLEMENTED_HLE","1","_ZNK3sce2Np9CppWebApi12Leaderboards2V130GetBoardDefinitionResponseBody22largeDataNumLimitIsSetEv","src\SharpEmu.Libs\Np\NpCppWebApiV44Exports.cs"
"cq65J5rCEwE","libSceNpCppWebApi","libSceNpCppWebApi","FUNC","1","IMPLEMENTED_HLE","1","_ZNK3sce2Np9CppWebApi12Leaderboards2V130GetBoardDefinitionResponseBody20getLargeDataNumLimitEv","src\SharpEmu.Libs\Np\NpCppWebApiV44Exports.cs"
"cJ8md8EbvrI","libSceNpCppWebApi","libSceNpCppWebApi","FUNC","1","IMPLEMENTED_HLE","1","_ZNK3sce2Np9CppWebApi12Leaderboards2V130GetBoardDefinitionResponseBody23largeDataSizeLimitIsSetEv","src\SharpEmu.Libs\Np\NpCppWebApiV44Exports.cs"
"KanXmz-cpzE","libSceNpCppWebApi","libSceNpCppWebApi","FUNC","1","IMPLEMENTED_HLE","1","_ZNK3sce2Np9CppWebApi12Leaderboards2V130GetBoardDefinitionResponseBody21getLargeDataSizeLimitEv","src\SharpEmu.Libs\Np\NpCppWebApiV44Exports.cs"
"DeFsyDHokeY","libSceNpCppWebApi","libSceNpCppWebApi","FUNC","1","IMPLEMENTED_HLE","1","_ZNK3sce2Np9CppWebApi12Leaderboards2V130GetBoardDefinitionResponseBody18maxScoreLimitIsSetEv","src\SharpEmu.Libs\Np\NpCppWebApiV44Exports.cs"
"VhWD7ylSQu8","libSceNpCppWebApi","libSceNpCppWebApi","FUNC","1","IMPLEMENTED_HLE","1","_ZNK3sce2Np9CppWebApi12Leaderboards2V130GetBoardDefinitionResponseBody16getMaxScoreLimitEv","src\SharpEmu.Libs\Np\NpCppWebApiV44Exports.cs"
"01ZGV2VvBPU","libSceNpCppWebApi","libSceNpCppWebApi","FUNC","1","IMPLEMENTED_HLE","1","_ZNK3sce2Np9CppWebApi12Leaderboards2V130GetBoardDefinitionResponseBody18minScoreLimitIsSetEv","src\SharpEmu.Libs\Np\NpCppWebApiV44Exports.cs"
"59ZoWcKl5v8","libSceNpCppWebApi","libSceNpCppWebApi","FUNC","1","IMPLEMENTED_HLE","1","_ZNK3sce2Np9CppWebApi12Leaderboards2V130GetBoardDefinitionResponseBody16getMinScoreLimitEv","src\SharpEmu.Libs\Np\NpCppWebApiV44Exports.cs"
"bVJ-1ExjYco","libSceNpCppWebApi","libSceNpCppWebApi","FUNC","1","IMPLEMENTED_HLE","1","_ZNK3sce2Np9CppWebApi12Leaderboards2V130GetBoardDefinitionResponseBody13sortModeIsSetEv","src\SharpEmu.Libs\Np\V50ExportsPart02.cs"
"G46aDJx5Qx8","libSceNpCppWebApi","libSceNpCppWebApi","FUNC","1","IMPLEMENTED_HLE","1","_ZNK3sce2Np9CppWebApi12Leaderboards2V130GetBoardDefinitionResponseBody11getSortModeEv","src\SharpEmu.Libs\Np\V50ExportsPart02.cs"
"kRXjOtU-NTI","libSceNpCppWebApi","libSceNpCppWebApi","FUNC","1","IMPLEMENTED_HLE","1","_ZNK3sce2Np9CppWebApi12Leaderboards2V130GetBoardDefinitionResponseBody15updateModeIsSetEv","src\SharpEmu.Libs\Np\V50ExportsPart02.cs"
"YAtVGPtThx8","libSceNpCppWebApi","libSceNpCppWebApi","FUNC","1","IMPLEMENTED_HLE","1","_ZNK3sce2Np9CppWebApi12Leaderboards2V130GetBoardDefinitionResponseBody13getUpdateModeEv","src\SharpEmu.Libs\Np\V50ExportsPart02.cs"
"7dqFi7Dvzgo","libSceNpCppWebApi","libSceNpCppWebApi","FUNC","1","NO_HLE_EXPORT","0","",""
"Cb3IRwKPJPI","libSceNpCppWebApi","libSceNpCppWebApi","FUNC","1","NO_HLE_EXPORT","0","",""
"tJMAm9ZBelo","libSceNpCppWebApi","libSceNpCppWebApi","FUNC","1","IMPLEMENTED_HLE","1","_ZN3sce2Np9CppWebApi12Leaderboards2V19BoardsApi29ParameterToGetBoardDefinitionD1Ev","src\SharpEmu.Libs\Np\NpCppWebApiV44Exports.cs"
"DNmJw98YzUU","libSceNpCppWebApi","libSceNpCppWebApi","FUNC","1","NO_HLE_EXPORT","0","",""
"KD0NkSaIi1M","libSceNpCppWebApi","libSceNpCppWebApi","FUNC","1","NO_HLE_EXPORT","0","",""
"iiYZCXOo7Go","libSceNpCppWebApi","libSceNpCppWebApi","FUNC","1","IMPLEMENTED_HLE","1","_ZN3sce2Np9CppWebApi6Common11TransactionINS2_12IntrusivePtrINS1_12Leaderboards2V130GetBoardDefinitionResponseBodyEEENS4_INS2_18ResponseHeaderBaseEEEED1Ev","src\SharpEmu.Libs\Np\V50ExportsPart01.cs"
"kpbW7Dr44Gc","libSceNpCppWebApi","libSceNpCppWebApi","FUNC","1","IMPLEMENTED_HLE","1","_ZN3sce2Np9CppWebApi6Common21DownStreamTransactionINS2_12IntrusivePtrINS1_17TitleCloudStorage2V17DataApi27DownloadDataResponseHeadersEEEEC1Ev","src\SharpEmu.Libs\Np\V50ExportsPart01.cs"
"E8BmtbByVKs","libSceNpCppWebApi","libSceNpCppWebApi","FUNC","1","NO_HLE_EXPORT","0","",""
"0oIoKcDA0Fw","libSceNpCppWebApi","libSceNpCppWebApi","FUNC","1","NO_HLE_EXPORT","0","",""
"26SufKG5x4M","libSceNpCppWebApi","libSceNpCppWebApi","FUNC","1","NO_HLE_EXPORT","0","",""
"0UNp2Ey5bw4","libSceNpCppWebApi","libSceNpCppWebApi","FUNC","1","IMPLEMENTED_HLE","1","_ZN3sce2Np9CppWebApi17TitleCloudStorage2V17DataApi23ParameterToDownloadDataD1Ev","src\SharpEmu.Libs\Np\NpCppWebApiV45Exports.cs"
"IAkGC4cv3zs","libSceNpCppWebApi","libSceNpCppWebApi","FUNC","1","IMPLEMENTED_HLE","1","_ZN3sce2Np9CppWebApi6Common21DownStreamTransactionINS2_12IntrusivePtrINS1_17TitleCloudStorage2V17DataApi27DownloadDataResponseHeadersEEEED1Ev","src\SharpEmu.Libs\Np\V50ExportsPart01.cs"
"V2NelZNoJwI","libSceNpCppWebApi","libSceNpCppWebApi","FUNC","1","NO_HLE_EXPORT","0","",""
"hH7KHku1lqs","libSceNpCppWebApi","libSceNpCppWebApi","FUNC","1","NO_HLE_EXPORT","0","",""
"9YWXkd3AZAk","libSceNpCppWebApi","libSceNpCppWebApi","FUNC","1","NO_HLE_EXPORT","0","",""
"kVGz48sqNJM","libSceNpCppWebApi","libSceNpCppWebApi","FUNC","1","NO_HLE_EXPORT","0","",""
"sjaobBgqeB4","libSceNpUniversalDataSystem","libSceNpUniversalDataSystem","FUNC","1","IMPLEMENTED_HLE","1","sceNpUniversalDataSystemInitialize","src\SharpEmu.Libs\Np\NpUniversalDataSystemExports.cs"
"5zBnau1uIEo","libSceNpUniversalDataSystem","libSceNpUniversalDataSystem","FUNC","1","IMPLEMENTED_HLE","1","sceNpUniversalDataSystemCreateContext","src\SharpEmu.Libs\Np\NpUniversalDataSystemExports.cs"
"hT0IAEvN+M0","libSceNpUniversalDataSystem","libSceNpUniversalDataSystem","FUNC","1","IMPLEMENTED_HLE","1","sceNpUniversalDataSystemCreateHandle","src\SharpEmu.Libs\Np\NpUniversalDataSystemExports.cs"
"tpFJ8LIKvPw","libSceNpUniversalDataSystem","libSceNpUniversalDataSystem","FUNC","1","IMPLEMENTED_HLE","1","sceNpUniversalDataSystemRegisterContext","src\SharpEmu.Libs\Np\NpUniversalDataSystemExports.cs"
"CzkKf7ahIyU","libSceNpUniversalDataSystem","libSceNpUniversalDataSystem","FUNC","1","IMPLEMENTED_HLE","1","sceNpUniversalDataSystemPostEvent","src\SharpEmu.Libs\Np\NpUniversalDataSystemExports.cs"
"Y295ygEccqk","libSceNpCppWebApi","libSceNpCppWebApi","FUNC","1","IMPLEMENTED_HLE","1","_ZN3sce2Np9CppWebApi6Common10LibContextC1Ev","src\SharpEmu.Libs\Np\V50ExportsPart02.cs"
"-hJRce8wn1U","libSceJson","libSceJson2","FUNC","1","IMPLEMENTED_HLE","1","_ZN3sce4Json12MemAllocatorC2Ev","src\SharpEmu.Libs\Json\JsonExports.cs"
"cK6bYHf-Q5E","libSceJson","libSceJson2","FUNC","1","IMPLEMENTED_HLE","1","_ZN3sce4Json11InitializerC1Ev","src\SharpEmu.Libs\Json\JsonExports.cs"
"RujUxbr3haM","libSceJson","libSceJson2","FUNC","1","IMPLEMENTED_HLE","1","_ZN3sce4Json11InitializerD1Ev","src\SharpEmu.Libs\Json\JsonExports.cs"
"OcAgPxcq5Vk","libSceJson","libSceJson2","FUNC","1","IMPLEMENTED_HLE","1","_ZN3sce4Json12MemAllocatorD2Ev","src\SharpEmu.Libs\Json\JsonExports.cs"
"8x++mBOUeso","libSceNpCppWebApi","libSceNpCppWebApi","FUNC","1","NO_HLE_EXPORT","0","",""
"Cxwy7wHq4J0","libSceJson","libSceJson2","FUNC","1","IMPLEMENTED_HLE","1","_ZN3sce4Json11Initializer10initializeEPKNS0_13InitParameterE","src\SharpEmu.Libs\Json\JsonExports.cs"
"+o9816YQhqQ","libSceNpWebApi2","libSceNpWebApi2","FUNC","1","IMPLEMENTED_HLE","1","sceNpWebApi2Initialize","src\SharpEmu.Libs\Np\NpWebApi2Exports.cs"
"UYPxv8MIzGo","libSceNpCppWebApi","libSceNpCppWebApi","FUNC","1","IMPLEMENTED_HLE","1","_ZN3sce2Np9CppWebApi6Common10initializeERKNS2_10InitParamsERNS2_10LibContextE","src\SharpEmu.Libs\Np\NpCppWebApiExports.cs"
"52AlYvq+dmk","libSceNpCppWebApi","libSceNpCppWebApi","FUNC","1","IMPLEMENTED_HLE","1","_ZN3sce2Np9CppWebApi6Common10InitParamsD1Ev","src\SharpEmu.Libs\Np\V50ExportsPart02.cs"
"oTirsxQpqj0","libSceNpCppWebApi","libSceNpCppWebApi","FUNC","1","NO_HLE_EXPORT","0","",""
"9X9+cneTGUU","libSceNpWebApi2","libSceNpWebApi2","FUNC","1","NO_HLE_EXPORT","0","",""
"bEvXpcEk200","libSceNpWebApi2","libSceNpWebApi2","FUNC","1","IMPLEMENTED_HLE","1","sceNpWebApi2Terminate","src\SharpEmu.Libs\Np\NpWebApi2Exports.cs"
"viRXSHZYd0c","libSceSsl","libSceSsl","FUNC","1","IMPLEMENTED_HLE","1","sceSslClose","src\SharpEmu.Libs\Network\SslExports.cs"
"sk54bi6FtYM","libSceNpWebApi2","libSceNpWebApi2","FUNC","1","IMPLEMENTED_HLE","1","sceNpWebApi2CreateUserContext","src\SharpEmu.Libs\Np\NpWebApi2Exports.cs"
"L1SBTkC+Cvw","libc","libc","FUNC","1","IMPLEMENTED_HLE","1","abort","src\SharpEmu.Libs\Kernel\KernelExports.cs"
"dyIhnXq-0SM","libSceSaveData_native","libSceSaveData_native","FUNC","1","IMPLEMENTED_HLE","1","sceSaveDataDirNameSearch","src\SharpEmu.Libs\SaveData\SaveDataExports.cs"
"gjRZNnw0JPE","libSceSaveData_native","libSceSaveData_native","FUNC","1","IMPLEMENTED_HLE","1","sceSaveDataCreateTransactionResource","src\SharpEmu.Libs\SaveData\SaveDataExports.cs"
"KK3Bdg1RWK0","libSceSaveDataDialog","libSceSaveDataDialog.native","FUNC","1","IMPLEMENTED_HLE","1","sceSaveDataDialogUpdateStatus","src\SharpEmu.Libs\SaveData\SaveDataDialogExports.cs"
"en7gNVnh878","libSceSaveDataDialog","libSceSaveDataDialog.native","FUNC","1","IMPLEMENTED_HLE","1","sceSaveDataDialogIsReadyToDisplay","src\SharpEmu.Libs\SaveData\SaveDataDialogExports.cs"
"s9e3+YpRnzw","libSceSaveDataDialog","libSceSaveDataDialog.native","FUNC","1","IMPLEMENTED_HLE","1","sceSaveDataDialogInitialize","src\SharpEmu.Libs\SaveData\SaveDataDialogExports.cs"
"4tPhsP6FpDI","libSceSaveDataDialog","libSceSaveDataDialog.native","FUNC","1","IMPLEMENTED_HLE","1","sceSaveDataDialogOpen","src\SharpEmu.Libs\SaveData\SaveDataDialogExports.cs"
"yEiJ-qqr6Cg","libSceSaveDataDialog","libSceSaveDataDialog.native","FUNC","1","IMPLEMENTED_HLE","1","sceSaveDataDialogGetResult","src\SharpEmu.Libs\SaveData\SaveDataDialogExports.cs"
"S1GkePI17zQ","libSceSaveData_native","libSceSaveData_native","FUNC","1","IMPLEMENTED_HLE","1","sceSaveDataDelete","src\SharpEmu.Libs\SaveData\SaveDataExports.cs"
"fH46Lag88XY","libSceSaveDataDialog","libSceSaveDataDialog.native","FUNC","1","IMPLEMENTED_HLE","1","sceSaveDataDialogClose","src\SharpEmu.Libs\SaveData\SaveDataDialogExports.cs"
"uW4vfTwMQVo","libSceSaveData_native","libSceSaveData_native","FUNC","1","IMPLEMENTED_HLE","1","sceSaveDataUmount2","src\SharpEmu.Libs\SaveData\SaveDataExports.cs"
"hay1CfTmLyA","libSceSaveDataDialog","libSceSaveDataDialog.native","FUNC","1","IMPLEMENTED_HLE","1","sceSaveDataDialogProgressBarSetValue","src\SharpEmu.Libs\SaveData\SaveDataDialogExports.cs"
"YuH2FA7azqQ","libSceSaveDataDialog","libSceSaveDataDialog.native","FUNC","1","IMPLEMENTED_HLE","1","sceSaveDataDialogTerminate","src\SharpEmu.Libs\SaveData\SaveDataDialogExports.cs"
"lJUQuaKqoKY","libSceSaveData_native","libSceSaveData_native","FUNC","1","IMPLEMENTED_HLE","1","sceSaveDataDeleteTransactionResource","src\SharpEmu.Libs\SaveData\SaveDataExports.cs"
"ZP4e7rlzOUk","libSceSaveData_native","libSceSaveData_native","FUNC","1","IMPLEMENTED_HLE","1","sceSaveDataMount3","src\SharpEmu.Libs\SaveData\SaveDataExports.cs"
"65VH0Qaaz6s","libSceSaveData_native","libSceSaveData_native","FUNC","1","IMPLEMENTED_HLE","1","sceSaveDataGetMountInfo","src\SharpEmu.Libs\SaveData\SaveDataExports.cs"
"sDCBrmc61XU","libSceSaveData_native","libSceSaveData_native","FUNC","1","IMPLEMENTED_HLE","1","sceSaveDataPrepare","src\SharpEmu.Libs\SaveData\SaveDataExports.cs"
"c88Yy54Mx0w","libSceSaveData_native","libSceSaveData_native","FUNC","1","IMPLEMENTED_HLE","1","sceSaveDataSaveIcon","src\SharpEmu.Libs\SaveData\SaveDataExports.cs"
"85zul--eGXs","libSceSaveData_native","libSceSaveData_native","FUNC","1","IMPLEMENTED_HLE","1","sceSaveDataSetParam","src\SharpEmu.Libs\SaveData\SaveDataExports.cs"
"ie7qhZ4X0Cc","libSceSaveData_native","libSceSaveData_native","FUNC","1","IMPLEMENTED_HLE","1","sceSaveDataCommit","src\SharpEmu.Libs\SaveData\SaveDataExports.cs"
"z1JA8-iJt3k","libSceSaveData_native","libSceSaveData_native","FUNC","1","NO_HLE_EXPORT","0","",""
"EMutwaQ34Jo","libc","libc","FUNC","1","IMPLEMENTED_HLE","1","perror","src\SharpEmu.Libs\Kernel\KernelExports.cs"
"TywrFKCoLGY","libSceSaveData_native","libSceSaveData_native","FUNC","1","IMPLEMENTED_HLE","1","sceSaveDataInitialize3","src\SharpEmu.Libs\SaveData\SaveDataExports.cs"
"yKDy8S5yLA0","libSceSaveData_native","libSceSaveData_native","FUNC","1","IMPLEMENTED_HLE","1","sceSaveDataTerminate","src\SharpEmu.Libs\SaveData\SaveDataExports.cs"
"ERKzksauAJA","libSceSaveDataDialog","libSceSaveDataDialog.native","FUNC","1","IMPLEMENTED_HLE","1","sceSaveDataDialogGetStatus","src\SharpEmu.Libs\SaveData\SaveDataDialogExports.cs"
"NesIgTmfF0Q","libc","libc","FUNC","1","NO_HLE_EXPORT","0","",""
"C4UgDHHPvdw","libSceNet","libSceNet","FUNC","1","IMPLEMENTED_HLE","1","sceNetResolverCreate","src\SharpEmu.Libs\Network\NetExports.cs"
"Nd91WaWmG2w","libSceNet","libSceNet","FUNC","1","NO_HLE_EXPORT","0","",""
"Apb4YDxKsRI","libSceNet","libSceNet","FUNC","1","NO_HLE_EXPORT","0","",""
"kJlYH5uMAWI","libSceNet","libSceNet","FUNC","1","IMPLEMENTED_HLE","1","sceNetResolverDestroy","src\SharpEmu.Libs\Network\NetExports.cs"
"YQ0navp+YIc","libc","libc","FUNC","1","NO_HLE_EXPORT","0","",""
"-P6FNMzk2Kc","libc","libc","FUNC","1","IMPLEMENTED_HLE","1","cosf","src\SharpEmu.Libs\LibcCompat\LibcMathCompilerRuntimeExports.cs"
"HUbZmOnT-Dg","libc","libc","FUNC","1","IMPLEMENTED_HLE","1","atan2","src\SharpEmu.Libs\LibcCompat\LibcMathCompilerRuntimeExports.cs"
"jMB7EFyu30Y","libc","libc","FUNC","1","IMPLEMENTED_HLE","1","sincos","src\SharpEmu.Libs\LibcCompat\RuntimePosixRemainingExportsV54.cs"
"D-CzAxQL0XI","libSceUserService","libSceUserServicePlatformPrivacyWs1","FUNC","1","IMPLEMENTED_HLE","1","sceUserServiceGetPlatformPrivacySetting","src\SharpEmu.Libs\UserService\UserServiceExports.cs"
"uoUpLGNkygk","libSceCommonDialog","libSceCommonDialog","FUNC","1","IMPLEMENTED_HLE","1","sceCommonDialogInitialize","src\SharpEmu.Libs\CommonDialog\CommonDialogExports.cs"
"1xxcMiGu2fo","libSceUserService","libSceUserService","FUNC","1","IMPLEMENTED_HLE","1","sceUserServiceGetUserName","src\SharpEmu.Libs\UserService\UserServiceExports.cs"
"BQ3tey0JmQM","libSceCommonDialog","libSceCommonDialog","FUNC","1","IMPLEMENTED_HLE","1","sceCommonDialogIsUsed","src\SharpEmu.Libs\CommonDialog\CommonDialogExports.cs"
"1n37q1Bvc5Y","libSceSystemService","libSceSystemService","FUNC","1","IMPLEMENTED_HLE","1","sceSystemServiceGetDisplaySafeAreaInfo","src\SharpEmu.Libs\SystemService\SystemServiceExports.cs"
"HuViW4HnrOw","libSceVideoOut","libSceVideoOut","FUNC","1","NO_HLE_EXPORT","0","",""
"U46NwOiJpys","libSceVideoOut","libSceVideoOut","FUNC","1","IMPLEMENTED_HLE","1","sceVideoOutSubmitFlip","src\SharpEmu.Libs\VideoOut\VideoOutExports.cs"
"zgXifHT9ErY","libSceVideoOut","libSceVideoOut","FUNC","1","IMPLEMENTED_HLE","1","sceVideoOutIsFlipPending","src\SharpEmu.Libs\VideoOut\VideoOutExports.cs"
"j6RaAUlaLv0","libSceVideoOut","libSceVideoOut","FUNC","1","IMPLEMENTED_HLE","1","sceVideoOutWaitVblank","src\SharpEmu.Libs\VideoOut\VideoOutExports.cs"
"PjS5uASwcV8","libSceVideoOut","libSceVideoOut","FUNC","1","IMPLEMENTED_HLE","1","sceVideoOutSetBufferAttribute2","src\SharpEmu.Libs\VideoOut\VideoOutExports.cs"
"N5KDtkIjjJ4","libSceVideoOut","libSceVideoOut","FUNC","1","IMPLEMENTED_HLE","1","sceVideoOutUnregisterBuffers","src\SharpEmu.Libs\VideoOut\VideoOutExports.cs"
"rKBUtgRrtbk","libSceVideoOut","libSceVideoOut","FUNC","1","IMPLEMENTED_HLE","1","sceVideoOutRegisterBuffers2","src\SharpEmu.Libs\VideoOut\VideoOutExports.cs"
"utPrVdxio-8","libSceVideoOut","libSceVideoOut","FUNC","1","IMPLEMENTED_HLE","1","sceVideoOutGetOutputStatus","src\SharpEmu.Libs\VideoOut\VideoOutExports.cs"
"Up36PTk687E","libSceVideoOut","libSceVideoOut","FUNC","1","IMPLEMENTED_HLE","1","sceVideoOutOpen","src\SharpEmu.Libs\VideoOut\VideoOutExports.cs"
"DYhhWbJSeRg","libSceVideoOut","libSceVideoOut","FUNC","1","IMPLEMENTED_HLE","1","sceVideoOutColorSettingsSetGamma_","src\SharpEmu.Libs\VideoOut\VideoOutExports.cs"
"pv9CI5VC+R0","libSceVideoOut","libSceVideoOut","FUNC","1","IMPLEMENTED_HLE","1","sceVideoOutAdjustColor_","src\SharpEmu.Libs\VideoOut\VideoOutExports.cs"
"CBiu4mCE1DA","libSceVideoOut","libSceVideoOut","FUNC","1","IMPLEMENTED_HLE","1","sceVideoOutSetFlipRate","src\SharpEmu.Libs\VideoOut\VideoOutExports.cs"
"MTxxrOCeSig","libSceVideoOut","libSceVideoOut","FUNC","1","IMPLEMENTED_HLE","1","sceVideoOutSetWindowModeMargins","src\SharpEmu.Libs\VideoOut\VideoOutExports.cs"
"uquVH4-Du78","libSceVideoOut","libSceVideoOut","FUNC","1","IMPLEMENTED_HLE","1","sceVideoOutClose","src\SharpEmu.Libs\VideoOut\VideoOutExports.cs"
"9030RnBDoh4","libScePngEnc","libScePngEnc","FUNC","1","NO_HLE_EXPORT","0","",""
"7aGTPfrqT9s","libScePngEnc","libScePngEnc","FUNC","1","NO_HLE_EXPORT","0","",""
"xgDjJKpcyHo","libScePngEnc","libScePngEnc","FUNC","1","NO_HLE_EXPORT","0","",""
"RUrWdwTWZy8","libScePngEnc","libScePngEnc","FUNC","1","NO_HLE_EXPORT","0","",""
"o6ZgXfFdWXQ","libSceJpegEnc","libSceJpegEnc","FUNC","1","NO_HLE_EXPORT","0","",""
"K+rocojkr-I","libSceJpegEnc","libSceJpegEnc","FUNC","1","NO_HLE_EXPORT","0","",""
"QbrU0cUghEM","libSceJpegEnc","libSceJpegEnc","FUNC","1","NO_HLE_EXPORT","0","",""
"j1LyMdaM+C0","libSceJpegEnc","libSceJpegEnc","FUNC","1","NO_HLE_EXPORT","0","",""
"hsi9drzHR2k","libc","libc","FUNC","1","IMPLEMENTED_HLE","1","log2f","src\SharpEmu.Libs\LibcCompat\LibcMathCompilerRuntimeExports.cs"
"14bOACANTBo","libkernel","libkernel","FUNC","1","IMPLEMENTED_HLE","1","scePthreadOnce","src\SharpEmu.Libs\Kernel\KernelPthreadCompatExports.cs"
"+qitMEbkSWk","libc","libc","FUNC","1","NO_HLE_EXPORT","0","",""
"wuAQt-j+p4o","libc","libc","FUNC","1","IMPLEMENTED_HLE","1","exp2f","src\SharpEmu.Libs\LibcCompat\LibcMathCompilerRuntimeExports.cs"
"xENtRue8dpI","libc","libc","FUNC","1","IMPLEMENTED_HLE","1","strtof","src\SharpEmu.Libs\LibcCompat\LibcRuntimeExpansionV46Exports.cs"
"B+vc2AO2Zrc","libkernel","libkernel","FUNC","1","IMPLEMENTED_HLE","1","sceKernelAllocateMainDirectMemory","src\SharpEmu.Libs\Kernel\KernelMemoryCompatExports.cs"
"MBuItvba6z8","libkernel","libkernel","FUNC","1","IMPLEMENTED_HLE","1","sceKernelReleaseDirectMemory","src\SharpEmu.Libs\Kernel\KernelMemoryCompatExports.cs"
"Qoo175Ig+-k","libc","libc","OBJECT","1","NO_HLE_EXPORT","0","",""
"P8F2oavZXtY","libc","libc","FUNC","1","NO_HLE_EXPORT","0","",""
"Cv+zC4EjGMA","libc","libc","OBJECT","1","NO_HLE_EXPORT","0","",""
"sUP1hBaouOw","libc","libc","FUNC","1","IMPLEMENTED_HLE","1","_Getpctype","src\SharpEmu.Libs\LibcStdioExports.cs"
"QW2jL1J5rwY","libc","libc","FUNC","1","NO_HLE_EXPORT","0","",""
"Av3zjWi64Kw","libc","libc","FUNC","1","NO_HLE_EXPORT","0","",""
"0WMHDb5Dt94","libc","libc","FUNC","1","IMPLEMENTED_HLE","1","modf","src\SharpEmu.Libs\LibcCompat\LibcMemoryStringExports.cs"
"hv1luiJrqQM","libScePad","libScePad","FUNC","1","IMPLEMENTED_HLE","1","scePadInit","src\SharpEmu.Libs\Pad\PadExports.cs"
"3pcAvmwKCvM","libSceSystemGesture","libSceSystemGesture","FUNC","1","IMPLEMENTED_HLE","1","sceSystemGestureInitializePrimitiveTouchRecognizer","src\SharpEmu.Libs\SystemGesture\SystemGestureExports.cs"
"fPhymKNvK-A","libSceUserService","libSceUserService","FUNC","1","IMPLEMENTED_HLE","1","sceUserServiceGetLoginUserIdList","src\SharpEmu.Libs\UserService\UserServiceExports.cs"
"PMVehSlfZ94","libSceIme","libSceIme","FUNC","1","NO_HLE_EXPORT","0","",""
"3QYCmMlOlCY","libSceSystemGesture","libSceSystemGesture","FUNC","1","NO_HLE_EXPORT","0","",""
"-4GCfYdNF1s","libSceIme","libSceIme","FUNC","1","IMPLEMENTED_HLE","1","sceImeUpdate","src\SharpEmu.Libs\Ime\ImeExports.cs"
"eaFXjfJv3xs","libSceIme","libSceIme","FUNC","1","IMPLEMENTED_HLE","1","sceImeKeyboardOpen","src\SharpEmu.Libs\Ime\ImeExports.cs"
"xk0AcarP3V4","libScePad","libScePad","FUNC","1","IMPLEMENTED_HLE","1","scePadOpen","src\SharpEmu.Libs\Pad\PadExports.cs"
"qpo-mEOwje0","libSceSystemGesture","libSceSystemGesture","FUNC","1","IMPLEMENTED_HLE","1","sceSystemGestureOpen","src\SharpEmu.Libs\SystemGesture\SystemGestureExports.cs"
"FWF8zkhr854","libSceSystemGesture","libSceSystemGesture","FUNC","1","IMPLEMENTED_HLE","1","sceSystemGestureCreateTouchRecognizer","src\SharpEmu.Libs\SystemGesture\SystemGestureExports.cs"
"6ncge5+l5Qs","libScePad","libScePad","FUNC","1","IMPLEMENTED_HLE","1","scePadClose","src\SharpEmu.Libs\Pad\PadExports.cs"
"j4yXIA2jJ68","libSceSystemGesture","libSceSystemGesture","FUNC","1","NO_HLE_EXPORT","0","",""
"clVvL4ZDntw","libScePad","libScePad","FUNC","1","IMPLEMENTED_HLE","1","scePadSetMotionSensorState","src\SharpEmu.Libs\Pad\PadExports.cs"
"yFVnOdGxvZY","libScePad","libScePad","FUNC","1","IMPLEMENTED_HLE","1","scePadSetVibration","src\SharpEmu.Libs\Pad\PadExports.cs"
"RR4novUEENY","libScePad","libScePad","FUNC","1","IMPLEMENTED_HLE","1","scePadSetLightBar","src\SharpEmu.Libs\Pad\PadExports.cs"
"2JgFB2n9oUM","libScePad","libScePad","FUNC","1","IMPLEMENTED_HLE","1","scePadSetTriggerEffect","src\SharpEmu.Libs\Pad\PadExports.cs"
"q1cHNfGycLI","libScePad","libScePad","FUNC","1","IMPLEMENTED_HLE","1","scePadRead","src\SharpEmu.Libs\Pad\PadExports.cs"
"gjP9-KQzoUk","libScePad","libScePad","FUNC","1","IMPLEMENTED_HLE","1","scePadGetControllerInformation","src\SharpEmu.Libs\Pad\PadExports.cs"
"YndgXqQVV7c","libScePad","libScePad","FUNC","1","IMPLEMENTED_HLE","1","scePadReadState","src\SharpEmu.Libs\Pad\PadExports.cs"
"GgFMb22sbbI","libSceSystemGesture","libSceSystemGesture","FUNC","1","IMPLEMENTED_HLE","1","sceSystemGestureUpdatePrimitiveTouchRecognizer","src\SharpEmu.Libs\SystemGesture\SystemGestureExports.cs"
"j4h82CQWENo","libSceSystemGesture","libSceSystemGesture","FUNC","1","IMPLEMENTED_HLE","1","sceSystemGestureUpdateTouchRecognizer","src\SharpEmu.Libs\SystemGesture\SystemGestureExports.cs"
"h8uongcBNVs","libSceSystemGesture","libSceSystemGesture","FUNC","1","IMPLEMENTED_HLE","1","sceSystemGestureGetTouchEventsCount","src\SharpEmu.Libs\SystemGesture\SystemGestureExports.cs"
"TSKvgSz5ChU","libSceSystemGesture","libSceSystemGesture","FUNC","1","NO_HLE_EXPORT","0","",""
"uBPlr0lbuiI","libSceNetCtl","libSceNetCtl","FUNC","1","IMPLEMENTED_HLE","1","sceNetCtlGetState","src\SharpEmu.Libs\Network\NetCtlExports.cs"
"Vo5V8KAwCmk","libSceSystemService","libSceSystemService","FUNC","1","IMPLEMENTED_HLE","1","sceSystemServiceHideSplashScreen","src\SharpEmu.Libs\SystemService\SystemServiceExports.cs"
"aI+OeCz8xrQ","libkernel","libkernel","FUNC","1","IMPLEMENTED_HLE","1","scePthreadSelf","src\SharpEmu.Libs\Kernel\KernelPthreadCompatExports.cs"
"YNzNkJzYqEg","libc","libc","FUNC","1","IMPLEMENTED_HLE","1","strncpy_s","src\SharpEmu.Libs\LibcCompat\LibcMemoryStringExports.cs"
"xEszJVGpybs","libc","libc","FUNC","1","NO_HLE_EXPORT","0","",""
"lhpd6Wk6ccs","libc","libc","FUNC","1","IMPLEMENTED_HLE","1","log10f","src\SharpEmu.Libs\LibcCompat\LibcMathCompilerRuntimeExports.cs"
"WDpobjImAb4","libc","libc","FUNC","1","IMPLEMENTED_HLE","1","wcsstr","src\SharpEmu.Libs\LibcCompat\LibcMemoryStringExports.cs"
"x9uumWcxhXU","libc","libc","FUNC","1","IMPLEMENTED_HLE","1","wcsspn","src\SharpEmu.Libs\LibcCompat\LibcMemoryStringExports.cs"
"g3ShSirD50I","libc","libc","FUNC","1","IMPLEMENTED_HLE","1","wcsrchr","src\SharpEmu.Libs\LibcCompat\LibcMemoryStringExports.cs"
"g+PZd2hiacg","libkernel","libkernel","FUNC","1","IMPLEMENTED_HLE","1","scePthreadCondDestroy","src\SharpEmu.Libs\Kernel\KernelPthreadCompatExports.cs"
"2Tb92quprl0","libkernel","libkernel","FUNC","1","IMPLEMENTED_HLE","1","scePthreadCondInit","src\SharpEmu.Libs\Kernel\KernelPthreadCompatExports.cs"
"kDh-NfxgMtE","libkernel","libkernel","FUNC","1","IMPLEMENTED_HLE","1","scePthreadCondSignal","src\SharpEmu.Libs\Kernel\KernelPthreadCompatExports.cs"
"BmMjYxmew1w","libkernel","libkernel","FUNC","1","IMPLEMENTED_HLE","1","scePthreadCondTimedwait","src\SharpEmu.Libs\Kernel\KernelPthreadCompatExports.cs"
"WKAXJ4XBPQ4","libkernel","libkernel","FUNC","1","IMPLEMENTED_HLE","1","scePthreadCondWait","src\SharpEmu.Libs\Kernel\KernelPthreadCompatExports.cs"
"IafI2PxcPnQ","libkernel","libkernel","FUNC","1","NO_HLE_EXPORT","0","",""
"BB+kb08Tl9A","libkernel","libkernel","FUNC","1","IMPLEMENTED_HLE","1","scePthreadRwlockDestroy","src\SharpEmu.Libs\Kernel\KernelPthreadExtendedCompatExports.cs"
"6ULAa0fq4jA","libkernel","libkernel","FUNC","1","IMPLEMENTED_HLE","1","scePthreadRwlockInit","src\SharpEmu.Libs\Kernel\KernelPthreadExtendedCompatExports.cs"
"adh--6nIqTk","libkernel","libkernel","FUNC","1","NO_HLE_EXPORT","0","",""
"mqdNorrB+gI","libkernel","libkernel","FUNC","1","IMPLEMENTED_HLE","1","scePthreadRwlockWrlock","src\SharpEmu.Libs\Kernel\KernelPthreadExtendedCompatExports.cs"
"bIHoZCTomsI","libkernel","libkernel","FUNC","1","IMPLEMENTED_HLE","1","scePthreadRwlockTrywrlock","src\SharpEmu.Libs\Kernel\KernelPthreadV45Aliases.cs"
"+L98PIbGttk","libkernel","libkernel","FUNC","1","IMPLEMENTED_HLE","1","scePthreadRwlockUnlock","src\SharpEmu.Libs\Kernel\KernelPthreadExtendedCompatExports.cs"
"iPtZRWICjrM","libkernel","libkernel","FUNC","1","NO_HLE_EXPORT","0","",""
"Ox9i0c7L5w0","libkernel","libkernel","FUNC","1","IMPLEMENTED_HLE","1","scePthreadRwlockRdlock","src\SharpEmu.Libs\Kernel\KernelPthreadExtendedCompatExports.cs"
"XD3mDeybCnk","libkernel","libkernel","FUNC","1","IMPLEMENTED_HLE","1","scePthreadRwlockTryrdlock","src\SharpEmu.Libs\Kernel\KernelPthreadV45Aliases.cs"
"3kg7rT0NQIs","libkernel","libkernel","FUNC","1","IMPLEMENTED_HLE","1","scePthreadExit","src\SharpEmu.Libs\Kernel\KernelExports.cs"
"4qGrR6eoP9Y","libkernel","libkernel","FUNC","1","IMPLEMENTED_HLE","1","scePthreadDetach","src\SharpEmu.Libs\Kernel\KernelPthreadExtendedCompatExports.cs"
"1QJWxoB6pCo","libc","libc","FUNC","1","NO_HLE_EXPORT","0","",""
"-7nRJFXMxnM","libc","libc","FUNC","1","NO_HLE_EXPORT","0","",""
"u0XOsuOmOzc","libc","libc","FUNC","1","IMPLEMENTED_HLE","1","vswprintf","src\SharpEmu.Libs\Kernel\KernelMemoryCompatExports.cs"
"R1Jvn8bSCW8","libkernel","libkernel","FUNC","1","IMPLEMENTED_HLE","1","sceKernelDeleteSema","src\SharpEmu.Libs\Kernel\KernelSemaphoreCompatExports.cs"
"188x57JYp0g","libkernel","libkernel","FUNC","1","IMPLEMENTED_HLE","1","sceKernelCreateSema","src\SharpEmu.Libs\Kernel\KernelSemaphoreCompatExports.cs"
"4czppHBiriw","libkernel","libkernel","FUNC","1","IMPLEMENTED_HLE","1","sceKernelSignalSema","src\SharpEmu.Libs\Kernel\KernelSemaphoreCompatExports.cs"
"Zxa0VhQVTsk","libkernel","libkernel","FUNC","1","IMPLEMENTED_HLE","1","sceKernelWaitSema","src\SharpEmu.Libs\Kernel\KernelSemaphoreCompatExports.cs"
"12wOHk8ywb0","libkernel","libkernel","FUNC","1","IMPLEMENTED_HLE","1","sceKernelPollSema","src\SharpEmu.Libs\Kernel\KernelSemaphoreCompatExports.cs"
"O4L+0oCN9zA","libc","libc","FUNC","1","NO_HLE_EXPORT","0","",""
"PdnFCFqKGqA","libc","libc","FUNC","1","NO_HLE_EXPORT","0","",""
"SAd0Z3wKwLA","libc","libc","FUNC","1","IMPLEMENTED_HLE","1","tanhf","src\SharpEmu.Libs\LibcCompat\LibcMathCompilerRuntimeExports.cs"
"kn0yiYeExgA","libc","libc","FUNC","1","IMPLEMENTED_HLE","1","ldexpf","src\SharpEmu.Libs\LibcCompat\LibcMemoryStringExports.cs"
"aaDMGGkXFxo","libc","libc","FUNC","1","IMPLEMENTED_HLE","1","frexpf","src\SharpEmu.Libs\LibcCompat\LibcMemoryStringExports.cs"
"TVfbf1sXt0A","libc","libc","OBJECT","1","NO_HLE_EXPORT","0","",""
"CvJ3HUPlMIY","libc","libc","OBJECT","1","NO_HLE_EXPORT","0","",""
"2WVBaSdGIds","libc","libc","OBJECT","1","NO_HLE_EXPORT","0","",""
"2bASh0rEeXI","libc","libc","OBJECT","1","NO_HLE_EXPORT","0","",""
"d-YRIvO0jXI","libc","libc","OBJECT","1","NO_HLE_EXPORT","0","",""
"u1GRHp+oWoY","libScePad","libScePad","FUNC","1","IMPLEMENTED_HLE","1","scePadGetHandle","src\SharpEmu.Libs\Pad\PadExports.cs"
"fgxnMeTNUtY","libkernel","libkernel","FUNC","1","IMPLEMENTED_HLE","1","sceKernelGetProcessTimeCounter","src\SharpEmu.Libs\Kernel\KernelRuntimeCompatExports.cs"
"BNowx2l588E","libkernel","libkernel","FUNC","1","IMPLEMENTED_HLE","1","sceKernelGetProcessTimeCounterFrequency","src\SharpEmu.Libs\Kernel\KernelRuntimeCompatExports.cs"
"GMpvxPFW924","libc","libc","FUNC","1","IMPLEMENTED_HLE","1","vprintf","src\SharpEmu.Libs\Kernel\KernelMemoryCompatExports.cs"
"GfxAp9Xyiqs","libc","libc","FUNC","1","IMPLEMENTED_HLE","1","__isnan","src\SharpEmu.Libs\LibcCompat\RuntimePosixRemainingExportsV54.cs"
"7SXNu+0KBYQ","libc","libc","FUNC","1","NO_HLE_EXPORT","0","",""
"7-a7sBHeUQ8","libc","libc","FUNC","1","NO_HLE_EXPORT","0","",""
"ejekcaNQNq0","libkernel","libkernel","FUNC","1","IMPLEMENTED_HLE","1","sceKernelGettimeofday","src\SharpEmu.Libs\Kernel\KernelRuntimeCompatExports.cs"
"gjbmYpP-XJQ","libc","libc","FUNC","1","NO_HLE_EXPORT","0","",""
"RIa6GnWp+iU","libc","libc","FUNC","1","NO_HLE_EXPORT","0","",""
"H8AprKeZtNg","libc","libc","OBJECT","1","NO_HLE_EXPORT","0","",""
"fffwELXNVFA","libc","libc","FUNC","1","IMPLEMENTED_HLE","1","fprintf","src\SharpEmu.Libs\LibcStdioExports.cs"
"aZK8lNei-Qw","libc","libc","FUNC","1","IMPLEMENTED_HLE","1","fputc","src\SharpEmu.Libs\LibcStdioExports.cs"
"1TDo-ImqkJc","libc","libc","OBJECT","1","NO_HLE_EXPORT","0","",""
"KdP-nULpuGw","libc","libc","FUNC","1","IMPLEMENTED_HLE","1","fgets","src\SharpEmu.Libs\LibcStdioExports.cs"
"QZP6I9ZZxpE","libc","libc","FUNC","1","NO_HLE_EXPORT","0","",""
"1mecP7RgI2A","libc","libc","FUNC","1","NO_HLE_EXPORT","0","",""
"-VVn74ZyhEs","libc","libc","FUNC","1","IMPLEMENTED_HLE","1","difftime","src\SharpEmu.Libs\LibcCompat\RuntimePosixRemainingExportsV54.cs"
"MZO7FXyAPU8","libc","libc","FUNC","1","NO_HLE_EXPORT","0","",""
"NN01qLRhiqU","libkernel","libScePosix","FUNC","1","NO_HLE_EXPORT","0","",""
"PtsB1Q9wsFA","libc","libc","FUNC","1","NO_HLE_EXPORT","0","",""
"MUjC4lbHrK4","libc","libc","FUNC","1","IMPLEMENTED_HLE","1","fflush","src\SharpEmu.Libs\LibcStdioExports.cs"
"8Q60JLJ6Rv4","libc","libc","FUNC","1","IMPLEMENTED_HLE","1","getc","src\SharpEmu.Libs\LibcStdioExports.cs"
"-LFO7jhD5CE","libc","libc","FUNC","1","NO_HLE_EXPORT","0","",""
"npLpPTaSuHg","libc","libc","FUNC","1","NO_HLE_EXPORT","0","",""
"H8ya2H00jbI","libc","libc","FUNC","1","IMPLEMENTED_HLE","1","sin","src\SharpEmu.Libs\LibcCompat\LibcMathCompilerRuntimeExports.cs"
"2WE3BTYVwKM","libc","libc","FUNC","1","IMPLEMENTED_HLE","1","cos","src\SharpEmu.Libs\LibcCompat\LibcMathCompilerRuntimeExports.cs"
"T7uyNqP7vQA","libc","libc","FUNC","1","IMPLEMENTED_HLE","1","tan","src\SharpEmu.Libs\LibcCompat\LibcMathCompilerRuntimeExports.cs"
"7Ly52zaL44Q","libc","libc","FUNC","1","IMPLEMENTED_HLE","1","asin","src\SharpEmu.Libs\LibcCompat\LibcMathCompilerRuntimeExports.cs"
"JBcgYuW8lPU","libc","libc","FUNC","1","IMPLEMENTED_HLE","1","acos","src\SharpEmu.Libs\LibcCompat\LibcMathCompilerRuntimeExports.cs"
"OXmauLdQ8kY","libc","libc","FUNC","1","IMPLEMENTED_HLE","1","atan","src\SharpEmu.Libs\LibcCompat\LibcMathCompilerRuntimeExports.cs"
"kA-TdiOCsaY","libc","libc","FUNC","1","IMPLEMENTED_HLE","1","frexp","src\SharpEmu.Libs\LibcCompat\LibcMemoryStringExports.cs"
"JrwFIMzKNr0","libc","libc","FUNC","1","IMPLEMENTED_HLE","1","ldexp","src\SharpEmu.Libs\LibcCompat\LibcMemoryStringExports.cs"
"rtV7-jWC6Yg","libc","libc","FUNC","1","IMPLEMENTED_HLE","1","log","src\SharpEmu.Libs\LibcCompat\LibcMathCompilerRuntimeExports.cs"
"WuMbPBKN1TU","libc","libc","FUNC","1","IMPLEMENTED_HLE","1","log10","src\SharpEmu.Libs\LibcCompat\LibcMathCompilerRuntimeExports.cs"
"NVadfnzQhHQ","libc","libc","FUNC","1","IMPLEMENTED_HLE","1","exp","src\SharpEmu.Libs\LibcCompat\LibcMathCompilerRuntimeExports.cs"
"VPbJwTCgME0","libc","libc","FUNC","1","NO_HLE_EXPORT","0","",""
"8u8lPzUEq+U","libc","libc","FUNC","1","IMPLEMENTED_HLE","1","memchr","src\SharpEmu.Libs\Kernel\KernelMemoryCompatExports.cs"
"kDZvoVssCgQ","libc","libc","FUNC","1","IMPLEMENTED_HLE","1","strpbrk","src\SharpEmu.Libs\LibcCompat\LibcMemoryStringExports.cs"
"DfivPArhucg","libc","libc","FUNC","1","IMPLEMENTED_HLE","1","memcmp","src\SharpEmu.Libs\Kernel\KernelMemoryCompatExports.cs"
"34nH7v2xvNQ","libc","libc","FUNC","1","NO_HLE_EXPORT","0","",""
"P6piso307SE","libSceNpManager","libSceNpManager","FUNC","1","NO_HLE_EXPORT","0","",""
"3Zl8BePTh9Y","libSceNpManager","libSceNpManager","FUNC","1","IMPLEMENTED_HLE","1","sceNpCheckCallback","src\SharpEmu.Libs\Np\NpManagerExports.cs"
"fIATVMo4Y1w","libSceNpWebApi2","libSceNpWebApi2","FUNC","1","NO_HLE_EXPORT","0","",""
"WV1GwM32NgY","libSceNpWebApi2","libSceNpWebApi2","FUNC","1","IMPLEMENTED_HLE","1","sceNpWebApi2PushEventCreateHandle","src\SharpEmu.Libs\Np\NpWebApi2Exports.cs"
"ysmw6J-P8Ak","libSceNpSessionSignaling","libSceNpSessionSignaling","FUNC","1","IMPLEMENTED_HLE","1","sceNpSessionSignalingInitialize","src\SharpEmu.Libs\Np\NpSessionSignalingExports.cs"
"CqJuNXo5yiM","libSceNpSessionSignaling","libSceNpSessionSignaling","FUNC","1","NO_HLE_EXPORT","0","",""
"aBuX0PX-T7I","libSceNpSessionSignaling","libSceNpSessionSignaling","FUNC","1","NO_HLE_EXPORT","0","",""
"yJw2m6UWDYU","libSceNpSessionSignaling","libSceNpSessionSignaling","FUNC","1","NO_HLE_EXPORT","0","",""
"Z9Q9LzQDXf0","libSceNpSessionSignaling","libSceNpSessionSignaling","FUNC","1","NO_HLE_EXPORT","0","",""
"p+zLIOg27zU","libSceFiber","libSceFiber","FUNC","1","IMPLEMENTED_HLE","1","sceFiberGetSelf","src\SharpEmu.Libs\Fiber\FiberExports.cs"
"3PtV6p3QNX4","libkernel","libkernel","FUNC","1","IMPLEMENTED_HLE","1","scePthreadEqual","src\SharpEmu.Libs\Kernel\KernelPthreadCompatExports.cs"
"How7B8Oet6k","libkernel","libkernel","FUNC","1","IMPLEMENTED_HLE","1","scePthreadGetname","src\SharpEmu.Libs\Kernel\KernelPthreadExtendedCompatExports.cs"
"cQkBH-pXhF0","libSceNpSessionSignaling","libSceNpSessionSignaling","FUNC","1","NO_HLE_EXPORT","0","",""
"r4XacqHvkn4","libSceNpSessionSignaling","libSceNpSessionSignaling","FUNC","1","NO_HLE_EXPORT","0","",""
"3EI-OSJ65Xc","libSceNpWebApi2","libSceNpWebApi2","FUNC","1","NO_HLE_EXPORT","0","",""
"egOOvrnF6mI","libSceNpWebApi2","libSceNpWebApi2","FUNC","1","NO_HLE_EXPORT","0","",""
"lQOCF84lvzw","libSceNpWebApi2","libSceNpWebApi2","FUNC","1","NO_HLE_EXPORT","0","",""
"vvzWO-DvG1s","libSceNpWebApi2","libSceNpWebApi2","FUNC","1","NO_HLE_EXPORT","0","",""
"OOY9+ObfKec","libSceNpWebApi2","libSceNpWebApi2","FUNC","1","NO_HLE_EXPORT","0","",""
"MsaFhR+lPE4","libSceNpWebApi2","libSceNpWebApi2","FUNC","1","IMPLEMENTED_HLE","1","sceNpWebApi2PushEventCreateFilter","src\SharpEmu.Libs\Np\NpWebApi2Exports.cs"
"fY3QqeNkF8k","libSceNpWebApi2","libSceNpWebApi2","FUNC","1","NO_HLE_EXPORT","0","",""
"KJdPcOGmK58","libSceNpWebApi2","libSceNpWebApi2","FUNC","1","NO_HLE_EXPORT","0","",""
"hOnIlcGrO6g","libSceNpWebApi2","libSceNpWebApi2","FUNC","1","NO_HLE_EXPORT","0","",""
"lxtHJMwBsaU","libSceNpWebApi2","libSceNpWebApi2","FUNC","1","NO_HLE_EXPORT","0","",""
"PmyrbbJSFz0","libSceNpWebApi2","libSceNpWebApi2","FUNC","1","NO_HLE_EXPORT","0","",""
"NNVf18SlbT8","libSceNpWebApi2","libSceNpWebApi2","FUNC","1","NO_HLE_EXPORT","0","",""
"AAj9X+4aGYA","libSceNpWebApi2","libSceNpWebApi2","FUNC","1","NO_HLE_EXPORT","0","",""
"QafxeZM3WK4","libSceNpWebApi2","libSceNpWebApi2","FUNC","1","NO_HLE_EXPORT","0","",""
"5jRCs2axtr4","libkernel","libScePosix","FUNC","1","IMPLEMENTED_HLE","1","inet_ntop","src\SharpEmu.Libs\Network\NetExports.cs"
"4n51s0zEf0c","libkernel","libScePosix","FUNC","1","IMPLEMENTED_HLE","1","inet_pton","src\SharpEmu.Libs\Kernel\KernelSocketCompatExports.cs"
"TUuiYS2kE8s","libkernel","libScePosix","FUNC","1","NO_HLE_EXPORT","0","",""
"TU-d9PfIHPM","libkernel","libScePosix","FUNC","1","IMPLEMENTED_HLE","1","socket","src\SharpEmu.Libs\Kernel\KernelSocketCompatExports.cs"
"KuOmgKoqCdY","libkernel","libScePosix","FUNC","1","IMPLEMENTED_HLE","1","bind","src\SharpEmu.Libs\Kernel\KernelSocketCompatExports.cs"
"pxnCmagrtao","libkernel","libScePosix","FUNC","1","NO_HLE_EXPORT","0","",""
"SF47kB2MNTo","libSceNet","libSceNet","FUNC","1","NO_HLE_EXPORT","0","",""
"ZVw46bsasAk","libSceNet","libSceNet","FUNC","1","NO_HLE_EXPORT","0","",""
"Inp1lfL+Jdw","libSceNet","libSceNet","FUNC","1","NO_HLE_EXPORT","0","",""
"fFxGkxF2bVo","libkernel","libScePosix","FUNC","1","IMPLEMENTED_HLE","1","setsockopt","src\SharpEmu.Libs\Network\NetExports.cs"
"drjIbDbA7UQ","libSceNet","libSceNet","FUNC","1","NO_HLE_EXPORT","0","",""
"HQOwnfMGipQ","libSceNet","libSceNet","FUNC","1","IMPLEMENTED_HLE","1","sceNetErrnoLoc","src\SharpEmu.Libs\Network\NetExports.cs"
"6O8EwYOgH9Y","libkernel","libScePosix","FUNC","1","IMPLEMENTED_HLE","1","getsockopt","src\SharpEmu.Libs\Network\NetExports.cs"
"RenI1lL1WFk","libkernel","libScePosix","FUNC","1","IMPLEMENTED_HLE","1","getsockname","src\SharpEmu.Libs\Kernel\KernelSocketCompatExports.cs"
"oBr313PppNE","libkernel","libScePosix","FUNC","1","NO_HLE_EXPORT","0","",""
"TSM6whtekok","libSceNet","libSceNet","FUNC","1","NO_HLE_EXPORT","0","",""
"UJ+Z7Q+4ck0","libSceNetCtl","libSceNetCtl","FUNC","1","IMPLEMENTED_HLE","1","sceNetCtlRegisterCallback","src\SharpEmu.Libs\Network\NetCtlExports.cs"
"qQJfO8HAiaY","libSceNpManager","libSceNpManager","FUNC","1","IMPLEMENTED_HLE","1","sceNpRegisterStateCallbackA","src\SharpEmu.Libs\Np\NpManagerExports.cs"
"eQH7nWPcAgc","libSceNpManager","libSceNpManager","FUNC","1","IMPLEMENTED_HLE","1","sceNpGetState","src\SharpEmu.Libs\Np\NpManagerExports.cs"
"iQw3iQPhvUQ","libSceNetCtl","libSceNetCtl","FUNC","1","IMPLEMENTED_HLE","1","sceNetCtlCheckCallback","src\SharpEmu.Libs\Network\NetCtlExports.cs"
"Rqm2OnZMCz0","libSceNetCtl","libSceNetCtl","FUNC","1","IMPLEMENTED_HLE","1","sceNetCtlUnregisterCallback","src\SharpEmu.Libs\Network\NetCtlExports.cs"
"M3wFXbYQtAA","libSceNpManager","libSceNpManager","FUNC","1","NO_HLE_EXPORT","0","",""
"Bw31liTFT3A","libSceSigninDialog","libSceSigninDialog","FUNC","1","NO_HLE_EXPORT","0","",""
"mlYGfmqE3fQ","libSceSigninDialog","libSceSigninDialog","FUNC","1","NO_HLE_EXPORT","0","",""
"JlpJVoRWv7U","libSceSigninDialog","libSceSigninDialog","FUNC","1","NO_HLE_EXPORT","0","",""
"oBmw4xrmfKs","libSceImeDialog","libSceImeDialog","FUNC","1","IMPLEMENTED_HLE","1","sceImeDialogAbort","src\SharpEmu.Libs\Ime\ImeDialogExports.cs"
"pZ9WXcClPO8","libc","libc","OBJECT","1309","NO_HLE_EXPORT","0","",""
"ltCfaGr2JGE","libkernel","libScePosix","FUNC","1","IMPLEMENTED_HLE","1","pthread_mutex_destroy","src\SharpEmu.Libs\Kernel\KernelPthreadCompatExports.cs"
"7H0iTOciTLo","libkernel","libScePosix","FUNC","1","IMPLEMENTED_HLE","1","pthread_mutex_lock","src\SharpEmu.Libs\Kernel\KernelPthreadCompatExports.cs"
"K-jXhbt2gn4","libkernel","libScePosix","FUNC","1","IMPLEMENTED_HLE","1","pthread_mutex_trylock","src\SharpEmu.Libs\Kernel\KernelPthreadCompatExports.cs"
"2Z+PpY6CaJg","libkernel","libScePosix","FUNC","1","IMPLEMENTED_HLE","1","pthread_mutex_unlock","src\SharpEmu.Libs\Kernel\KernelPthreadCompatExports.cs"
"byV+FWlAnB4","libc","libc","OBJECT","82","NO_HLE_EXPORT","0","",""
"VOBg+iNwB-4","libc","libc","FUNC","1","IMPLEMENTED_HLE","1","strtoll","src\SharpEmu.Libs\LibcCompat\LibcRuntimeExpansionV46Exports.cs"
"jbz9I9vkqkk","libc","libc","FUNC","1","IMPLEMENTED_HLE","1","vsprintf","src\SharpEmu.Libs\Kernel\KernelMemoryCompatExports.cs"
"JM4EBvWT9rc","libc","libc","FUNC","1","IMPLEMENTED_HLE","1","tanh","src\SharpEmu.Libs\LibcCompat\LibcMathCompilerRuntimeExports.cs"
"ttHNfU+qDBU","libkernel","libScePosix","FUNC","1","IMPLEMENTED_HLE","1","pthread_mutex_init","src\SharpEmu.Libs\Kernel\KernelPthreadCompatExports.cs"
"HF7lK46xzjY","libkernel","libScePosix","FUNC","1","IMPLEMENTED_HLE","1","pthread_mutexattr_destroy","src\SharpEmu.Libs\Kernel\KernelPthreadCompatExports.cs"
"dQHWEsJtoE4","libkernel","libScePosix","FUNC","1","IMPLEMENTED_HLE","1","pthread_mutexattr_init","src\SharpEmu.Libs\Kernel\KernelPthreadCompatExports.cs"
"mDmgMOGVUqg","libkernel","libScePosix","FUNC","1","IMPLEMENTED_HLE","1","pthread_mutexattr_settype","src\SharpEmu.Libs\Kernel\KernelPthreadCompatExports.cs"
"9ByRMdo7ywg","libc","libc","OBJECT","39","NO_HLE_EXPORT","0","",""
"j2AIqSqJP0w","libkernel","libkernel","FUNC","1","IMPLEMENTED_HLE","1","sceKernelGetdents","src\SharpEmu.Libs\Kernel\KernelMemoryCompatExports.cs"
"naInUjYt3so","libkernel","libkernel","FUNC","1","IMPLEMENTED_HLE","1","sceKernelRmdir","src\SharpEmu.Libs\Kernel\KernelMemoryCompatExports.cs"
"AUXVxWeJU-A","libkernel","libkernel","FUNC","1","IMPLEMENTED_HLE","1","sceKernelUnlink","src\SharpEmu.Libs\Kernel\KernelMemoryCompatExports.cs"
"3+UPM-9E6xY","libc","libc","FUNC","1","IMPLEMENTED_HLE","1","modff","src\SharpEmu.Libs\LibcCompat\LibcMemoryStringExports.cs"
"24m4Z4bUaoY","libc","libc","FUNC","1","NO_HLE_EXPORT","0","",""
"2JtWUUiYBXs","libSceAgc","libSceAgc","FUNC","1","IMPLEMENTED_HLE","1","sceAgcGetRegisterDefaults2","src\SharpEmu.Libs\Agc\AgcExports.cs"
"vSMAm3cxYTY","libkernel","libkernel","FUNC","1","IMPLEMENTED_HLE","1","sceKernelMprotect","src\SharpEmu.Libs\Kernel\KernelMemoryCompatExports.cs"
"23LRUSvYu1M","libSceAgc","libSceAgc","FUNC","1","IMPLEMENTED_HLE","1","sceAgcInit","src\SharpEmu.Libs\Agc\AgcExports.cs"
"BfBDZGbti7A","libSceAgc","libSceAgc","FUNC","1","IMPLEMENTED_HLE","1","sceAgcGetIsTrinityMode","src\SharpEmu.Libs\Agc\AgcExports.cs"
"wRbq6ZjNop4","libSceAgc","libSceAgc","FUNC","1","IMPLEMENTED_HLE","1","sceAgcGetRegisterDefaults2Internal","src\SharpEmu.Libs\Agc\AgcExports.cs"
"UglJIZjGssM","libSceAgcDriver","libSceAgcDriver","FUNC","1","IMPLEMENTED_HLE","1","sceAgcDriverSubmitDcb","src\SharpEmu.Libs\Agc\AgcExports.cs"
"AhGvpITrf4M","libSceAgcDriver","libSceAgcDriver","FUNC","1","NO_HLE_EXPORT","0","",""
"6UzEidRZwkg","libSceAgcDriver","libSceAgcDriver","FUNC","1","IMPLEMENTED_HLE","1","sceAgcDriverSubmitMultiDcbs","src\SharpEmu.Libs\Agc\AgcExports.cs"
"+T8Xo6LtFJI","libSceAgcDriver","libSceAgcDriver","FUNC","1","NO_HLE_EXPORT","0","",""
"gSRnr79F8tQ","libSceAgcDriver","libSceAgcDriver","FUNC","1","IMPLEMENTED_HLE","1","sceAgcDriverSubmitAcb","src\SharpEmu.Libs\Agc\AgcExports.cs"
"HF3YllT3mXU","libSceAgcDriver","libSceAgcDriver","FUNC","1","NO_HLE_EXPORT","0","",""
"w2rJhmD+dsE","libSceAgcDriver","libSceAgcDriver","FUNC","1","IMPLEMENTED_HLE","1","sceAgcDriverAddEqEvent","src\SharpEmu.Libs\Agc\AgcExports.cs"
"DL2RXaXOy88","libSceAgcDriver","libSceAgcDriver","FUNC","1","IMPLEMENTED_HLE","1","sceAgcDriverDeleteEqEvent","src\SharpEmu.Libs\Agc\AgcExports.cs"
"5CdQTZIQPxM","libSceAgcDriver","libSceAgcDriver","FUNC","1","NO_HLE_EXPORT","0","",""
"Zw7uUVPulbw","libSceAgcDriver","libSceAgcDriver","FUNC","1","NO_HLE_EXPORT","0","",""
"h9z6+0hEydk","libSceAgc","libSceAgc","FUNC","1","IMPLEMENTED_HLE","1","sceAgcSuspendPoint","src\SharpEmu.Libs\Agc\AgcExports.cs"
"AAeX-U5-P3M","libSceAgc","libSceAgc","FUNC","1","NO_HLE_EXPORT","0","",""
"Xq5WmbwPTnQ","libSceAgcDriver","libSceAgcDriver","FUNC","1","NO_HLE_EXPORT","0","",""
"SAfhzJPcjuk","libSceAgcDriver","libSceAgcDriver","FUNC","1","NO_HLE_EXPORT","0","",""
"FOwvmNlFLjM","libSceAgcDriver","libSceAgcDriver","FUNC","1","NO_HLE_EXPORT","0","",""
"Ddwk4gLT5j0","libSceAgcDriver","libSceAgcDriver","FUNC","1","NO_HLE_EXPORT","0","",""
"qspAL8bgcBY","libSceAgcDriver","libSceAgcDriver","FUNC","1","NO_HLE_EXPORT","0","",""
"+iAOE3jCnkk","libSceAgcDriver","libSceAgcDriver","FUNC","1","NO_HLE_EXPORT","0","",""
"WHIOMbb+iIU","libSceAgcDriver","libSceAgcDriver","FUNC","1","NO_HLE_EXPORT","0","",""
"chJWZcNSzjk","libSceAgcDriver","libSceAgcDriver","FUNC","1","NO_HLE_EXPORT","0","",""
"ICaGtkEIXTk","libSceAgcDriver","libSceAgcDriver","FUNC","1","NO_HLE_EXPORT","0","",""
"8F5j7U-Bq6s","libSceAgcDriver","libSceAgcDriver","FUNC","1","NO_HLE_EXPORT","0","",""
"+TN0oRTBxJQ","libSceAgcDriver","libSceAgcDriver","FUNC","1","NO_HLE_EXPORT","0","",""
"rJUyMrDdxJg","libSceAgcDriver","libSceAgcDriver","FUNC","1","NO_HLE_EXPORT","0","",""
"3AyTaWcF-H8","libSceAgcDriver","libSceAgcDriver","FUNC","1","NO_HLE_EXPORT","0","",""
"n5ElQVYsU1A","libSceAgcDriver","libSceAgcDriver","FUNC","1","NO_HLE_EXPORT","0","",""
"OQTgEXyihvA","libSceAgc","libSceAgc","FUNC","1","NO_HLE_EXPORT","0","",""
"RTpj-tIlvZc","libSceAgc","libSceAgc","FUNC","1","NO_HLE_EXPORT","0","",""
"SwI6QxqwAC0","libSceAgc","libSceAgc","FUNC","1","NO_HLE_EXPORT","0","",""
"AOLcoIkQDgM","libSceAgcDriver","libSceAgcDriver","FUNC","1","IMPLEMENTED_HLE","1","sceAgcDriverQueryResourceRegistrationUserMemoryRequirements","src\SharpEmu.Libs\Agc\AgcExports.cs"
"F0Y42t-3e18","libSceAgcDriver","libSceAgcDriver","FUNC","1","IMPLEMENTED_HLE","1","sceAgcDriverInitResourceRegistration","src\SharpEmu.Libs\Agc\AgcExports.cs"
"uJziRsODk1c","libSceAgcDriver","libSceAgcDriver","FUNC","1","IMPLEMENTED_HLE","1","sceAgcDriverGetResourceRegistrationMaxNameLength","src\SharpEmu.Libs\Agc\AgcExports.cs"
"X-Nm5KLREeg","libSceAgcDriver","libSceAgcDriver","FUNC","1","IMPLEMENTED_HLE","1","sceAgcDriverRegisterOwner","src\SharpEmu.Libs\Agc\AgcExports.cs"
"W5z4eZrjEas","libSceAgcDriver","libSceAgcDriver","FUNC","1","IMPLEMENTED_HLE","1","sceAgcDriverRegisterResource","src\SharpEmu.Libs\Agc\AgcExports.cs"
"emP3ckeS2uo","libSceAgcDriver","libSceAgcDriver","FUNC","1","NO_HLE_EXPORT","0","",""
"pWLG7WOpVcw","libSceAgcDriver","libSceAgcDriver","FUNC","1","IMPLEMENTED_HLE","1","sceAgcDriverUnregisterResource","src\SharpEmu.Libs\Agc\AgcExports.cs"
"ZLJk9r2+2Aw","libSceAgcDriver","libSceAgcDriver","FUNC","1","IMPLEMENTED_HLE","1","sceAgcDriverUnregisterOwnerAndResources","src\SharpEmu.Libs\Agc\AgcExports.cs"
"SCoAN5fYlUM","libSceAgcDriver","libSceAgcDriver","FUNC","1","IMPLEMENTED_HLE","1","sceAgcDriverUnregisterAllResourcesForOwner","src\SharpEmu.Libs\Agc\AgcExports.cs"
"U9ueyEhSkF4","libSceAgcDriver","libSceAgcDriver","FUNC","1","IMPLEMENTED_HLE","1","sceAgcDriverRegisterDefaultOwner","src\SharpEmu.Libs\Agc\AgcExports.cs"
"F0ZXt5q0ZTA","libSceAgcDriver","libSceAgcDriver","FUNC","1","IMPLEMENTED_HLE","1","sceAgcDriverGetDefaultOwner","src\SharpEmu.Libs\Agc\AgcExports.cs"
"5l3IfCFJxBs","libSceAgcDriver","libSceAgcDriver","FUNC","1","NO_HLE_EXPORT","0","",""
"M9yBzRKkjPc","libSceAgcDriver","libSceAgcDriver","FUNC","1","NO_HLE_EXPORT","0","",""
"rI9lNAXPMIw","libSceAgcDriver","libSceAgcDriver","FUNC","1","NO_HLE_EXPORT","0","",""
"NghWEUXp1qM","libSceAgcDriver","libSceAgcDriver","FUNC","1","NO_HLE_EXPORT","0","",""
"ls4jfY576lw","libSceAgcDriver","libSceAgcDriver","FUNC","1","NO_HLE_EXPORT","0","",""
"VOMSpd9+vxU","libSceAgcDriver","libSceAgcDriver","FUNC","1","NO_HLE_EXPORT","0","",""
"mXn+K9E-wOA","libSceAgcDriver","libSceAgcDriver","FUNC","1","NO_HLE_EXPORT","0","",""
"LepGrgk77sM","libSceAgcDriver","libSceAgcDriver","FUNC","1","NO_HLE_EXPORT","0","",""
"T6xuVw0KUJo","libSceAgc","libSceAgc","FUNC","1","NO_HLE_EXPORT","0","",""
"f3dg2CSgRKY","libSceAgc","libSceAgc","FUNC","1","IMPLEMENTED_HLE","1","sceAgcCreateShader","src\SharpEmu.Libs\Agc\AgcExports.cs"
"dolOmWH+huQ","libSceAgc","libSceAgc","FUNC","1","IMPLEMENTED_HLE","1","sceAgcGetFusedShaderSize","src\SharpEmu.Libs\Agc\AgcExports.cs"
"fd5Bp5tGTgo","libSceAgc","libSceAgc","FUNC","1","IMPLEMENTED_HLE","1","sceAgcFuseShaderHalves","src\SharpEmu.Libs\Agc\AgcExports.cs"
"HV4j+E0MBHE","libSceAgc","libSceAgc","FUNC","1","IMPLEMENTED_HLE","1","sceAgcCreateInterpolantMapping","src\SharpEmu.Libs\Agc\AgcExports.cs"
"k0E7vkgqAuE","libSceAgc","libSceAgc","FUNC","1","NO_HLE_EXPORT","0","",""
"D9sr1xGUriE","libSceAgc","libSceAgc","FUNC","1","IMPLEMENTED_HLE","1","sceAgcCreatePrimState","src\SharpEmu.Libs\Agc\AgcExports.cs"
"Y3ymLfZ1384","libSceAgc","libSceAgc","FUNC","1","NO_HLE_EXPORT","0","",""
"NKIzURsgV7I","libSceAgc","libSceAgc","FUNC","1","NO_HLE_EXPORT","0","",""
"ICkECTBxrMw","libSceAgc","libSceAgc","FUNC","1","NO_HLE_EXPORT","0","",""
"w1KFAHVqpaU","libSceAgc","libSceAgc","FUNC","1","IMPLEMENTED_HLE","1","sceAgcCbBranch","src\SharpEmu.Libs\Agc\AgcExports.cs"
"k3GhuSNmBLU","libSceAgc","libSceAgc","FUNC","1","IMPLEMENTED_HLE","1","sceAgcCbDispatch","src\SharpEmu.Libs\Agc\AgcExports.cs"
"7toV+elXqNM","libSceAgc","libSceAgc","FUNC","1","NO_HLE_EXPORT","0","",""
"wr23dPKyWc0","libSceAgc","libSceAgc","FUNC","1","IMPLEMENTED_HLE","1","sceAgcCbReleaseMem","src\SharpEmu.Libs\Agc\AgcExports.cs"
"LtTouSCZjHM","libSceAgc","libSceAgc","FUNC","1","IMPLEMENTED_HLE","1","sceAgcCbNop","src\SharpEmu.Libs\Agc\AgcExports.cs"
"n2fD4A+pb+g","libSceAgc","libSceAgc","FUNC","1","IMPLEMENTED_HLE","1","sceAgcCbSetShRegisterRangeDirect","src\SharpEmu.Libs\Agc\AgcExports.cs"
"MDLD5Ly94Xk","libSceAgc","libSceAgc","FUNC","1","NO_HLE_EXPORT","0","",""
"UZbQjYAwwXM","libSceAgc","libSceAgc","FUNC","1","IMPLEMENTED_HLE","1","sceAgcCbSetShRegistersDirect","src\SharpEmu.Libs\Agc\AgcExports.cs"
"03RZmELWWzw","libSceAgc","libSceAgc","FUNC","1","NO_HLE_EXPORT","0","",""
"6nths4DHNrs","libSceAgc","libSceAgc","FUNC","1","NO_HLE_EXPORT","0","",""
"Abendgtz+3o","libSceAgc","libSceAgc","FUNC","1","IMPLEMENTED_HLE","1","sceAgcCbDispatchGetSize","src\SharpEmu.Libs\Agc\AgcGraphicsSizingV55Exports.cs"
"uZW-mqsxkrM","libSceAgc","libSceAgc","FUNC","1","IMPLEMENTED_HLE","1","sceAgcCbBranchGetSize","src\SharpEmu.Libs\Agc\AgcExports.cs"
"FuVbkyKlf+s","libSceAgc","libSceAgc","FUNC","1","NO_HLE_EXPORT","0","",""
"t7PlZ9nt5Lc","libSceAgc","libSceAgc","FUNC","1","IMPLEMENTED_HLE","1","sceAgcCbNopGetSize","src\SharpEmu.Libs\Agc\AgcExports.cs"
"hL7C0IRpWZI","libSceAgc","libSceAgc","FUNC","1","IMPLEMENTED_HLE","1","sceAgcCbQueueEndOfPipeActionGetSize","src\SharpEmu.Libs\Agc\AgcExports.cs"
"bxGoVxpdSPQ","libSceAgc","libSceAgc","FUNC","1","NO_HLE_EXPORT","0","",""
"JOWmDrl+j20","libSceAgc","libSceAgc","FUNC","1","NO_HLE_EXPORT","0","",""
"yUBESvCCJ4I","libSceAgc","libSceAgc","FUNC","1","NO_HLE_EXPORT","0","",""
"TGEZzUWLbrc","libSceAgc","libSceAgc","FUNC","1","NO_HLE_EXPORT","0","",""
"XKKuA6VkSRc","libSceAgc","libSceAgc","FUNC","1","NO_HLE_EXPORT","0","",""
"KT-hTp-Ch14","libSceAgc","libSceAgc","FUNC","1","IMPLEMENTED_HLE","1","sceAgcAcbAcquireMem","src\SharpEmu.Libs\Agc\AgcExports.cs"
"qyM2bxYFPAk","libSceAgc","libSceAgc","FUNC","1","NO_HLE_EXPORT","0","",""
"qzMN2XKGA4k","libSceAgc","libSceAgc","FUNC","1","NO_HLE_EXPORT","0","",""
"j3EtxFkSIhQ","libSceAgc","libSceAgc","FUNC","1","IMPLEMENTED_HLE","1","sceAgcAcbDispatchIndirect","src\SharpEmu.Libs\Agc\AgcExports.cs"
"-RnpfpxIhec","libSceAgc","libSceAgc","FUNC","1","IMPLEMENTED_HLE","1","sceAgcAcbDmaData","src\SharpEmu.Libs\Agc\AgcExports.cs"
"cFazmnXpJOE","libSceAgc","libSceAgc","FUNC","1","IMPLEMENTED_HLE","1","sceAgcAcbEventWrite","src\SharpEmu.Libs\Agc\AgcExports.cs"
"e1DFTg+Sd8U","libSceAgc","libSceAgc","FUNC","1","IMPLEMENTED_HLE","1","sceAgcAcbJump","src\SharpEmu.Libs\Agc\AgcExports.cs"
"eZ4+17OQz4Q","libSceAgc","libSceAgc","FUNC","1","IMPLEMENTED_HLE","1","sceAgcAcbWriteData","src\SharpEmu.Libs\Agc\AgcExports.cs"
"htn36gPnBk4","libSceAgc","libSceAgc","FUNC","1","IMPLEMENTED_HLE","1","sceAgcAcbWaitRegMem","src\SharpEmu.Libs\Agc\AgcExports.cs"
"GPbUp9jXQa8","libSceAgc","libSceAgc","FUNC","1","NO_HLE_EXPORT","0","",""
"DwICrVxerkY","libSceAgc","libSceAgc","FUNC","1","NO_HLE_EXPORT","0","",""
"JrtiDtKeS38","libSceAgc","libSceAgc","FUNC","1","IMPLEMENTED_HLE","1","sceAgcAcbResetQueue","src\SharpEmu.Libs\Agc\AgcExports.cs"
"szG7hz2yEhA","libSceAgc","libSceAgc","FUNC","1","NO_HLE_EXPORT","0","",""
"gQkqkLttcpw","libSceAgc","libSceAgc","FUNC","1","NO_HLE_EXPORT","0","",""
"xAeBOa0A3kk","libSceAgc","libSceAgc","FUNC","1","NO_HLE_EXPORT","0","",""
"pxx-GoOSdw4","libSceAgc","libSceAgc","FUNC","1","NO_HLE_EXPORT","0","",""
"cpCILPya5Zk","libSceAgc","libSceAgc","FUNC","1","IMPLEMENTED_HLE","1","sceAgcAcbPushMarker","src\SharpEmu.Libs\Agc\AgcExports.cs"
"8Kly1JrJUlw","libSceAgc","libSceAgc","FUNC","1","NO_HLE_EXPORT","0","",""
"6mFxkVqdmbQ","libSceAgc","libSceAgc","FUNC","1","IMPLEMENTED_HLE","1","sceAgcAcbPopMarker","src\SharpEmu.Libs\Agc\AgcExports.cs"
"ebixW91gpPw","libSceAgc","libSceAgc","FUNC","1","NO_HLE_EXPORT","0","",""
"hFQ9pUxoLQ4","libSceAgc","libSceAgc","FUNC","1","NO_HLE_EXPORT","0","",""
"q4VuU-QsLOE","libSceAgc","libSceAgc","FUNC","1","NO_HLE_EXPORT","0","",""
"rVOmPz2RBlg","libSceAgc","libSceAgc","FUNC","1","NO_HLE_EXPORT","0","",""
"opR1JeJZCBU","libSceAgc","libSceAgc","FUNC","1","NO_HLE_EXPORT","0","",""
"FcgdDM3MB+k","libSceAgc","libSceAgc","FUNC","1","NO_HLE_EXPORT","0","",""
"ewobAQeMo5k","libSceAgc","libSceAgc","FUNC","1","IMPLEMENTED_HLE","1","sceAgcAcbAcquireMemGetSize","src\SharpEmu.Libs\Agc\AgcExports.cs"
"hcIxS8pmXF4","libSceAgc","libSceAgc","FUNC","1","NO_HLE_EXPORT","0","",""
"da1Sm8-QDoU","libSceAgc","libSceAgc","FUNC","1","NO_HLE_EXPORT","0","",""
"ozKzBP4aki4","libSceAgc","libSceAgc","FUNC","1","NO_HLE_EXPORT","0","",""
"b-oySn+G2tE","libSceAgc","libSceAgc","FUNC","1","IMPLEMENTED_HLE","1","sceAgcAcbJumpGetSize","src\SharpEmu.Libs\Agc\AgcExports.cs"
"CbQh3DKMSno","libSceAgc","libSceAgc","FUNC","1","NO_HLE_EXPORT","0","",""
"M0ttm8h7SKA","libSceAgc","libSceAgc","FUNC","1","IMPLEMENTED_HLE","1","sceAgcAcbDmaDataGetSize","src\SharpEmu.Libs\Agc\AgcExports.cs"
"PxKWV2fVAps","libSceAgc","libSceAgc","FUNC","1","IMPLEMENTED_HLE","1","sceAgcAcbDispatchIndirectGetSize","src\SharpEmu.Libs\Agc\AgcGraphicsSizingV55Exports.cs"
"Y-5vneiBtzk","libSceAgc","libSceAgc","FUNC","1","NO_HLE_EXPORT","0","",""
"eCjKaqeeQ5s","libSceAgc","libSceAgc","FUNC","1","NO_HLE_EXPORT","0","",""
"0ZOG0jc9nRg","libSceAgc","libSceAgc","FUNC","1","NO_HLE_EXPORT","0","",""
"idlaArvdXEs","libSceAgc","libSceAgc","FUNC","1","NO_HLE_EXPORT","0","",""
"F8NLhWvFemI","libSceAgc","libSceAgc","FUNC","1","NO_HLE_EXPORT","0","",""
"57labkp+rSQ","libSceAgc","libSceAgc","FUNC","1","IMPLEMENTED_HLE","1","sceAgcDcbAcquireMem","src\SharpEmu.Libs\Agc\AgcExports.cs"
"1-gUn1PI4Sw","libSceAgc","libSceAgc","FUNC","1","NO_HLE_EXPORT","0","",""
"qj7QZpgr9Uw","libSceAgc","libSceAgc","FUNC","1","IMPLEMENTED_HLE","1","sceAgcUnknownQj7QZpgr9Uw","src\SharpEmu.Libs\Agc\AgcExports.cs"
"BIPexNBSGog","libSceAgc","libSceAgc","FUNC","1","NO_HLE_EXPORT","0","",""
"xSAR0LTcRKM","libSceAgc","libSceAgc","FUNC","1","IMPLEMENTED_HLE","1","sceAgcDcbJump","src\SharpEmu.Libs\Agc\AgcExports.cs"
"1rZSWUv1IRc","libSceAgc","libSceAgc","FUNC","1","NO_HLE_EXPORT","0","",""
"WmAc2MEj6Io","libSceAgc","libSceAgc","FUNC","1","IMPLEMENTED_HLE","1","sceAgcDcbDmaData","src\SharpEmu.Libs\Agc\AgcExports.cs"
"i1jyy49AjXU","libSceAgc","libSceAgc","FUNC","1","IMPLEMENTED_HLE","1","sceAgcDcbWriteData","src\SharpEmu.Libs\Agc\AgcExports.cs"
"-HOOCn0JY48","libSceAgc","libSceAgc","FUNC","1","IMPLEMENTED_HLE","1","sceAgcDcbSetShRegistersIndirect","src\SharpEmu.Libs\Agc\AgcExports.cs"
"ZvwO9euwYzc","libSceAgc","libSceAgc","FUNC","1","IMPLEMENTED_HLE","1","sceAgcDcbSetCxRegistersIndirect","src\SharpEmu.Libs\Agc\AgcExports.cs"
"hvUfkUIQcOE","libSceAgc","libSceAgc","FUNC","1","IMPLEMENTED_HLE","1","sceAgcDcbSetUcRegistersIndirect","src\SharpEmu.Libs\Agc\AgcExports.cs"
"w4-d0n60hdo","libSceAgc","libSceAgc","FUNC","1","IMPLEMENTED_HLE","1","sceAgcDcbSetUcRegisterDirect","src\SharpEmu.Libs\Agc\AgcExports.cs"
"LHFXRrlTPD8","libSceAgc","libSceAgc","FUNC","1","IMPLEMENTED_HLE","1","sceAgcDcbSetCxRegisterDirect","src\SharpEmu.Libs\Agc\AgcExports.cs"
"pFLArOT53+w","libSceAgc","libSceAgc","FUNC","1","NO_HLE_EXPORT","0","",""
"CtB+A9-VxO0","libSceAgc","libSceAgc","FUNC","1","IMPLEMENTED_HLE","1","sceAgcDcbDispatchIndirect","src\SharpEmu.Libs\Agc\AgcExports.cs"
"Yw0jKSqop+E","libSceAgc","libSceAgc","FUNC","1","IMPLEMENTED_HLE","1","sceAgcDcbDrawIndexAuto","src\SharpEmu.Libs\Agc\AgcExports.cs"
"q88lQ+GP5Yk","libSceAgc","libSceAgc","FUNC","1","IMPLEMENTED_HLE","1","sceAgcDcbDrawIndex","src\SharpEmu.Libs\Agc\AgcExports.cs"
"B+aG9DUnTKA","libSceAgc","libSceAgc","FUNC","1","IMPLEMENTED_HLE","1","sceAgcDcbDrawIndexOffset","src\SharpEmu.Libs\Agc\AgcExports.cs"
"1q1titRBL6o","libSceAgc","libSceAgc","FUNC","1","IMPLEMENTED_HLE","1","sceAgcDcbDrawIndirect","src\SharpEmu.Libs\Agc\AgcExports.cs"
"kUlvghKs-mA","libSceAgc","libSceAgc","FUNC","1","NO_HLE_EXPORT","0","",""
"ypVBz4uPKcQ","libSceAgc","libSceAgc","FUNC","1","IMPLEMENTED_HLE","1","sceAgcDcbDrawIndexIndirectMulti","src\SharpEmu.Libs\Agc\AgcExports.cs"
"t1vNu082-jM","libSceAgc","libSceAgc","FUNC","1","IMPLEMENTED_HLE","1","sceAgcDcbDrawIndexIndirect","src\SharpEmu.Libs\Agc\AgcExports.cs"
"Rlx+bykm0r0","libSceAgc","libSceAgc","FUNC","1","NO_HLE_EXPORT","0","",""
"aJf+j5yntiU","libSceAgc","libSceAgc","FUNC","1","IMPLEMENTED_HLE","1","sceAgcDcbEventWrite","src\SharpEmu.Libs\Agc\AgcExports.cs"
"vuSXe69VILM","libSceAgc","libSceAgc","FUNC","1","IMPLEMENTED_HLE","1","sceAgcDcbGetLodStats","src\SharpEmu.Libs\Agc\AgcExports.cs"
"RmaJwLtc8rY","libSceAgc","libSceAgc","FUNC","1","IMPLEMENTED_HLE","1","sceAgcDcbSetBaseIndirectArgs","src\SharpEmu.Libs\Agc\AgcExports.cs"
"-KRzWekV120","libSceAgc","libSceAgc","FUNC","1","IMPLEMENTED_HLE","1","sceAgcDriverUnknown_KRzWekV120","src\SharpEmu.Libs\Agc\AgcExports.cs"
"l4fM9K-Lyks","libSceAgc","libSceAgc","FUNC","1","IMPLEMENTED_HLE","1","sceAgcDcbSetIndexBuffer","src\SharpEmu.Libs\Agc\AgcExports.cs"
"8N2tmT3jmC8","libSceAgc","libSceAgc","FUNC","1","IMPLEMENTED_HLE","1","sceAgcDcbSetIndexCount","src\SharpEmu.Libs\Agc\AgcExports.cs"
"tSBxhAPyytQ","libSceAgc","libSceAgc","FUNC","1","IMPLEMENTED_HLE","1","sceAgcDcbSetNumInstances","src\SharpEmu.Libs\Agc\AgcExports.cs"
"u2T2DiA5hRI","libSceAgc","libSceAgc","FUNC","1","IMPLEMENTED_HLE","1","sceAgcDcbStallCommandBufferParser","src\SharpEmu.Libs\Agc\AgcExports.cs"
"VmW0Tdpy420","libSceAgc","libSceAgc","FUNC","1","IMPLEMENTED_HLE","1","sceAgcDcbWaitRegMem","src\SharpEmu.Libs\Agc\AgcExports.cs"
"zfcxg-ewMK8","libSceAgc","libSceAgc","FUNC","1","IMPLEMENTED_HLE","1","sceAgcDcbRewind","src\SharpEmu.Libs\Agc\AgcExports.cs"
"jt3pl7EN17o","libSceAgc","libSceAgc","FUNC","1","NO_HLE_EXPORT","0","",""
"TRO721eVt4g","libSceAgc","libSceAgc","FUNC","1","IMPLEMENTED_HLE","1","sceAgcDcbResetQueue","src\SharpEmu.Libs\Agc\AgcExports.cs"
"0o3VDdtA6nM","libSceAgc","libSceAgc","FUNC","1","NO_HLE_EXPORT","0","",""
"bbFueFP+J4k","libSceAgc","libSceAgc","FUNC","1","IMPLEMENTED_HLE","1","sceAgcDcbSetPredication","src\SharpEmu.Libs\Agc\AgcExports.cs"
"zARR5aCmkoY","libSceAgc","libSceAgc","FUNC","1","NO_HLE_EXPORT","0","",""
"MWiElSNE8j8","libSceAgc","libSceAgc","FUNC","1","IMPLEMENTED_HLE","1","sceAgcDcbWaitUntilSafeForRendering","src\SharpEmu.Libs\Agc\AgcExports.cs"
"QhCbS4X9Rl8","libSceAgc","libSceAgc","FUNC","1","NO_HLE_EXPORT","0","",""
"BYcSvEsINWU","libSceAgc","libSceAgc","FUNC","1","NO_HLE_EXPORT","0","",""
"+kSrjIVxKFE","libSceAgc","libSceAgc","FUNC","1","IMPLEMENTED_HLE","1","sceAgcDcbPushMarker","src\SharpEmu.Libs\Agc\AgcExports.cs"
"N7M3+N-sBCw","libSceAgc","libSceAgc","FUNC","1","NO_HLE_EXPORT","0","",""
"H7uZqCoNuWk","libSceAgc","libSceAgc","FUNC","1","IMPLEMENTED_HLE","1","sceAgcDcbPopMarker","src\SharpEmu.Libs\Agc\AgcExports.cs"
"YUeqkyT7mEQ","libSceAgc","libSceAgc","FUNC","1","IMPLEMENTED_HLE","1","sceAgcDcbSetFlip","src\SharpEmu.Libs\Agc\AgcExports.cs"
"G0jrLdvEqDw","libSceAgc","libSceAgc","FUNC","1","NO_HLE_EXPORT","0","",""
"LFSPFmGc9Hg","libSceAgc","libSceAgc","FUNC","1","NO_HLE_EXPORT","0","",""
"hEK26Wdny6s","libSceAgc","libSceAgc","FUNC","1","NO_HLE_EXPORT","0","",""
"FneFypEDRgY","libSceAgc","libSceAgc","FUNC","1","NO_HLE_EXPORT","0","",""
"nNlUtdDDvZ0","libSceAgc","libSceAgc","FUNC","1","NO_HLE_EXPORT","0","",""
"GBCh3zCihoU","libSceAgc","libSceAgc","FUNC","1","NO_HLE_EXPORT","0","",""
"UQGTw4xRlcM","libSceAgc","libSceAgc","FUNC","1","NO_HLE_EXPORT","0","",""
"QhPDD513V0w","libSceAgc","libSceAgc","FUNC","1","NO_HLE_EXPORT","0","",""
"1DeUNpRIDDA","libSceAgc","libSceAgc","FUNC","1","NO_HLE_EXPORT","0","",""
"aP1Ki9G3++4","libSceAgc","libSceAgc","FUNC","1","IMPLEMENTED_HLE","1","sceAgcDcbSetUcRegisterDirectGetSize","src\SharpEmu.Libs\Agc\AgcExports.cs"
"-vnlTPPXPrw","libSceAgc","libSceAgc","FUNC","1","IMPLEMENTED_HLE","1","sceAgcDcbAcquireMemGetSize","src\SharpEmu.Libs\Agc\AgcExports.cs"
"1tB0xkLNjcw","libSceAgc","libSceAgc","FUNC","1","NO_HLE_EXPORT","0","",""
"oz6zQq1JwCE","libSceAgc","libSceAgc","FUNC","1","NO_HLE_EXPORT","0","",""
"ou16V5hh5sg","libSceAgc","libSceAgc","FUNC","1","NO_HLE_EXPORT","0","",""
"H6vHS5cidSA","libSceAgc","libSceAgc","FUNC","1","NO_HLE_EXPORT","0","",""
"VEGu4dixjUg","libSceAgc","libSceAgc","FUNC","1","IMPLEMENTED_HLE","1","sceAgcDcbJumpGetSize","src\SharpEmu.Libs\Agc\AgcExports.cs"
"b5u0Jzm8TF8","libSceAgc","libSceAgc","FUNC","1","NO_HLE_EXPORT","0","",""
"2ccJz9LQI+w","libSceAgc","libSceAgc","FUNC","1","IMPLEMENTED_HLE","1","sceAgcDcbDmaDataGetSize","src\SharpEmu.Libs\Agc\AgcExports.cs"
"p9tI+yTvx68","libSceAgc","libSceAgc","FUNC","1","NO_HLE_EXPORT","0","",""
"zg6u-N6Otxs","libSceAgc","libSceAgc","FUNC","1","NO_HLE_EXPORT","0","",""
"w8HVkEeXPv8","libSceAgc","libSceAgc","FUNC","1","IMPLEMENTED_HLE","1","sceAgcDcbDispatchIndirectGetSize","src\SharpEmu.Libs\Agc\AgcGraphicsSizingV55Exports.cs"
"WrdP9Zxx3lQ","libSceAgc","libSceAgc","FUNC","1","IMPLEMENTED_HLE","1","sceAgcDcbDrawIndexAutoGetSize","src\SharpEmu.Libs\Agc\AgcGraphicsSizingV55Exports.cs"
"6ee9Hd3EWXQ","libSceAgc","libSceAgc","FUNC","1","NO_HLE_EXPORT","0","",""
"qMlfB1ZhMDc","libSceAgc","libSceAgc","FUNC","1","IMPLEMENTED_HLE","1","sceAgcDcbDrawIndexOffsetGetSize","src\SharpEmu.Libs\Agc\AgcGraphicsSizingV55Exports.cs"
"cxPZ4Wgvdj8","libSceAgc","libSceAgc","FUNC","1","IMPLEMENTED_HLE","1","sceAgcDcbDrawIndirectGetSize","src\SharpEmu.Libs\Agc\AgcGraphicsSizingV55Exports.cs"
"pYoKs3lPy88","libSceAgc","libSceAgc","FUNC","1","NO_HLE_EXPORT","0","",""
"r98I08t+LOg","libSceAgc","libSceAgc","FUNC","1","IMPLEMENTED_HLE","1","sceAgcDcbDrawIndexIndirectMultiGetSize","src\SharpEmu.Libs\Agc\AgcExports.cs"
"mStuvI0zOtc","libSceAgc","libSceAgc","FUNC","1","IMPLEMENTED_HLE","1","sceAgcDcbDrawIndexIndirectGetSize","src\SharpEmu.Libs\Agc\AgcExports.cs"
"mR9j7+SfM34","libSceAgc","libSceAgc","FUNC","1","NO_HLE_EXPORT","0","",""
"C4l9fB17t8w","libSceAgc","libSceAgc","FUNC","1","IMPLEMENTED_HLE","1","sceAgcDcbEventWriteGetSize","src\SharpEmu.Libs\Agc\AgcGraphicsSizingV55Exports.cs"
"rUuVjyR+Rd4","libSceAgc","libSceAgc","FUNC","1","IMPLEMENTED_HLE","1","sceAgcDcbGetLodStatsGetSize","src\SharpEmu.Libs\Agc\AgcExports.cs"
"9S4noWrUI0s","libSceAgc","libSceAgc","FUNC","1","NO_HLE_EXPORT","0","",""
"MMlmJAL7N5w","libSceAgc","libSceAgc","FUNC","1","NO_HLE_EXPORT","0","",""
"ca4KPvp0qLQ","libSceAgc","libSceAgc","FUNC","1","IMPLEMENTED_HLE","1","sceAgcDcbSetIndexSizeGetSize","src\SharpEmu.Libs\Agc\AgcGraphicsSizingV55Exports.cs"
"j4emHHndCPY","libSceAgc","libSceAgc","FUNC","1","IMPLEMENTED_HLE","1","sceAgcDcbSetIndexBufferGetSize","src\SharpEmu.Libs\Agc\AgcGraphicsSizingV55Exports.cs"
"mljzuGDZRQ4","libSceAgc","libSceAgc","FUNC","1","IMPLEMENTED_HLE","1","sceAgcDcbSetIndexCountGetSize","src\SharpEmu.Libs\Agc\AgcExports.cs"
"6DFuRKT4C9w","libSceAgc","libSceAgc","FUNC","1","IMPLEMENTED_HLE","1","sceAgcDcbSetNumInstancesGetSize","src\SharpEmu.Libs\Agc\AgcGraphicsSizingV55Exports.cs"
"+u6dKSLWM2o","libSceAgc","libSceAgc","FUNC","1","IMPLEMENTED_HLE","1","sceAgcDcbStallCommandBufferParserGetSize","src\SharpEmu.Libs\Agc\AgcExports.cs"
"43WJ08sSugE","libSceAgc","libSceAgc","FUNC","1","NO_HLE_EXPORT","0","",""
"QIXCsbipds0","libSceAgc","libSceAgc","FUNC","1","IMPLEMENTED_HLE","1","sceAgcDcbRewindGetSize","src\SharpEmu.Libs\Agc\AgcExports.cs"
"ms1xVoZ-Vwc","libSceAgc","libSceAgc","FUNC","1","NO_HLE_EXPORT","0","",""
"P1CugZ99Uzc","libSceAgc","libSceAgc","FUNC","1","NO_HLE_EXPORT","0","",""
"XN+Iuu7XsM8","libSceAgc","libSceAgc","FUNC","1","NO_HLE_EXPORT","0","",""
"yheJGN-ay+A","libSceAgc","libSceAgc","FUNC","1","NO_HLE_EXPORT","0","",""
"vLrBL8DQiz8","libSceAgc","libSceAgc","FUNC","1","NO_HLE_EXPORT","0","",""
"KjPeVduz6jU","libSceAgc","libSceAgc","FUNC","1","NO_HLE_EXPORT","0","",""
"AFIh8SQkYlQ","libSceAgc","libSceAgc","FUNC","1","NO_HLE_EXPORT","0","",""
"7Wa3aeJgeVU","libSceAgc","libSceAgc","FUNC","1","NO_HLE_EXPORT","0","",""
"rP5xLdOf26k","libSceAgc","libSceAgc","FUNC","1","NO_HLE_EXPORT","0","",""
"GXBlM-ekzrI","libSceAgc","libSceAgc","FUNC","1","NO_HLE_EXPORT","0","",""
"Ikfdt-rIqCE","libSceAgc","libSceAgc","FUNC","1","IMPLEMENTED_HLE","1","sceUnknownIkfdt","src\SharpEmu.Libs\Stubs\GameServiceStubs.cs"
"Qrj4c+61z4A","libSceAgc","libSceAgc","FUNC","1","IMPLEMENTED_HLE","1","sceAgcSetShRegIndirectPatchSetAddress","src\SharpEmu.Libs\Agc\AgcExports.cs"
"nCUgItdN2ms","libSceAgc","libSceAgc","FUNC","1","NO_HLE_EXPORT","0","",""
"z2duB-hHQSM","libSceAgc","libSceAgc","FUNC","1","IMPLEMENTED_HLE","1","sceAgcSetShRegIndirectPatchAddRegisters","src\SharpEmu.Libs\Agc\AgcExports.cs"
"vcmNN+AAXnY","libSceAgc","libSceAgc","FUNC","1","IMPLEMENTED_HLE","1","sceAgcSetCxRegIndirectPatchSetAddress","src\SharpEmu.Libs\Agc\AgcExports.cs"
"whb1RL7K4Ss","libSceAgc","libSceAgc","FUNC","1","NO_HLE_EXPORT","0","",""
"d-6uF9sZDIU","libSceAgc","libSceAgc","FUNC","1","IMPLEMENTED_HLE","1","sceAgcSetCxRegIndirectPatchAddRegisters","src\SharpEmu.Libs\Agc\AgcExports.cs"
"6lNcCp+fxi4","libSceAgc","libSceAgc","FUNC","1","IMPLEMENTED_HLE","1","sceAgcSetUcRegIndirectPatchSetAddress","src\SharpEmu.Libs\Agc\AgcExports.cs"
"fRG-JOH5+sI","libSceAgc","libSceAgc","FUNC","1","NO_HLE_EXPORT","0","",""
"vRoArM9zaIk","libSceAgc","libSceAgc","FUNC","1","IMPLEMENTED_HLE","1","sceAgcSetUcRegIndirectPatchAddRegisters","src\SharpEmu.Libs\Agc\AgcExports.cs"
"ORWsxIbk4TE","libSceAgc","libSceAgc","FUNC","1","NO_HLE_EXPORT","0","",""
"YWTKOju587o","libSceAgc","libSceAgc","FUNC","1","NO_HLE_EXPORT","0","",""
"k-JpyR2dYAM","libSceAgc","libSceAgc","FUNC","1","NO_HLE_EXPORT","0","",""
"3ZWa3AoyWZQ","libSceAgc","libSceAgc","FUNC","1","NO_HLE_EXPORT","0","",""
"ziVA3whp3p4","libSceAgc","libSceAgc","FUNC","1","IMPLEMENTED_HLE","1","sceAgcRewindPatchSetRewindState","src\SharpEmu.Libs\Agc\AgcExports.cs"
"eWaWyFegzgQ","libSceAgc","libSceAgc","FUNC","1","NO_HLE_EXPORT","0","",""
"w6Dj1VJt5qY","libSceAgc","libSceAgc","FUNC","1","IMPLEMENTED_HLE","1","sceAgcSetPacketPredication","src\SharpEmu.Libs\Agc\AgcExports.cs"
"n8vgpaQg6dA","libSceAgc","libSceAgc","FUNC","1","NO_HLE_EXPORT","0","",""
"Lkf86B98qPc","libSceAgc","libSceAgc","FUNC","1","NO_HLE_EXPORT","0","",""
"K2mciNVxUCE","libSceAgc","libSceAgc","FUNC","1","NO_HLE_EXPORT","0","",""
"V++UgBtQhn0","libSceAgc","libSceAgc","FUNC","1","IMPLEMENTED_HLE","1","sceAgcGetDataPacketPayloadAddress","src\SharpEmu.Libs\Agc\AgcExports.cs"
"s+VGAMDQ0AQ","libSceAgc","libSceAgc","FUNC","1","NO_HLE_EXPORT","0","",""
"IxYiarKlXxM","libSceAgc","libSceAgc","FUNC","1","IMPLEMENTED_HLE","1","sceAgcDmaDataPatchSetDstAddressOrOffset","src\SharpEmu.Libs\Agc\AgcExports.cs"
"cdDRpqcFGbU","libSceAgc","libSceAgc","FUNC","1","IMPLEMENTED_HLE","1","sceAgcDmaDataPatchSetSrcAddressOrOffsetOrImmediate","src\SharpEmu.Libs\Agc\AgcExports.cs"
"3KDcnM3lrcU","libSceAgc","libSceAgc","FUNC","1","IMPLEMENTED_HLE","1","sceAgcWaitRegMemPatchAddress","src\SharpEmu.Libs\Agc\AgcExports.cs"
"n485EBnIWmk","libSceAgc","libSceAgc","FUNC","1","IMPLEMENTED_HLE","1","sceAgcWaitRegMemPatchCompareFunction","src\SharpEmu.Libs\Agc\AgcExports.cs"
"7nOoijNPvEU","libSceAgc","libSceAgc","FUNC","1","IMPLEMENTED_HLE","1","sceAgcWaitRegMemPatchReference","src\SharpEmu.Libs\Agc\AgcExports.cs"
"0fWWK5uG9rQ","libSceAgc","libSceAgc","FUNC","1","IMPLEMENTED_HLE","1","sceAgcQueueEndOfPipeActionPatchAddress","src\SharpEmu.Libs\Agc\AgcExports.cs"
"J8YCgfKAMQs","libSceAgc","libSceAgc","FUNC","1","IMPLEMENTED_HLE","1","sceAgcQueueEndOfPipeActionPatchGcrCntl","src\SharpEmu.Libs\Agc\AgcExports.cs"
"MlEw1feXcjg","libSceAgc","libSceAgc","FUNC","1","IMPLEMENTED_HLE","1","sceAgcQueueEndOfPipeActionPatchData","src\SharpEmu.Libs\Agc\AgcExports.cs"
"T9fjQIINoeE","libSceAgc","libSceAgc","FUNC","1","IMPLEMENTED_HLE","1","sceAgcQueueEndOfPipeActionPatchType","src\SharpEmu.Libs\Agc\AgcExports.cs"
"W0WEyog0f74","libSceAgc","libSceAgc","FUNC","1","NO_HLE_EXPORT","0","",""
"fPSCdQxgpSw","libSceAgc","libSceAgc","FUNC","1","IMPLEMENTED_HLE","1","sceAgcWriteDataPatchSetAddressOrOffset","src\SharpEmu.Libs\Agc\AgcExports.cs"
"eAy8eGNsCuU","libSceAgc","libSceAgc","FUNC","1","IMPLEMENTED_HLE","1","sceAgcWriteDataPatchSetCachePolicy","src\SharpEmu.Libs\Agc\AgcExports.cs"
"tmy-+rBpspY","libSceAgc","libSceAgc","FUNC","1","IMPLEMENTED_HLE","1","sceAgcWriteDataPatchSetDst","src\SharpEmu.Libs\Agc\AgcExports.cs"
"d4NZIlguzv0","libSceAgc","libSceAgc","FUNC","1","NO_HLE_EXPORT","0","",""
"y5K5tPktiL8","libSceAgc","libSceAgc","FUNC","1","NO_HLE_EXPORT","0","",""
"EJBA4dbmvfg","libSceAgc","libSceAgc","FUNC","1","NO_HLE_EXPORT","0","",""
"8aI7R7WaOlc","libSceAmpr","libSceAmpr","FUNC","1","IMPLEMENTED_HLE","1","sceAmprCommandBufferConstructor","src\SharpEmu.Libs\Ampr\AmprExports.cs"
"GuchCTefuZw","libSceAmpr","libSceAmpr","FUNC","1","IMPLEMENTED_HLE","1","sceAmprCommandBufferDestructor","src\SharpEmu.Libs\Ampr\AmprExports.cs"
"baQO9ez2gL4","libSceAmpr","libSceAmpr","FUNC","1","IMPLEMENTED_HLE","1","sceAmprCommandBufferReset","src\SharpEmu.Libs\Ampr\AmprExports.cs"
"N-FSPA4S3nI","libSceAmpr","libSceAmpr","FUNC","1","IMPLEMENTED_HLE","1","sceAmprCommandBufferSetBuffer","src\SharpEmu.Libs\Ampr\AmprExports.cs"
"ULvXMDz56po","libSceAmpr","libSceAmpr","FUNC","1","IMPLEMENTED_HLE","1","sceAmprCommandBufferClearBuffer","src\SharpEmu.Libs\Ampr\AmprExports.cs"
"VEDMaQmJZng","libSceAmpr","libSceAmpr","FUNC","1","NO_HLE_EXPORT","0","",""
"tZDDEo2tE5k","libSceAmpr","libSceAmpr","FUNC","1","IMPLEMENTED_HLE","1","sceAmprCommandBufferGetSize","src\SharpEmu.Libs\Ampr\AmprExports.cs"
"RPCAhx-aabE","libSceAmpr","libSceAmpr","FUNC","1","IMPLEMENTED_HLE","1","sceAmprCommandBufferGetBufferBaseAddress","src\SharpEmu.Libs\Ampr\AmprExports.cs"
"gzndltBEzWc","libSceAmpr","libSceAmpr","FUNC","1","IMPLEMENTED_HLE","1","sceAmprCommandBufferGetNumCommands","src\SharpEmu.Libs\Ampr\AmprExports.cs"
"GnxKOHEawhk","libSceAmpr","libSceAmpr","FUNC","1","IMPLEMENTED_HLE","1","sceAmprCommandBufferGetCurrentOffset","src\SharpEmu.Libs\Ampr\AmprExports.cs"
"DLfoNxTFNVk","libSceAmpr","libSceAmpr","FUNC","1","NO_HLE_EXPORT","0","",""
"cQb8Zr8Q0Y0","libSceAmpr","libSceAmpr","FUNC","1","NO_HLE_EXPORT","0","",""
"j0+3uJMxYJY","libSceAmpr","libSceAmpr","FUNC","1","IMPLEMENTED_HLE","1","sceAmprCommandBufferWriteAddress_04_00","src\SharpEmu.Libs\Ampr\AmprExports.cs"
"bt3LHR9xjK4","libSceAmpr","libSceAmpr","FUNC","1","NO_HLE_EXPORT","0","",""
"t4ExS+SwLjs","libSceAmpr","libSceAmpr","FUNC","1","NO_HLE_EXPORT","0","",""
"enZm-6GjWqw","libSceAmpr","libSceAmpr","FUNC","1","NO_HLE_EXPORT","0","",""
"jK+yuYCI7MA","libSceAmpr","libSceAmpr","FUNC","1","NO_HLE_EXPORT","0","",""
"H896Pt-yB4I","libSceAmpr","libSceAmpr","FUNC","1","IMPLEMENTED_HLE","1","sceAmprCommandBufferWriteKernelEventQueue_04_00","src\SharpEmu.Libs\Ampr\AmprExports.cs"
"GmOguNIsuKk","libSceAmpr","libSceAmpr","FUNC","1","NO_HLE_EXPORT","0","",""
"tNn5WBkta60","libSceAmpr","libSceAmpr","FUNC","1","NO_HLE_EXPORT","0","",""
"pFQ9UHpO52s","libSceAmpr","libSceAmpr","FUNC","1","NO_HLE_EXPORT","0","",""
"4UkZbYKVF7c","libSceAmpr","libSceAmpr","FUNC","1","NO_HLE_EXPORT","0","",""
"sWbST0oQKsc","libSceAmpr","libSceAmpr","FUNC","1","NO_HLE_EXPORT","0","",""
"4quckD2y7Pg","libSceAmpr","libSceAmpr","FUNC","1","NO_HLE_EXPORT","0","",""
"f12ObAMEi9A","libSceAmpr","libSceAmpr","FUNC","1","NO_HLE_EXPORT","0","",""
"dXPaz65HNmk","libSceAmpr","libSceAmpr","FUNC","1","NO_HLE_EXPORT","0","",""
"mv0O8Zg0woU","libSceAmpr","libSceAmpr","FUNC","1","NO_HLE_EXPORT","0","",""
"a8uLzYY--tM","libSceAmpr","libSceAmpr","FUNC","1","IMPLEMENTED_HLE","1","sceAmprAprCommandBufferConstructor","src\SharpEmu.Libs\Ampr\AmprExports.cs"
"Qs1xtplKo0U","libSceAmpr","libSceAmpr","FUNC","1","IMPLEMENTED_HLE","1","sceAmprAprCommandBufferDestructor","src\SharpEmu.Libs\Ampr\AmprExports.cs"
"mQ16-QdKv7k","libSceAmpr","libSceAmpr","FUNC","1","IMPLEMENTED_HLE","1","sceAmprAprCommandBufferReadFile","src\SharpEmu.Libs\Ampr\AmprExports.cs"
"mZSbNJVJpV8","libSceAmpr","libSceAmpr","FUNC","1","NO_HLE_EXPORT","0","",""
"Jg-AgkdJHkk","libSceAmpr","libSceAmpr","FUNC","1","NO_HLE_EXPORT","0","",""
"BVmR1H8l+XI","libSceAmpr","libSceAmpr","FUNC","1","NO_HLE_EXPORT","0","",""
"YPxkUDhgoNI","libSceAmpr","libSceAmpr","FUNC","1","NO_HLE_EXPORT","0","",""
"Eul7AGEpjLo","libSceAmpr","libSceAmpr","FUNC","1","NO_HLE_EXPORT","0","",""
"bFEs0Gs6D2A","libSceAmpr","libSceAmpr","FUNC","1","NO_HLE_EXPORT","0","",""
"X169CE6G3Y4","libSceAmpr","libSceAmpr","FUNC","1","NO_HLE_EXPORT","0","",""
"WT-5NKy42fw","libkernel","libkernel","FUNC","1","IMPLEMENTED_HLE","1","sceKernelAprResolveFilepathsToIds","src\SharpEmu.Libs\Kernel\KernelMemoryCompatExports.cs"
"gEpBkcwxUjw","libkernel","libkernel","FUNC","1","IMPLEMENTED_HLE","1","sceKernelAprResolveFilepathsToIdsAndFileSizes","src\SharpEmu.Libs\Kernel\KernelMemoryCompatExports.cs"
"i3HWvW35jao","libkernel","libkernel","FUNC","1","NO_HLE_EXPORT","0","",""
"w5fcCG+t31g","libkernel","libkernel","FUNC","1","IMPLEMENTED_HLE","1","sceKernelAprResolveFilepathsWithPrefixToIdsAndFileSizes","src\SharpEmu.Libs\Kernel\KernelMemoryCompatExports.cs"
"eYAh2vlCY-U","libkernel","libkernel","FUNC","1","NO_HLE_EXPORT","0","",""
"QzB4O+bJQyA","libkernel","libkernel","FUNC","1","NO_HLE_EXPORT","0","",""
"VB-BtuIW8Xc","libkernel","libkernel","FUNC","1","NO_HLE_EXPORT","0","",""
"C+Khtbbx2g8","libkernel","libkernel","FUNC","1","NO_HLE_EXPORT","0","",""
"WvEu7yl3Ivg","libkernel","libkernel","FUNC","1","NO_HLE_EXPORT","0","",""
"ApkYaHb8Sek","libkernel","libkernel","FUNC","1","IMPLEMENTED_HLE","1","sceKernelAprGetFileStat","src\SharpEmu.Libs\Kernel\KernelMemoryCompatExports.cs"
"eE4Szl8sil8","libkernel","libkernel","FUNC","1","IMPLEMENTED_HLE","1","sceKernelAprSubmitCommandBuffer","src\SharpEmu.Libs\Kernel\KernelAprCompatExports.cs"
"qvMUCyyaCSI","libkernel","libkernel","FUNC","1","IMPLEMENTED_HLE","1","sceKernelAprSubmitCommandBufferAndGetId","src\SharpEmu.Libs\Kernel\KernelAprCompatExports.cs"
"ASoW5WE-UPo","libkernel","libkernel","FUNC","1","IMPLEMENTED_HLE","1","sceKernelAprSubmitCommandBufferAndGetResult","src\SharpEmu.Libs\Kernel\KernelAprCompatExports.cs"
"rqwFKI4PAiM","libkernel","libkernel","FUNC","1","IMPLEMENTED_HLE","1","sceKernelAprWaitCommandBuffer","src\SharpEmu.Libs\Kernel\KernelAprCompatExports.cs"
"0BMj1hgG+kE","libSceAmpr","libSceAmpr","FUNC","1","NO_HLE_EXPORT","0","",""
"ClnsFLLLcss","libSceAmpr","libSceAmpr","FUNC","1","NO_HLE_EXPORT","0","",""
"4fgtGfXDrFc","libSceAmpr","libSceAmpr","FUNC","1","IMPLEMENTED_HLE","1","sceAmprMeasureCommandSizeWriteAddress_04_00","src\SharpEmu.Libs\Ampr\AmprExports.cs"
"gAtc79UTt5E","libSceAmpr","libSceAmpr","FUNC","1","NO_HLE_EXPORT","0","",""
"JYd9g9L+TmE","libSceAmpr","libSceAmpr","FUNC","1","NO_HLE_EXPORT","0","",""
"2Hw8gjMdwSY","libSceAmpr","libSceAmpr","FUNC","1","NO_HLE_EXPORT","0","",""
"I-Qm+MEso5c","libSceAmpr","libSceAmpr","FUNC","1","NO_HLE_EXPORT","0","",""
"sSAUCCU1dv4","libSceAmpr","libSceAmpr","FUNC","1","IMPLEMENTED_HLE","1","sceAmprMeasureCommandSizeWriteKernelEventQueue_04_00","src\SharpEmu.Libs\Ampr\AmprExports.cs"
"NNIZ-FMyz3M","libSceAmpr","libSceAmpr","FUNC","1","NO_HLE_EXPORT","0","",""
"Xp85BP3+BBI","libSceAmpr","libSceAmpr","FUNC","1","NO_HLE_EXPORT","0","",""
"vWU-odnS+fU","libSceAmpr","libSceAmpr","FUNC","1","IMPLEMENTED_HLE","1","sceAmprMeasureCommandSizeReadFile","src\SharpEmu.Libs\Ampr\AmprExports.cs"
"qesF88X4DRg","libSceAmpr","libSceAmpr","FUNC","1","NO_HLE_EXPORT","0","",""
"7nXGDGMXSqo","libSceAmpr","libSceAmpr","FUNC","1","NO_HLE_EXPORT","0","",""
"DXmgc5op8Yw","libSceAmpr","libSceAmpr","FUNC","1","NO_HLE_EXPORT","0","",""
"rddQYXM0CjM","libSceAmpr","libSceAmpr","FUNC","1","NO_HLE_EXPORT","0","",""
"kdFImtTD0hc","libSceAmpr","libSceAmpr","FUNC","1","NO_HLE_EXPORT","0","",""
"qvbdJc7bG+s","libSceAmpr","libSceAmpr","FUNC","1","NO_HLE_EXPORT","0","",""
"iwTNhyaemnw","libSceAmpr","libSceAmpr","FUNC","1","NO_HLE_EXPORT","0","",""
"tmfr97+ED5I","libSceAmpr","libSceAmpr","FUNC","1","NO_HLE_EXPORT","0","",""
"VGkEj4d6-Kg","libSceAmpr","libSceAmpr","FUNC","1","NO_HLE_EXPORT","0","",""
"3OfeY4pzDV0","libSceAmpr","libSceAmpr","FUNC","1","NO_HLE_EXPORT","0","",""
"0RdLmAh7WVo","libSceAmpr","libSceAmpr","FUNC","1","NO_HLE_EXPORT","0","",""
"pbnNnahE8vk","libSceAmpr","libSceAmpr","FUNC","1","NO_HLE_EXPORT","0","",""
"w21YgGGNtBk","libSceNet","libSceNet","FUNC","1","NO_HLE_EXPORT","0","",""
"zJGf8xjFnQE","libSceNet","libSceNet","FUNC","1","NO_HLE_EXPORT","0","",""
"DOwXL+FQMEY","libSceSsl","libSceSsl","FUNC","1","NO_HLE_EXPORT","0","",""
"EY28T2bkN7k","libSceHttp","libSceHttp","FUNC","1","NO_HLE_EXPORT","0","",""
"4I8vEpuEhZ8","libSceHttp","libSceHttp","FUNC","1","IMPLEMENTED_HLE","1","sceHttpDeleteTemplate","src\SharpEmu.Libs\Network\HttpExports.cs"
"6381dWF+xsQ","libSceHttp","libSceHttp","FUNC","1","NO_HLE_EXPORT","0","",""
"htyBOoWeS58","libSceHttp","libSceHttp","FUNC","1","NO_HLE_EXPORT","0","",""
"P5pdoykPYTk","libSceHttp","libSceHttp","FUNC","1","NO_HLE_EXPORT","0","",""
"P6A3ytpsiYc","libSceHttp","libSceHttp","FUNC","1","NO_HLE_EXPORT","0","",""
"-xm7kZQNpHI","libSceHttp","libSceHttp","FUNC","1","NO_HLE_EXPORT","0","",""
"0a2TBNfE3BU","libSceHttp","libSceHttp","FUNC","1","NO_HLE_EXPORT","0","",""
"qISjDHrxONc","libSceHttp","libSceHttp","FUNC","1","NO_HLE_EXPORT","0","",""
"qgxDBjorUxs","libSceHttp","libSceHttp","FUNC","1","NO_HLE_EXPORT","0","",""
"Ik-KpLTlf7Q","libSceHttp","libSceHttp","FUNC","1","IMPLEMENTED_HLE","1","sceHttpTerm","src\SharpEmu.Libs\Network\HttpExports.cs"
"yuO2H2Uvnos","libSceHttp","libSceHttp","FUNC","1","NO_HLE_EXPORT","0","",""
"wYhXVfS2Et4","libSceHttp","libSceHttp","FUNC","1","NO_HLE_EXPORT","0","",""
"59tL1AQBb8U","libSceHttp","libSceHttp","FUNC","1","NO_HLE_EXPORT","0","",""
"s2-NPIvz+iA","libSceHttp","libSceHttp","FUNC","1","NO_HLE_EXPORT","0","",""
"PDxS48xGQLs","libSceHttp","libSceHttp","FUNC","1","NO_HLE_EXPORT","0","",""
"qe7oZ+v4PWA","libSceHttp","libSceHttp","FUNC","1","NO_HLE_EXPORT","0","",""
"A9cVMUtEp4Y","libSceHttp","libSceHttp","FUNC","1","IMPLEMENTED_HLE","1","sceHttpInit","src\SharpEmu.Libs\Network\HttpExports.cs"
"Aeu5wVKkF9w","libSceHttp","libSceHttp","FUNC","1","NO_HLE_EXPORT","0","",""
"hvG6GfBMXg8","libSceHttp","libSceHttp","FUNC","1","NO_HLE_EXPORT","0","",""
"0gYjPTR-6cY","libSceHttp","libSceHttp","FUNC","1","IMPLEMENTED_HLE","1","sceHttpCreateTemplate","src\SharpEmu.Libs\Network\HttpExports.cs"
"1e2BNwI-XzE","libSceHttp","libSceHttp","FUNC","1","NO_HLE_EXPORT","0","",""
"Xs9hdiD7sAA","libkernel","libScePosix","FUNC","1","IMPLEMENTED_HLE","1","pthread_setschedparam","src\SharpEmu.Libs\Kernel\KernelPthreadExtendedCompatExports.cs"
"FIs3-UQT9sg","libkernel","libScePosix","FUNC","1","IMPLEMENTED_HLE","1","pthread_getschedparam","src\SharpEmu.Libs\Kernel\KernelPthreadExtendedCompatExports.cs"
"EotR8a3ASf4","libkernel","libScePosix","FUNC","1","IMPLEMENTED_HLE","1","pthread_self","src\SharpEmu.Libs\Kernel\KernelPthreadCompatExports.cs"
"ekNvsT22rsY","libSceAudioOut","libSceAudioOut","FUNC","1","IMPLEMENTED_HLE","1","sceAudioOutOpen","src\SharpEmu.Libs\Audio\AudioOutExports.cs"
"b+uAV89IlxE","libSceAudioOut","libSceAudioOut","FUNC","1","IMPLEMENTED_HLE","1","sceAudioOutSetVolume","src\SharpEmu.Libs\Audio\AudioOutExports.cs"
"s1--uE9mBFw","libSceAudioOut","libSceAudioOut","FUNC","1","IMPLEMENTED_HLE","1","sceAudioOutClose","src\SharpEmu.Libs\Audio\AudioOutExports.cs"
"QOQtbeDqsT4","libSceAudioOut","libSceAudioOut","FUNC","1","IMPLEMENTED_HLE","1","sceAudioOutOutput","src\SharpEmu.Libs\Audio\AudioOutExports.cs"
"uJ3m8INuikg","libSceAjm","libSceAjm","FUNC","1","IMPLEMENTED_HLE","1","sceAjmBatchJobClearContext","src\SharpEmu.Libs\Audio\AjmExports.cs"
"Z9NVCesiP0Q","libSceAjm","libSceAjm","FUNC","1","IMPLEMENTED_HLE","1","sceAjmBatchJobRunSplit","src\SharpEmu.Libs\Audio\AjmExports.cs"
"-qLsfDAywIY","libSceAjm","libSceAjm","FUNC","1","IMPLEMENTED_HLE","1","sceAjmBatchWait","src\SharpEmu.Libs\Audio\AjmExports.cs"
"MmpF1XsQiHw","libSceAjm","libSceAjm","FUNC","1","IMPLEMENTED_HLE","1","sceAjmBatchInitialize","src\SharpEmu.Libs\Audio\AjmExports.cs"
"eDFeTyi+G3Y","libSceAjm","libSceAjm","FUNC","1","NO_HLE_EXPORT","0","",""
"bkRHEYG6lEM","libSceAjm","libSceAjm","FUNC","1","IMPLEMENTED_HLE","1","sceAjmMemoryRegister","src\SharpEmu.Libs\Audio\AjmExports.cs"
"MHur6qCsUus","libSceAjm","libSceAjm","FUNC","1","IMPLEMENTED_HLE","1","sceAjmFinalize","src\SharpEmu.Libs\Audio\AjmExports.cs"
"AxoDrINp4J8","libSceAjm","libSceAjm","FUNC","1","IMPLEMENTED_HLE","1","sceAjmInstanceCreate","src\SharpEmu.Libs\Audio\AjmExports.cs"
"ezM2OhNxzck","libSceAjm","libSceAjm","FUNC","1","IMPLEMENTED_HLE","1","sceAjmBatchJobInitialize","src\SharpEmu.Libs\Audio\AjmExports.cs"
"WfAiBW8Wcek","libSceAjm","libSceAjm","FUNC","1","NO_HLE_EXPORT","0","",""
"1t3ixYNXyuc","libSceAjm","libSceAjm","FUNC","1","IMPLEMENTED_HLE","1","sceAjmDecAt9ParseConfigData","src\SharpEmu.Libs\Audio\AjmExports.cs"
"Wi7DtlLV+KI","libSceAjm","libSceAjm","FUNC","1","IMPLEMENTED_HLE","1","sceAjmModuleUnregister","src\SharpEmu.Libs\Audio\AjmExports.cs"
"3cAg7xN995U","libSceAjm","libSceAjm","FUNC","1","IMPLEMENTED_HLE","1","sceAjmBatchJobGetStatistics","src\SharpEmu.Libs\Audio\AjmExports.cs"
"pIpGiaYkHkM","libSceAjm","libSceAjm","FUNC","1","IMPLEMENTED_HLE","1","sceAjmMemoryUnregister","src\SharpEmu.Libs\Audio\AjmExports.cs"
"SkEwpiu3tZg","libSceAjm","libSceAjm","FUNC","1","IMPLEMENTED_HLE","1","sceAjmBatchJobSetGaplessDecode","src\SharpEmu.Libs\Audio\AjmExports.cs"
"Q3dyFuwGn64","libSceAjm","libSceAjm","FUNC","1","IMPLEMENTED_HLE","1","sceAjmModuleRegister","src\SharpEmu.Libs\Audio\AjmExports.cs"
"RbLbuKv8zho","libSceAjm","libSceAjm","FUNC","1","IMPLEMENTED_HLE","1","sceAjmInstanceDestroy","src\SharpEmu.Libs\Audio\AjmExports.cs"
"dl+4eHSzUu4","libSceAjm","libSceAjm","FUNC","1","IMPLEMENTED_HLE","1","sceAjmInitialize","src\SharpEmu.Libs\Ajm\AjmExports.cs"
"5tOfnaClcqM","libSceAjm","libSceAjm","FUNC","1","IMPLEMENTED_HLE","1","sceAjmBatchStart","src\SharpEmu.Libs\Audio\AjmExports.cs"
"JGgj7Uvrl+A","libkernel","libkernel","FUNC","1","IMPLEMENTED_HLE","1","scePthreadCondBroadcast","src\SharpEmu.Libs\Kernel\KernelPthreadCompatExports.cs"
"1tKyG7RlMJo","libkernel","libkernel","FUNC","1","IMPLEMENTED_HLE","1","scePthreadGetprio","src\SharpEmu.Libs\Kernel\KernelPthreadExtendedCompatExports.cs"
"-2IRUCO--PM","libkernel","libkernel","FUNC","1","IMPLEMENTED_HLE","1","sceKernelReadTsc","src\SharpEmu.Libs\Kernel\KernelRuntimeCompatExports.cs"
"2X5agFjKxMc","libc","libc","FUNC","1","IMPLEMENTED_HLE","1","calloc","src\SharpEmu.Libs\Kernel\KernelMemoryCompatExports.cs"
"-QgqOT5u2Vk","libc","libc","FUNC","1","NO_HLE_EXPORT","0","",""
"pDmme7Bgm6E","libSceAudioOut","libSceAudioOut2","FUNC","1","IMPLEMENTED_HLE","1","sceAudioOut2ContextQueryMemory","src\SharpEmu.Libs\Audio\AudioOut2Exports.cs"
"aII9h5nli9U","libSceAudioOut","libSceAudioOut2","FUNC","1","IMPLEMENTED_HLE","1","sceAudioOut2ContextPush","src\SharpEmu.Libs\Audio\AudioOut2Exports.cs"
"R7d0F1g2qsU","libSceAudioOut","libSceAudioOut2","FUNC","1","IMPLEMENTED_HLE","1","sceAudioOut2ContextGetQueueLevel","src\SharpEmu.Libs\Audio\AudioOut2Exports.cs"
"cd+Rtw+D1x8","libSceAudioOut","libSceAudioOut2","FUNC","1","IMPLEMENTED_HLE","1","sceAudioOut2PortDestroy","src\SharpEmu.Libs\Audio\AudioOut2Exports.cs"
"xywYcRB7nbQ","libSceAudioOut","libSceAudioOut2","FUNC","1","IMPLEMENTED_HLE","1","sceAudioOut2UserCreate","src\SharpEmu.Libs\Audio\AudioOut2Exports.cs"
"t5YrizufpQc","libSceAudioOut","libSceAudioOut2","FUNC","1","IMPLEMENTED_HLE","1","sceAudioOut2ContextResetParam","src\SharpEmu.Libs\Audio\AudioOut2Exports.cs"
"JK2wamZPzwM","libSceAudioOut","libSceAudioOut2","FUNC","1","IMPLEMENTED_HLE","1","sceAudioOut2PortCreate","src\SharpEmu.Libs\Audio\AudioOut2Exports.cs"
"g2tViFIohHE","libSceAudioOut","libSceAudioOut2","FUNC","1","IMPLEMENTED_HLE","1","sceAudioOut2Initialize","src\SharpEmu.Libs\Audio\AudioOut2Exports.cs"
"DImz2Ft9E2g","libSceAudioOut","libSceAudioOut2","FUNC","1","IMPLEMENTED_HLE","1","sceAudioOut2GetSpeakerInfo","src\SharpEmu.Libs\Audio\AudioOut2Exports.cs"
"gatEUKG+Ea4","libSceAudioOut","libSceAudioOut2","FUNC","1","IMPLEMENTED_HLE","1","sceAudioOut2PortGetState","src\SharpEmu.Libs\Audio\AudioOut2Exports.cs"
"PE2zHMqLSHs","libSceAudioOut","libSceAudioOut2","FUNC","1","IMPLEMENTED_HLE","1","sceAudioOut2ContextAdvance","src\SharpEmu.Libs\Audio\AudioOut2Exports.cs"
"0x6o1VVAYSY","libSceAudioOut","libSceAudioOut2","FUNC","1","IMPLEMENTED_HLE","1","sceAudioOut2ContextCreate","src\SharpEmu.Libs\Audio\AudioOut2Exports.cs"
"8XTArSPyWHk","libSceAudioOut","libSceAudioOut2","FUNC","1","IMPLEMENTED_HLE","1","sceAudioOut2PortSetAttributes","src\SharpEmu.Libs\Audio\AudioOut2Exports.cs"
"IaZXJ9M79uo","libSceAudioOut","libSceAudioOut2","FUNC","1","IMPLEMENTED_HLE","1","sceAudioOut2UserDestroy","src\SharpEmu.Libs\Audio\AudioOut2Exports.cs"
"on6ZH7Abo10","libSceAudioOut","libSceAudioOut2","FUNC","1","IMPLEMENTED_HLE","1","sceAudioOut2ContextDestroy","src\SharpEmu.Libs\Audio\AudioOut2Exports.cs"
"lA94ZgT+vMM","libc","libc","FUNC","1","IMPLEMENTED_HLE","1","__isnanf","src\SharpEmu.Libs\LibcCompat\RuntimePosixRemainingExportsV54.cs"
"rDMyAf1Jhug","libc","libc","FUNC","1","IMPLEMENTED_HLE","1","__isinff","src\SharpEmu.Libs\LibcCompat\RuntimePosixRemainingExportsV54.cs"
"St9nbxSoezk","libc","libc","FUNC","1","NO_HLE_EXPORT","0","",""
"LxcEU+ICu8U","libc","libc","FUNC","1","IMPLEMENTED_HLE","1","feof","src\SharpEmu.Libs\LibcStdioExports.cs"
"x1X76arYMxU","libkernel","libkernel","FUNC","1","IMPLEMENTED_HLE","1","scePthreadAttrGet","src\SharpEmu.Libs\Kernel\KernelPthreadExtendedCompatExports.cs"
"Ru36fiTtJzA","libkernel","libkernel","FUNC","1","IMPLEMENTED_HLE","1","scePthreadAttrGetstackaddr","src\SharpEmu.Libs\Kernel\KernelPthreadExtendedCompatExports.cs"
"EI-5-jlq2dE","libkernel","libkernel","FUNC","1","IMPLEMENTED_HLE","1","scePthreadGetthreadid","src\SharpEmu.Libs\Kernel\KernelPthreadCompatExports.cs"
"5TgME6AYty4","libkernel","libkernel","FUNC","1","NO_HLE_EXPORT","0","",""
"2pOuoWoCxdk","libkernel","libkernel","FUNC","1","NO_HLE_EXPORT","0","",""
"HgX7+AORI58","libkernel","libkernel","FUNC","1","NO_HLE_EXPORT","0","",""
"4J2sUJmuHZQ","libkernel","libkernel","FUNC","1","IMPLEMENTED_HLE","1","sceKernelGetProcessTime","src\SharpEmu.Libs\Kernel\KernelRuntimeCompatExports.cs"
"waPcxYiR3WA","libkernel","libkernel","FUNC","1","IMPLEMENTED_HLE","1","scePthreadCondattrDestroy","src\SharpEmu.Libs\Kernel\KernelPthreadCompatExports.cs"
"m5-2bsNfv7s","libkernel","libkernel","FUNC","1","IMPLEMENTED_HLE","1","scePthreadCondattrInit","src\SharpEmu.Libs\Kernel\KernelPthreadCompatExports.cs"
"cQke9UuBQOk","libkernel","libkernel","FUNC","1","IMPLEMENTED_HLE","1","sceKernelMunmap","src\SharpEmu.Libs\Kernel\KernelMemoryCompatExports.cs"
"8fe55ktlNVo","libSceAcm","libSceAcm","FUNC","1","IMPLEMENTED_HLE","1","sceAcmBatchStartBuffers","src\SharpEmu.Libs\Acm\AcmExports.cs"
"RLN3gRlXJLE","libSceAcm","libSceAcm","FUNC","1","IMPLEMENTED_HLE","1","sceAcmBatchWait","src\SharpEmu.Libs\Acm\AcmExports.cs"
"ZIXln2K3XMk","libSceAcm","libSceAcm","FUNC","1","IMPLEMENTED_HLE","1","sceAcmContextCreate","src\SharpEmu.Libs\Acm\AcmExports.cs"
"jBgBjAj02R8","libSceAcm","libSceAcm","FUNC","1","IMPLEMENTED_HLE","1","sceAcmContextDestroy","src\SharpEmu.Libs\Acm\AcmExports.cs"
"u70oWo92SYQ","libSceAcm","libSceAcm","FUNC","1","IMPLEMENTED_HLE","1","sceAcm_ConvReverb_SharedInput","src\SharpEmu.Libs\Acm\AcmExports.cs"
"3WVD91e12ZQ","libScePsml","libScePsml","FUNC","1","IMPLEMENTED_HLE","1","scePsmlMfsrInit","src\SharpEmu.Libs\Psml\PsmlExports.cs"
"+2KpvixvL6E","libScePsml","libScePsml","FUNC","1","IMPLEMENTED_HLE","1","scePsmlMfsrGetSharedResourcesInitRequirement","src\SharpEmu.Libs\Psml\PsmlExports.cs"
"eWoKNeB6V-k","libScePsml","libScePsml","FUNC","1","IMPLEMENTED_HLE","1","scePsmlMfsrCreateSharedResources","src\SharpEmu.Libs\Psml\PsmlExports.cs"
"jEevBXmagOQ","libScePsml","libScePsml","FUNC","1","NO_HLE_EXPORT","0","",""
"ArakEpzsZo0","libScePsml","libScePsml","FUNC","1","IMPLEMENTED_HLE","1","scePsmlMfsrGetContextBufferRequirement800M3_2","src\SharpEmu.Libs\Psml\PsmlExports.cs"
"gxv3i+MTEzU","libScePsml","libScePsml","FUNC","1","IMPLEMENTED_HLE","1","scePsmlMfsrCreateContext800M3_2","src\SharpEmu.Libs\Psml\PsmlExports.cs"
"JaLBe0P3jSU","libScePsml","libScePsml","FUNC","1","NO_HLE_EXPORT","0","",""
"AHalTX9wFZY","libScePsml","libScePsml","FUNC","1","IMPLEMENTED_HLE","1","scePsmlMfsrGetDispatchMfsrPacketSizeInDwords","src\SharpEmu.Libs\Psml\PsmlExports.cs"
"RUNLFro+qok","libScePsml","libScePsml","FUNC","1","IMPLEMENTED_HLE","1","scePsmlMfsrGetDispatchMfsrPacket900","src\SharpEmu.Libs\Psml\PsmlExports.cs"
"GHna9-DvnUk","libScePsml","libScePsml","FUNC","1","NO_HLE_EXPORT","0","",""
"GJY0MvuTcs8","libScePsml","libScePsml","FUNC","1","NO_HLE_EXPORT","0","",""
"LXq+6mIxpCw","libScePsml","libScePsml","FUNC","1","NO_HLE_EXPORT","0","",""
"FSGaTQze0UY","libScePsml","libScePsml","FUNC","1","NO_HLE_EXPORT","0","",""
