Nid,Module,Library,Kind,RelocationRefs,Status,HleMatches,ExportNames,SourceFiles,CatalogName,StaticDisposition
bzQExy189ZI,libc,libc,FUNC,1,IMPLEMENTED_HLE,1,_init_env,src\SharpEmu.Libs\Kernel\KernelExports.cs,_init_env,ALREADY_HLE
8G2LB+A3rzg,libc,libc,FUNC,1,IMPLEMENTED_HLE,1,atexit,src\SharpEmu.Libs\Kernel\KernelExports.cs,atexit,ALREADY_HLE
XKRegsFpEpk,libc,libc,FUNC,1,IMPLEMENTED_HLE,1,catchReturnFromMain,src\SharpEmu.Libs\Kernel\KernelExports.cs,catchReturnFromMain,ALREADY_HLE
uMei1W9uyNo,libc,libc,FUNC,1,IMPLEMENTED_HLE,1,exit,src\SharpEmu.Libs\Kernel\KernelExports.cs,exit,ALREADY_HLE
P330P3dFF68,libc,libc,OBJECT,2,NO_HLE_EXPORT,0,,,Need_sceLibc,NATIVE_PRX_OR_DATA_VERIFY_AT_RUNTIME
f7uOxY9mM1U,libkernel,libkernel,OBJECT,1,IMPLEMENTED_HLE,1,__stack_chk_guard,src\SharpEmu.Libs\Kernel\KernelRuntimeCompatExports.cs,__stack_chk_guard,ALREADY_HLE
Ou3iL1abvng,libkernel,libkernel,FUNC,1,IMPLEMENTED_HLE,1,__stack_chk_fail,src\SharpEmu.Libs\Kernel\KernelRuntimeCompatExports.cs,__stack_chk_fail,ALREADY_HLE
Al8MZJh-4hM,libc,libc,FUNC,1,IMPLEMENTED_HLE,1,wmemset,src\SharpEmu.Libs\LibcCompat\LibcMemoryStringExports.cs,wmemset,ALREADY_HLE
tQIo+GIPklo,libc,libc,FUNC,1,NO_HLE_EXPORT,0,,,_ZSt14_Xlength_errorPKc,NATIVE_PRX_OR_DATA_VERIFY_AT_RUNTIME
vNe1w4diLCs,libkernel,libkernel,FUNC,0,IMPLEMENTED_HLE,1,__tls_get_addr,src\SharpEmu.Libs\Kernel\KernelMemoryCompatExports.cs,__tls_get_addr,ALREADY_HLE
fL3O02ypZFE,libc,libc,FUNC,1,IMPLEMENTED_HLE,1,wmemcpy,src\SharpEmu.Libs\LibcCompat\LibcMemoryStringExports.cs,wmemcpy,ALREADY_HLE
lKEN2IebgJ0,libc,libc,FUNC,1,NO_HLE_EXPORT,0,,,longjmp,NATIVE_PRX_OR_DATA_VERIFY_AT_RUNTIME
rcQCUr0EaRU,libc,libc,FUNC,1,NO_HLE_EXPORT,0,,,_Getptoupper,NATIVE_PRX_OR_DATA_VERIFY_AT_RUNTIME
d3dMyWORw8A,libc,libc,FUNC,1,NO_HLE_EXPORT,0,,,wcstol,NATIVE_PRX_OR_DATA_VERIFY_AT_RUNTIME
pXvbDfchu6k,libc,libc,FUNC,1,IMPLEMENTED_HLE,1,strncasecmp,src\SharpEmu.Libs\LibcCompat\LibcMemoryStringExports.cs,strncasecmp,ALREADY_HLE
EH-x713A99c,libc,libc,FUNC,1,IMPLEMENTED_HLE,1,atan2f,src\SharpEmu.Libs\LibcCompat\LibcMathCompilerRuntimeExports.cs,atan2f,ALREADY_HLE
88Vv-AzHVj8,libc,libc,FUNC,1,IMPLEMENTED_HLE,1,fmodf,src\SharpEmu.Libs\LibcCompat\LibcMathCompilerRuntimeExports.cs,fmodf,ALREADY_HLE
tsvEmnenz48,libc,libc,FUNC,1,IMPLEMENTED_HLE,1,__cxa_atexit,src\SharpEmu.Libs\Kernel\KernelExports.cs,__cxa_atexit,ALREADY_HLE
8zTFvBIAIN8,libc,libc,FUNC,1,IMPLEMENTED_HLE,1,memset,src\SharpEmu.Libs\Kernel\KernelMemoryCompatExports.cs,memset,ALREADY_HLE
+P6FRGH4LfA,libc,libc,FUNC,1,IMPLEMENTED_HLE,1,memmove,src\SharpEmu.Libs\Kernel\KernelMemoryCompatExports.cs,memmove,ALREADY_HLE
Q3VBxCXhUHs,libc,libc,FUNC,1,IMPLEMENTED_HLE,1,memcpy,src\SharpEmu.Libs\Kernel\KernelMemoryCompatExports.cs,memcpy,ALREADY_HLE
Q2V+iqvjgC0,libc,libc,FUNC,1,IMPLEMENTED_HLE,1,vsnprintf,src\SharpEmu.Libs\Kernel\KernelMemoryCompatExports.cs,vsnprintf,ALREADY_HLE
Ovb2dSJOAuE,libc,libc,FUNC,1,IMPLEMENTED_HLE,1,strcmp,src\SharpEmu.Libs\Kernel\KernelMemoryCompatExports.cs,strcmp,ALREADY_HLE
1uJgoVq3bQU,libc,libc,FUNC,1,NO_HLE_EXPORT,0,,,_Getptolower,NATIVE_PRX_OR_DATA_VERIFY_AT_RUNTIME
j4ViWNHEgww,libc,libc,FUNC,1,IMPLEMENTED_HLE,1,strlen,src\SharpEmu.Libs\Kernel\KernelMemoryCompatExports.cs,strlen,ALREADY_HLE
kHg45qPC6f0,libc,libc,FUNC,1,IMPLEMENTED_HLE,1,strncat,src\SharpEmu.Libs\Kernel\KernelMemoryCompatExports.cs,strncat,ALREADY_HLE
5TjaJwkLWxE,libc,libc,FUNC,1,IMPLEMENTED_HLE,1,bcmp,src\SharpEmu.Libs\LibcCompat\RuntimePosixRemainingExportsV54.cs,bcmp,ALREADY_HLE
WkkeywLJcgU,libc,libc,FUNC,1,IMPLEMENTED_HLE,1,wcslen,src\SharpEmu.Libs\Kernel\KernelMemoryCompatExports.cs,wcslen,ALREADY_HLE
FM5NPnLqBc8,libc,libc,FUNC,1,IMPLEMENTED_HLE,1,wcscpy,src\SharpEmu.Libs\Kernel\KernelMemoryCompatExports.cs,wcscpy,ALREADY_HLE
3GPpjQdAMTw,libc,libc,FUNC,1,IMPLEMENTED_HLE,1,__cxa_guard_acquire,src\SharpEmu.Libs\CxxAbiExports.cs,__cxa_guard_acquire,ALREADY_HLE
9rAeANT2tyE,libc,libc,FUNC,1,IMPLEMENTED_HLE,1,__cxa_guard_release,src\SharpEmu.Libs\CxxAbiExports.cs,__cxa_guard_release,ALREADY_HLE
CdWp0oHWGr0,libSceUserService,libSceUserService,FUNC,1,IMPLEMENTED_HLE,1,sceUserServiceGetInitialUser,src\SharpEmu.Libs\UserService\UserServiceExports.cs,sceUserServiceGetInitialUser,ALREADY_HLE
AV6ipCNa4Rw,libc,libc,FUNC,1,IMPLEMENTED_HLE,1,strcasecmp,src\SharpEmu.Libs\Kernel\KernelMemoryCompatExports.cs,strcasecmp,ALREADY_HLE
6sJWiWSRuqk,libc,libc,FUNC,1,IMPLEMENTED_HLE,1,strncpy,src\SharpEmu.Libs\Kernel\KernelMemoryCompatExports.cs,strncpy,ALREADY_HLE
viiwFMaNamA,libc,libc,FUNC,1,IMPLEMENTED_HLE,1,strstr,src\SharpEmu.Libs\Kernel\KernelMemoryCompatExports.cs,strstr,ALREADY_HLE
ozMAr28BwSY,libc,libc,FUNC,1,NO_HLE_EXPORT,0,,,_ZSt14_Xout_of_rangePKc,NATIVE_PRX_OR_DATA_VERIFY_AT_RUNTIME
kiZSXIWd9vg,libc,libc,FUNC,1,IMPLEMENTED_HLE,1,strcpy,src\SharpEmu.Libs\Kernel\KernelMemoryCompatExports.cs,strcpy,ALREADY_HLE
Noj9PsJrsa8,libc,libc,FUNC,1,IMPLEMENTED_HLE,1,wmemmove,src\SharpEmu.Libs\LibcCompat\LibcMemoryStringExports.cs,wmemmove,ALREADY_HLE
GZWjF-YIFFk,libc,libc,FUNC,1,IMPLEMENTED_HLE,1,asinf,src\SharpEmu.Libs\LibcCompat\LibcMathCompilerRuntimeExports.cs,asinf,ALREADY_HLE
DbEnA+MnVIw,libc,libc,FUNC,1,NO_HLE_EXPORT,0,,,_Towctrans,NATIVE_PRX_OR_DATA_VERIFY_AT_RUNTIME
eLdDw6l0-bU,libc,libc,FUNC,1,IMPLEMENTED_HLE,1,snprintf,src\SharpEmu.Libs\Kernel\KernelMemoryCompatExports.cs,snprintf,ALREADY_HLE
QJ5xVfKkni0,libc,libc,FUNC,1,IMPLEMENTED_HLE,1,wmemcmp,src\SharpEmu.Libs\LibcCompat\LibcMemoryStringExports.cs,wmemcmp,ALREADY_HLE
1D0H2KNjshE,libc,libc,FUNC,1,IMPLEMENTED_HLE,1,powf,src\SharpEmu.Libs\LibcCompat\LibcMathCompilerRuntimeExports.cs,powf,ALREADY_HLE
zlfEH8FmyUA,libc,libc,FUNC,1,NO_HLE_EXPORT,0,,,_Stoul,NATIVE_PRX_OR_DATA_VERIFY_AT_RUNTIME
zr094EQ39Ww,libc,libc,FUNC,2722,NO_HLE_EXPORT,0,,,__cxa_pure_virtual,NATIVE_PRX_OR_DATA_VERIFY_AT_RUNTIME
eT2UsmTewbU,libc,libc,FUNC,1,NO_HLE_EXPORT,0,,,_ZSt11_Xbad_allocv,NATIVE_PRX_OR_DATA_VERIFY_AT_RUNTIME
gNQ1V2vfXDE,libc,libc,FUNC,1,NO_HLE_EXPORT,0,,,setjmp,NATIVE_PRX_OR_DATA_VERIFY_AT_RUNTIME
9yDWMxEFdJU,libc,libc,FUNC,1,IMPLEMENTED_HLE,1,strrchr,src\SharpEmu.Libs\Kernel\KernelMemoryCompatExports.cs,strrchr,ALREADY_HLE
ZE6RNL+eLbk,libc,libc,FUNC,1,IMPLEMENTED_HLE,1,tanf,src\SharpEmu.Libs\LibcCompat\LibcMathCompilerRuntimeExports.cs,tanf,ALREADY_HLE
CjQROLB88a4,libc,libc,FUNC,1,IMPLEMENTED_HLE,1,__signbitf,src\SharpEmu.Libs\LibcCompat\RuntimePosixRemainingExportsV54.cs,__signbitf,ALREADY_HLE
weDug8QD-lE,libc,libc,FUNC,1,IMPLEMENTED_HLE,1,atanf,src\SharpEmu.Libs\LibcCompat\LibcMathCompilerRuntimeExports.cs,atanf,ALREADY_HLE
H4MCONF+Gps,libc,libc,FUNC,1,IMPLEMENTED_HLE,1,wcspbrk,src\SharpEmu.Libs\LibcCompat\LibcMemoryStringExports.cs,wcspbrk,ALREADY_HLE
bZx+FFSlkUM,libc,libc,FUNC,1,NO_HLE_EXPORT,0,,,_ZdlPvSt11align_val_t,NATIVE_PRX_OR_DATA_VERIFY_AT_RUNTIME
qYhnoevd9bI,libc,libc,FUNC,1,NO_HLE_EXPORT,0,,,_ZSt9terminatev,NATIVE_PRX_OR_DATA_VERIFY_AT_RUNTIME
hcuQgD53UxM,libc,libc,FUNC,1,NO_HLE_EXPORT,0,,,printf,NATIVE_PRX_OR_DATA_VERIFY_AT_RUNTIME
pNtJdE3x49E,libc,libc,FUNC,1,IMPLEMENTED_HLE,1,wcscmp,src\SharpEmu.Libs\Kernel\KernelMemoryCompatExports.cs,wcscmp,ALREADY_HLE
Ezzq78ZgHPs,libc,libc,FUNC,1,IMPLEMENTED_HLE,1,wcschr,src\SharpEmu.Libs\Kernel\KernelMemoryCompatExports.cs,wcschr,ALREADY_HLE
fnUEjBCNRVU,libc,libc,FUNC,1,IMPLEMENTED_HLE,1,wmemchr,src\SharpEmu.Libs\LibcCompat\LibcMemoryStringExports.cs,wmemchr,ALREADY_HLE
8zsu04XNsZ4,libc,libc,FUNC,1,IMPLEMENTED_HLE,1,expf,src\SharpEmu.Libs\LibcCompat\LibcMathCompilerRuntimeExports.cs,expf,ALREADY_HLE
cpCOXWMgha0,libc,libc,FUNC,1,NO_HLE_EXPORT,0,,,rand,NATIVE_PRX_OR_DATA_VERIFY_AT_RUNTIME
5OqszGpy7Mg,libc,libc,FUNC,1,IMPLEMENTED_HLE,1,strtoull,src\SharpEmu.Libs\LibcCompat\LibcRuntimeExpansionV46Exports.cs,strtoull,ALREADY_HLE
0nV21JjYCH8,libc,libc,FUNC,1,IMPLEMENTED_HLE,1,wcsncpy,src\SharpEmu.Libs\Kernel\KernelMemoryCompatExports.cs,wcsncpy,ALREADY_HLE
g8cM39EUZ6o,libSceSysmodule,libSceSysmodule,FUNC,1,IMPLEMENTED_HLE,1,sceSysmoduleLoadModule,src\SharpEmu.Libs\Kernel\KernelRuntimeCompatExports.cs,sceSysmoduleLoadModule,ALREADY_HLE
0aR2aWmQal4,libSceNpCommerce,libSceNpCommerce,FUNC,1,NO_HLE_EXPORT,0,,,sceNpCommerceDialogInitialize,HLE_CANDIDATE_VERIFY_AT_RUNTIME
m-I92Ab50W8,libSceNpCommerce,libSceNpCommerce,FUNC,1,NO_HLE_EXPORT,0,,,sceNpCommerceDialogTerminate,HLE_CANDIDATE_VERIFY_AT_RUNTIME
eR2bZFAAU0Q,libSceSysmodule,libSceSysmodule,FUNC,1,IMPLEMENTED_HLE,1,sceSysmoduleUnloadModule,src\SharpEmu.Libs\Kernel\KernelRuntimeCompatExports.cs,sceSysmoduleUnloadModule,ALREADY_HLE
eiqMCt9UshI,libSceNpManager,libSceNpManager,FUNC,1,NO_HLE_EXPORT,0,,,sceNpCreateAsyncRequest,HLE_CANDIDATE_VERIFY_AT_RUNTIME
S7QTn72PrDw,libSceNpManager,libSceNpManager,FUNC,1,IMPLEMENTED_HLE,1,sceNpDeleteRequest,src\SharpEmu.Libs\Np\NpManagerExports.cs,sceNpDeleteRequest,ALREADY_HLE
O80NrhUOPGY,libSceNpManager,libSceNpManager,FUNC,1,NO_HLE_EXPORT,0,,,sceNpCheckPremium,HLE_CANDIDATE_VERIFY_AT_RUNTIME
uqcPJLWL08M,libSceNpManager,libSceNpManager,FUNC,1,NO_HLE_EXPORT,0,,,sceNpPollAsync,HLE_CANDIDATE_VERIFY_AT_RUNTIME
OzKvTvg3ZYU,libSceNpManager,libSceNpManager,FUNC,1,NO_HLE_EXPORT,0,,,sceNpAbortRequest,HLE_CANDIDATE_VERIFY_AT_RUNTIME
DfSCDRA3EjY,libSceNpCommerce,libSceNpCommerce,FUNC,1,NO_HLE_EXPORT,0,,,sceNpCommerceDialogOpen,HLE_CANDIDATE_VERIFY_AT_RUNTIME
LR5cwFMMCVE,libSceNpCommerce,libSceNpCommerce,FUNC,1,NO_HLE_EXPORT,0,,,sceNpCommerceDialogUpdateStatus,HLE_CANDIDATE_VERIFY_AT_RUNTIME
r42bWcQbtZY,libSceNpCommerce,libSceNpCommerce,FUNC,1,NO_HLE_EXPORT,0,,,sceNpCommerceDialogGetResult,HLE_CANDIDATE_VERIFY_AT_RUNTIME
su7jW3VDDb4,libSceNpUniversalDataSystem,libSceNpUniversalDataSystem,FUNC,1,NO_HLE_EXPORT,0,,,sceNpUniversalDataSystemGetMemoryStat,HLE_CANDIDATE_VERIFY_AT_RUNTIME
p+GcLqwpL9M,libSceNpUniversalDataSystem,libSceNpUniversalDataSystem,FUNC,1,IMPLEMENTED_HLE,1,sceNpUniversalDataSystemCreateEvent,src\SharpEmu.Libs\Np\NpUniversalDataSystemExports.cs,sceNpUniversalDataSystemCreateEvent,ALREADY_HLE
YE4dbtbz6OE,libSceNpUniversalDataSystem,libSceNpUniversalDataSystem,FUNC,1,NO_HLE_EXPORT,0,,,sceNpUniversalDataSystemEventPropertyObjectSetInt32,HLE_CANDIDATE_VERIFY_AT_RUNTIME
wG+84pnNIuo,libSceNpUniversalDataSystem,libSceNpUniversalDataSystem,FUNC,1,IMPLEMENTED_HLE,1,sceNpUniversalDataSystemDestroyEvent,src\SharpEmu.Libs\Np\NpUniversalDataSystemExports.cs,sceNpUniversalDataSystemDestroyEvent,ALREADY_HLE
zO9UL3qIINQ,libSceRtc,libSceRtc,FUNC,1,IMPLEMENTED_HLE,1,sceRtcGetCurrentNetworkTick,src\SharpEmu.Libs\Rtc\RtcExports.cs,sceRtcGetCurrentNetworkTick,ALREADY_HLE
MfDb+4Nln64,libSceNpUniversalDataSystem,libSceNpUniversalDataSystem,FUNC,1,IMPLEMENTED_HLE,1,sceNpUniversalDataSystemEventPropertyObjectSetString,src\SharpEmu.Libs\Np\NpUniversalDataSystemExports.cs,sceNpUniversalDataSystemEventPropertyObjectSetString,ALREADY_HLE
Hm7qubT3b70,libSceNpUniversalDataSystem,libSceNpUniversalDataSystem,FUNC,1,NO_HLE_EXPORT,0,,,sceNpUniversalDataSystemCreateEventPropertyArray,HLE_CANDIDATE_VERIFY_AT_RUNTIME
JmgwKm96Lq4,libSceNpUniversalDataSystem,libSceNpUniversalDataSystem,FUNC,1,NO_HLE_EXPORT,0,,,sceNpUniversalDataSystemEventPropertyArraySetFloat32,HLE_CANDIDATE_VERIFY_AT_RUNTIME
Wxbg5x3pTXA,libSceNpUniversalDataSystem,libSceNpUniversalDataSystem,FUNC,1,IMPLEMENTED_HLE,1,sceNpUniversalDataSystemEventPropertyObjectSetArray,src\SharpEmu.Libs\Np\NpUniversalDataSystemExports.cs,sceNpUniversalDataSystemEventPropertyObjectSetArray,ALREADY_HLE
W-0xwY0ZMjw,libSceNpUniversalDataSystem,libSceNpUniversalDataSystem,FUNC,1,NO_HLE_EXPORT,0,,,sceNpUniversalDataSystemDestroyEventPropertyArray,HLE_CANDIDATE_VERIFY_AT_RUNTIME
ob5xAW4ln-0,libc,libc,FUNC,1,IMPLEMENTED_HLE,1,strchr,src\SharpEmu.Libs\Kernel\KernelMemoryCompatExports.cs,strchr,ALREADY_HLE
4llLk7YJRTE,libSceNpUniversalDataSystem,libSceNpUniversalDataSystem,FUNC,1,IMPLEMENTED_HLE,1,sceNpUniversalDataSystemEventPropertyArraySetString,src\SharpEmu.Libs\Np\NpUniversalDataSystemExports.cs,sceNpUniversalDataSystemEventPropertyArraySetString,ALREADY_HLE
xvsP5Yz6FmY,libSceNpUniversalDataSystem,libSceNpUniversalDataSystem,FUNC,1,NO_HLE_EXPORT,0,,,sceNpUniversalDataSystemEventPropertyObjectSetUInt64,HLE_CANDIDATE_VERIFY_AT_RUNTIME
AzD4irAcKE4,libSceNpUniversalDataSystem,libSceNpUniversalDataSystem,FUNC,1,NO_HLE_EXPORT,0,,,sceNpUniversalDataSystemEventPropertyObjectSetUInt32,HLE_CANDIDATE_VERIFY_AT_RUNTIME
s6W4Zl4Slgk,libSceNpUniversalDataSystem,libSceNpUniversalDataSystem,FUNC,1,NO_HLE_EXPORT,0,,,sceNpUniversalDataSystemCreateEventPropertyObject,HLE_CANDIDATE_VERIFY_AT_RUNTIME
XY14n3jNIpE,libSceNpUniversalDataSystem,libSceNpUniversalDataSystem,FUNC,1,NO_HLE_EXPORT,0,,,sceNpUniversalDataSystemEventPropertyArraySetObject,HLE_CANDIDATE_VERIFY_AT_RUNTIME
kKUH0Viib3c,libSceNpUniversalDataSystem,libSceNpUniversalDataSystem,FUNC,1,NO_HLE_EXPORT,0,,,sceNpUniversalDataSystemDestroyEventPropertyObject,HLE_CANDIDATE_VERIFY_AT_RUNTIME
wLlFkwG9UcQ,libc,libc,FUNC,1,NO_HLE_EXPORT,0,,,time,NATIVE_PRX_OR_DATA_VERIFY_AT_RUNTIME
tIhsqj0qsFE,libc,libc,FUNC,1,IMPLEMENTED_HLE,1,free,src\SharpEmu.Libs\Kernel\KernelMemoryCompatExports.cs,free,ALREADY_HLE
rbknaUjpqWo,libSceNpManager,libSceNpManager,FUNC,1,IMPLEMENTED_HLE,1,sceNpGetAccountIdA,src\SharpEmu.Libs\Np\NpManagerExports.cs,sceNpGetAccountIdA,ALREADY_HLE
XDncXQIJUSk,libSceNpManager,libSceNpManager,FUNC,1,IMPLEMENTED_HLE,1,sceNpGetOnlineId,src\SharpEmu.Libs\Np\NpManagerExports.cs,sceNpGetOnlineId,ALREADY_HLE
Y7aJ1uydPMo,libc,libc,FUNC,1,IMPLEMENTED_HLE,1,realloc,src\SharpEmu.Libs\Kernel\KernelMemoryCompatExports.cs,realloc,ALREADY_HLE
gQX+4GDQjpM,libc,libc,FUNC,1,IMPLEMENTED_HLE,1,malloc,src\SharpEmu.Libs\Kernel\KernelMemoryCompatExports.cs,malloc,ALREADY_HLE
E8wCoUEbfzk,libc,libc,FUNC,1,IMPLEMENTED_HLE,1,wcsncmp,src\SharpEmu.Libs\Kernel\KernelMemoryCompatExports.cs,wcsncmp,ALREADY_HLE
9rMML086SEE,libc,libc,FUNC,1,NO_HLE_EXPORT,0,,,_ZNSt6locale5_InitEv,NATIVE_PRX_OR_DATA_VERIFY_AT_RUNTIME
hEQ2Yi4PJXA,libc,libc,FUNC,1,NO_HLE_EXPORT,0,,,_ZNSt6locale16_GetgloballocaleEv,NATIVE_PRX_OR_DATA_VERIFY_AT_RUNTIME
kALvdgEv5ME,libc,libc,FUNC,1,NO_HLE_EXPORT,0,,,_Locksyslock,NATIVE_PRX_OR_DATA_VERIFY_AT_RUNTIME
hqi8yMOCmG0,libc,libc,FUNC,1,NO_HLE_EXPORT,0,,,_ZNSt8_LocinfoC1EPKc,NATIVE_PRX_OR_DATA_VERIFY_AT_RUNTIME
QxqK-IdpumU,libc,libc,FUNC,1,NO_HLE_EXPORT,0,,,_Getpmbstate,NATIVE_PRX_OR_DATA_VERIFY_AT_RUNTIME
zS94yyJRSUs,libc,libc,FUNC,1,NO_HLE_EXPORT,0,,,_Getpwcstate,NATIVE_PRX_OR_DATA_VERIFY_AT_RUNTIME
p6LrHjIQMdk,libc,libc,FUNC,1,NO_HLE_EXPORT,0,,,_ZNSt8_LocinfoD1Ev,NATIVE_PRX_OR_DATA_VERIFY_AT_RUNTIME
9nf8joUTSaQ,libc,libc,FUNC,1,NO_HLE_EXPORT,0,,,_Unlocksyslock,NATIVE_PRX_OR_DATA_VERIFY_AT_RUNTIME
WViwxtEKxHk,libc,libc,FUNC,1,NO_HLE_EXPORT,0,,,_ZNSt6locale7_LocimpC1ERKS0_,NATIVE_PRX_OR_DATA_VERIFY_AT_RUNTIME
FjZCPmK0SbA,libc,libc,OBJECT,1,NO_HLE_EXPORT,0,,,_ZNSt7codecvtIwc9_MbstatetE2idE,NATIVE_PRX_OR_DATA_VERIFY_AT_RUNTIME
H4fcpQOpc08,libc,libc,OBJECT,1,NO_HLE_EXPORT,0,,,_ZNSt6locale2id7_Id_cntE,NATIVE_PRX_OR_DATA_VERIFY_AT_RUNTIME
uuga3RipCKQ,libc,libc,FUNC,1,NO_HLE_EXPORT,0,,,_ZNSt6locale7_Locimp7_AddfacEPNS_5facetEm,NATIVE_PRX_OR_DATA_VERIFY_AT_RUNTIME
iPBqs+YUUFw,libc,libc,FUNC,1,IMPLEMENTED_HLE,1,_Atomic_fetch_add_4,src\SharpEmu.Libs\LibcCompat\LibcRuntimeExpansionV46Exports.cs,_Atomic_fetch_add_4,ALREADY_HLE
2HnmKiLmV6s,libc,libc,FUNC,1,IMPLEMENTED_HLE,1,_Atomic_fetch_sub_4,src\SharpEmu.Libs\LibcCompat\LibcRuntimeExpansionV46Exports.cs,_Atomic_fetch_sub_4,ALREADY_HLE
Pu0Ecyk-7FU,libc,libc,FUNC,1,NO_HLE_EXPORT,0,,,_ZSt13_Xrange_errorPKc,NATIVE_PRX_OR_DATA_VERIFY_AT_RUNTIME
Xjoosiw+XPI,libkernel,libkernel,FUNC,1,IMPLEMENTED_HLE,1,sceKernelUuidCreate,src\SharpEmu.Libs\Kernel\KernelRuntimeCompatExports.cs,sceKernelUuidCreate,ALREADY_HLE
obuxdTiwkF8,libSceNetCtl,libSceNetCtl,FUNC,1,IMPLEMENTED_HLE,1,sceNetCtlGetInfo,src\SharpEmu.Libs\Network\NetCtlExports.cs,sceNetCtlGetInfo,ALREADY_HLE
JO4yuTuMoKI,libSceNetCtl,libSceNetCtl,FUNC,1,IMPLEMENTED_HLE,1,sceNetCtlGetNatInfo,src\SharpEmu.Libs\Network\NetCtlExports.cs,sceNetCtlGetNatInfo,ALREADY_HLE
JT+t00a3TxA,libSceNpManager,libSceNpManager,FUNC,1,IMPLEMENTED_HLE,1,sceNpGetAccountCountryA,src\SharpEmu.Libs\Np\NpManagerExports.cs,sceNpGetAccountCountryA,ALREADY_HLE
GpLQDNKICac,libSceNpManager,libSceNpManager,FUNC,1,NO_HLE_EXPORT,0,,,sceNpCreateRequest,HLE_CANDIDATE_VERIFY_AT_RUNTIME
3Tcz5bNCfZQ,libSceNpManager,libSceNpManager,FUNC,1,NO_HLE_EXPORT,0,,,sceNpGetAccountLanguage2,HLE_CANDIDATE_VERIFY_AT_RUNTIME
aesyjrHVWy4,libc,libc,FUNC,1,IMPLEMENTED_HLE,1,strncmp,src\SharpEmu.Libs\Kernel\KernelMemoryCompatExports.cs,strncmp,ALREADY_HLE
wZi5ly2guNw,libc,libc,FUNC,1,NO_HLE_EXPORT,0,,,_Exit,NATIVE_PRX_OR_DATA_VERIFY_AT_RUNTIME
5PfqUBaQf4g,libc,libc,OBJECT,1,NO_HLE_EXPORT,0,,,_ZSt4cout,NATIVE_PRX_OR_DATA_VERIFY_AT_RUNTIME
pztV4AF18iI,libc,libc,FUNC,1,IMPLEMENTED_HLE,1,sincosf,src\SharpEmu.Libs\LibcCompat\RuntimePosixRemainingExportsV54.cs,sincosf,ALREADY_HLE
3RQ5aQfnstU,libSceSystemService,libSceSystemService,FUNC,1,IMPLEMENTED_HLE,1,sceSystemServiceGetNoticeScreenSkipFlag,src\SharpEmu.Libs\SystemService\SystemServiceExports.cs,sceSystemServiceGetNoticeScreenSkipFlag,ALREADY_HLE
-sD02mFDBh4,libSceUserService,libSceUserService,FUNC,1,IMPLEMENTED_HLE,1,sceUserServiceGetGamePresets,src\SharpEmu.Libs\UserService\UserServiceExports.cs,sceUserServiceGetGamePresets,ALREADY_HLE
MpxhMh8QFro,libc,libc,FUNC,1,IMPLEMENTED_HLE,1,fwrite,src\SharpEmu.Libs\LibcStdioExports.cs,fwrite,ALREADY_HLE
Q1BL70XVV0o,libc,libc,FUNC,1,NO_HLE_EXPORT,0,,,_ZSt18uncaught_exceptionv,NATIVE_PRX_OR_DATA_VERIFY_AT_RUNTIME
2vDqwBlpF-o,libc,libc,FUNC,1,IMPLEMENTED_HLE,1,strtod,src\SharpEmu.Libs\LibcCompat\LibcRuntimeExpansionV46Exports.cs,strtod,ALREADY_HLE
tcVi5SivF7Q,libc,libc,FUNC,1,IMPLEMENTED_HLE,1,sprintf,src\SharpEmu.Libs\Kernel\KernelMemoryCompatExports.cs,sprintf,ALREADY_HLE
xeYO4u7uyJ0,libc,libc,FUNC,1,IMPLEMENTED_HLE,1,fopen,src\SharpEmu.Libs\LibcStdioExports.cs,fopen,ALREADY_HLE
uodLYyUip20,libc,libc,FUNC,1,IMPLEMENTED_HLE,1,fclose,src\SharpEmu.Libs\LibcStdioExports.cs,fclose,ALREADY_HLE
rQFVBXp-Cxg,libc,libc,FUNC,1,IMPLEMENTED_HLE,1,fseek,src\SharpEmu.Libs\LibcStdioExports.cs,fseek,ALREADY_HLE
Qazy8LmXTvw,libc,libc,FUNC,1,IMPLEMENTED_HLE,1,ftell,src\SharpEmu.Libs\LibcStdioExports.cs,ftell,ALREADY_HLE
lbB+UlZqVG0,libc,libc,FUNC,1,IMPLEMENTED_HLE,1,fread,src\SharpEmu.Libs\LibcStdioExports.cs,fread,ALREADY_HLE
AHxyhN96dy4,libc,libc,FUNC,1,IMPLEMENTED_HLE,1,ferror,src\SharpEmu.Libs\LibcStdioExports.cs,ferror,ALREADY_HLE
pKwslsMUmSk,libc,libc,FUNC,1,IMPLEMENTED_HLE,1,fmod,src\SharpEmu.Libs\LibcCompat\LibcMathCompilerRuntimeExports.cs,fmod,ALREADY_HLE
V23qt24VPVs,libc,libc,FUNC,1,NO_HLE_EXPORT,0,,,_ZSt17iostream_categoryv,NATIVE_PRX_OR_DATA_VERIFY_AT_RUNTIME
yLE5H3058Ao,libc,libc,OBJECT,1,NO_HLE_EXPORT,0,,,_ZTVNSt8ios_base7failureE,NATIVE_PRX_OR_DATA_VERIFY_AT_RUNTIME
DuW5ZqZv-70,libc,libc,FUNC,1,NO_HLE_EXPORT,0,,,_ZNKSt9exception6_RaiseEv,NATIVE_PRX_OR_DATA_VERIFY_AT_RUNTIME
N2f485TmJms,libc,libc,FUNC,1,NO_HLE_EXPORT,0,,,_ZNSt8ios_base7failureD1Ev,NATIVE_PRX_OR_DATA_VERIFY_AT_RUNTIME
-L+-8F0+gBc,libc,libc,OBJECT,1,NO_HLE_EXPORT,0,,,_ZTVSt13runtime_error,NATIVE_PRX_OR_DATA_VERIFY_AT_RUNTIME
oe9tS0VztYk,libc,libc,FUNC,1,NO_HLE_EXPORT,0,,,_ZNSt13runtime_errorD2Ev,NATIVE_PRX_OR_DATA_VERIFY_AT_RUNTIME
FQ9NFbBHb5Y,libc,libc,OBJECT,1,NO_HLE_EXPORT,0,,,_ZSt7_BADOFF,NATIVE_PRX_OR_DATA_VERIFY_AT_RUNTIME
wiR+rIcbnlc,libc,libc,OBJECT,1,NO_HLE_EXPORT,0,,,_ZSt4_Fpz,NATIVE_PRX_OR_DATA_VERIFY_AT_RUNTIME
tyHd3P7oDrU,libc,libc,FUNC,1,IMPLEMENTED_HLE,1,_ZNKSt9exception8_DoraiseEv,src\SharpEmu.Libs\LibcCompat\V51ExportsPart01.cs,_ZNKSt9exception8_DoraiseEv,ALREADY_HLE
Ujf3KzMvRmI,libc,libc,FUNC,1,IMPLEMENTED_HLE,1,memalign,src\SharpEmu.Libs\Kernel\KernelMemoryCompatExports.cs,memalign,ALREADY_HLE
RqeErO3cFHU,libc,libc,FUNC,1,NO_HLE_EXPORT,0,,,_ZSt15set_new_handlerPFvvE,NATIVE_PRX_OR_DATA_VERIFY_AT_RUNTIME
pO96TwzOm5E,libkernel,libkernel,FUNC,1,IMPLEMENTED_HLE,1,sceKernelGetDirectMemorySize,src\SharpEmu.Libs\Kernel\KernelMemoryCompatExports.cs,sceKernelGetDirectMemorySize,ALREADY_HLE
C0f7TJcbfac,libkernel,libkernel,FUNC,1,IMPLEMENTED_HLE,1,sceKernelAvailableDirectMemorySize,src\SharpEmu.Libs\Kernel\KernelMemoryCompatExports.cs,sceKernelAvailableDirectMemorySize,ALREADY_HLE
rTXw65xmLIA,libkernel,libkernel,FUNC,1,IMPLEMENTED_HLE,1,sceKernelAllocateDirectMemory,src\SharpEmu.Libs\Kernel\KernelMemoryCompatExports.cs,sceKernelAllocateDirectMemory,ALREADY_HLE
L-Q3LEjIbgA,libkernel,libkernel,FUNC,1,IMPLEMENTED_HLE,1,sceKernelMapDirectMemory,src\SharpEmu.Libs\Kernel\KernelMemoryCompatExports.cs,sceKernelMapDirectMemory,ALREADY_HLE
BohYr-F7-is,libkernel,libkernel,FUNC,1,IMPLEMENTED_HLE,1,sceKernelSetPrtAperture,src\SharpEmu.Libs\Kernel\KernelRuntimeCompatExports.cs,sceKernelSetPrtAperture,ALREADY_HLE
aNz11fnnzi4,libkernel,libkernel,FUNC,1,IMPLEMENTED_HLE,1,sceKernelAvailableFlexibleMemorySize,src\SharpEmu.Libs\Kernel\KernelMemoryCompatExports.cs,sceKernelAvailableFlexibleMemorySize,ALREADY_HLE
7oxv3PPCumo,libkernel,libkernel,FUNC,1,IMPLEMENTED_HLE,1,sceKernelReserveVirtualRange,src\SharpEmu.Libs\Kernel\KernelRuntimeCompatExports.cs,sceKernelReserveVirtualRange,ALREADY_HLE
IWIBBdTHit4,libkernel,libkernel,FUNC,1,IMPLEMENTED_HLE,1,sceKernelMapFlexibleMemory,src\SharpEmu.Libs\Kernel\KernelMemoryCompatExports.cs,sceKernelMapFlexibleMemory,ALREADY_HLE
rVjRvHJ0X6c,libkernel,libkernel,FUNC,1,IMPLEMENTED_HLE,1,sceKernelVirtualQuery,src\SharpEmu.Libs\Kernel\KernelMemoryCompatExports.cs,sceKernelVirtualQuery,ALREADY_HLE
2SKEx6bSq-4,libkernel,libkernel,FUNC,1,IMPLEMENTED_HLE,1,sceKernelBatchMap,src\SharpEmu.Libs\Kernel\KernelMemoryCompatExports.cs,sceKernelBatchMap,ALREADY_HLE
SRI6S9B+-a4,libc,libc,FUNC,1,NO_HLE_EXPORT,0,,,atof,NATIVE_PRX_OR_DATA_VERIFY_AT_RUNTIME
-kU6bB4M-+k,libc,libc,FUNC,1,IMPLEMENTED_HLE,1,strspn,src\SharpEmu.Libs\LibcCompat\LibcMemoryStringExports.cs,strspn,ALREADY_HLE
q0F6yS-rCms,libc,libc,FUNC,1,IMPLEMENTED_HLE,1,strcspn,src\SharpEmu.Libs\LibcCompat\LibcMemoryStringExports.cs,strcspn,ALREADY_HLE
m5wN+SwZOR4,libc,libc,FUNC,1,NO_HLE_EXPORT,0,,,putchar,NATIVE_PRX_OR_DATA_VERIFY_AT_RUNTIME
Ls4tzzhimqQ,libc,libc,FUNC,1,IMPLEMENTED_HLE,1,strcat,src\SharpEmu.Libs\Kernel\KernelMemoryCompatExports.cs,strcat,ALREADY_HLE
1G3lF1Gg1k8,libkernel,libkernel,FUNC,1,IMPLEMENTED_HLE,1,sceKernelOpen,src\SharpEmu.Libs\Kernel\KernelExports.cs,sceKernelOpen,ALREADY_HLE
eV9wAD2riIA,libkernel,libkernel,FUNC,1,IMPLEMENTED_HLE,1,sceKernelStat,src\SharpEmu.Libs\Kernel\KernelMemoryCompatExports.cs,sceKernelStat,ALREADY_HLE
UK2Tl2DWUns,libkernel,libkernel,FUNC,1,IMPLEMENTED_HLE,1,sceKernelClose,src\SharpEmu.Libs\Kernel\KernelMemoryCompatExports.cs,sceKernelClose,ALREADY_HLE
oib76F-12fk,libkernel,libkernel,FUNC,1,IMPLEMENTED_HLE,1,sceKernelLseek,src\SharpEmu.Libs\Kernel\KernelMemoryCompatExports.cs,sceKernelLseek,ALREADY_HLE
Cg4srZ6TKbU,libkernel,libkernel,FUNC,1,IMPLEMENTED_HLE,1,sceKernelRead,src\SharpEmu.Libs\Kernel\KernelMemoryCompatExports.cs,sceKernelRead,ALREADY_HLE
+r3rMFwItV4,libkernel,libkernel,FUNC,1,IMPLEMENTED_HLE,1,sceKernelPread,src\SharpEmu.Libs\Kernel\KernelGraphicsResourceIoV55Exports.cs,sceKernelPread,ALREADY_HLE
4wSze92BhLI,libkernel,libkernel,FUNC,1,IMPLEMENTED_HLE,1,sceKernelWrite,src\SharpEmu.Libs\Kernel\KernelMemoryCompatExports.cs,sceKernelWrite,ALREADY_HLE
VW3TVZiM4-E,libkernel,libkernel,FUNC,1,NO_HLE_EXPORT,0,,,sceKernelFtruncate,HLE_CANDIDATE_VERIFY_AT_RUNTIME
fTx66l5iWIA,libkernel,libkernel,FUNC,1,NO_HLE_EXPORT,0,,,sceKernelFsync,HLE_CANDIDATE_VERIFY_AT_RUNTIME
kBwCPsYX-m4,libkernel,libkernel,FUNC,1,IMPLEMENTED_HLE,1,sceKernelFstat,src\SharpEmu.Libs\Kernel\KernelMemoryCompatExports.cs,sceKernelFstat,ALREADY_HLE
1-LFLmRFxxM,libkernel,libkernel,FUNC,1,IMPLEMENTED_HLE,1,sceKernelMkdir,src\SharpEmu.Libs\Kernel\KernelMemoryCompatExports.cs,sceKernelMkdir,ALREADY_HLE
1j3S3n-tTW4,libkernel,libkernel,FUNC,1,IMPLEMENTED_HLE,1,sceKernelGetTscFrequency,src\SharpEmu.Libs\Kernel\KernelRuntimeCompatExports.cs,sceKernelGetTscFrequency,ALREADY_HLE
fiiNDnNBKVY,libc,libc,FUNC,1,NO_HLE_EXPORT,0,,,localtime_s,NATIVE_PRX_OR_DATA_VERIFY_AT_RUNTIME
5bBacGLyLOs,libc,libc,FUNC,1,NO_HLE_EXPORT,0,,,gmtime_s,NATIVE_PRX_OR_DATA_VERIFY_AT_RUNTIME
n7AepwR0s34,libc,libc,FUNC,1,NO_HLE_EXPORT,0,,,mktime,NATIVE_PRX_OR_DATA_VERIFY_AT_RUNTIME
efhK-YSUYYQ,libc,libc,FUNC,1,NO_HLE_EXPORT,0,,,localtime,NATIVE_PRX_OR_DATA_VERIFY_AT_RUNTIME
q+9E0X3aWpU,libc,libc,FUNC,1,NO_HLE_EXPORT,0,,,_Stoull,NATIVE_PRX_OR_DATA_VERIFY_AT_RUNTIME
F8bUHwAG284,libkernel,libkernel,FUNC,1,IMPLEMENTED_HLE,1,scePthreadMutexattrInit,src\SharpEmu.Libs\Kernel\KernelPthreadCompatExports.cs,scePthreadMutexattrInit,ALREADY_HLE
iMp8QpE+XO4,libkernel,libkernel,FUNC,1,IMPLEMENTED_HLE,1,scePthreadMutexattrSettype,src\SharpEmu.Libs\Kernel\KernelPthreadCompatExports.cs,scePthreadMutexattrSettype,ALREADY_HLE
cmo1RIYva9o,libkernel,libkernel,FUNC,1,IMPLEMENTED_HLE,1,scePthreadMutexInit,src\SharpEmu.Libs\Kernel\KernelPthreadCompatExports.cs,scePthreadMutexInit,ALREADY_HLE
smWEktiyyG0,libkernel,libkernel,FUNC,1,IMPLEMENTED_HLE,1,scePthreadMutexattrDestroy,src\SharpEmu.Libs\Kernel\KernelPthreadCompatExports.cs,scePthreadMutexattrDestroy,ALREADY_HLE
2Of0f+3mhhE,libkernel,libkernel,FUNC,1,IMPLEMENTED_HLE,1,scePthreadMutexDestroy,src\SharpEmu.Libs\Kernel\KernelPthreadCompatExports.cs,scePthreadMutexDestroy,ALREADY_HLE
9UK1vLZQft4,libkernel,libkernel,FUNC,1,IMPLEMENTED_HLE,1,scePthreadMutexLock,src\SharpEmu.Libs\Kernel\KernelPthreadCompatExports.cs,scePthreadMutexLock,ALREADY_HLE
upoVrzMHFeE,libkernel,libkernel,FUNC,1,IMPLEMENTED_HLE,1,scePthreadMutexTrylock,src\SharpEmu.Libs\Kernel\KernelPthreadCompatExports.cs,scePthreadMutexTrylock,ALREADY_HLE
tn3VlD0hG60,libkernel,libkernel,FUNC,1,IMPLEMENTED_HLE,1,scePthreadMutexUnlock,src\SharpEmu.Libs\Kernel\KernelPthreadCompatExports.cs,scePthreadMutexUnlock,ALREADY_HLE
BpFoboUJoZU,libkernel,libkernel,FUNC,1,IMPLEMENTED_HLE,1,sceKernelCreateEventFlag,src\SharpEmu.Libs\Kernel\KernelEventFlagCompatExports.cs,sceKernelCreateEventFlag,ALREADY_HLE
8mql9OcQnd4,libkernel,libkernel,FUNC,1,IMPLEMENTED_HLE,1,sceKernelDeleteEventFlag,src\SharpEmu.Libs\Kernel\KernelEventFlagCompatExports.cs,sceKernelDeleteEventFlag,ALREADY_HLE
IOnSvHzqu6A,libkernel,libkernel,FUNC,1,IMPLEMENTED_HLE,1,sceKernelSetEventFlag,src\SharpEmu.Libs\Kernel\KernelEventFlagCompatExports.cs,sceKernelSetEventFlag,ALREADY_HLE
7uhBFWRAS60,libkernel,libkernel,FUNC,1,IMPLEMENTED_HLE,1,sceKernelClearEventFlag,src\SharpEmu.Libs\Kernel\KernelEventFlagCompatExports.cs,sceKernelClearEventFlag,ALREADY_HLE
9lvj5DjHZiA,libkernel,libkernel,FUNC,1,IMPLEMENTED_HLE,1,sceKernelPollEventFlag,src\SharpEmu.Libs\Kernel\KernelEventFlagCompatExports.cs,sceKernelPollEventFlag,ALREADY_HLE
JTvBflhYazQ,libkernel,libkernel,FUNC,1,IMPLEMENTED_HLE,1,sceKernelWaitEventFlag,src\SharpEmu.Libs\Kernel\KernelEventFlagCompatExports.cs,sceKernelWaitEventFlag,ALREADY_HLE
1jfXLRVzisc,libkernel,libkernel,FUNC,1,IMPLEMENTED_HLE,1,sceKernelUsleep,src\SharpEmu.Libs\Kernel\KernelRuntimeCompatExports.cs,sceKernelUsleep,ALREADY_HLE
nsYoNRywwNg,libkernel,libkernel,FUNC,1,IMPLEMENTED_HLE,1,scePthreadAttrInit,src\SharpEmu.Libs\Kernel\KernelPthreadExtendedCompatExports.cs,scePthreadAttrInit,ALREADY_HLE
-Wreprtu0Qs,libkernel,libkernel,FUNC,1,IMPLEMENTED_HLE,1,scePthreadAttrSetdetachstate,src\SharpEmu.Libs\Kernel\KernelPthreadExtendedCompatExports.cs,scePthreadAttrSetdetachstate,ALREADY_HLE
UTXzJbWhhTE,libkernel,libkernel,FUNC,1,IMPLEMENTED_HLE,1,scePthreadAttrSetstacksize,src\SharpEmu.Libs\Kernel\KernelPthreadExtendedCompatExports.cs,scePthreadAttrSetstacksize,ALREADY_HLE
eXbUSpEaTsA,libkernel,libkernel,FUNC,1,IMPLEMENTED_HLE,1,scePthreadAttrSetinheritsched,src\SharpEmu.Libs\Kernel\KernelPthreadExtendedCompatExports.cs,scePthreadAttrSetinheritsched,ALREADY_HLE
4+h9EzwKF4I,libkernel,libkernel,FUNC,1,IMPLEMENTED_HLE,1,scePthreadAttrSetschedpolicy,src\SharpEmu.Libs\Kernel\KernelPthreadExtendedCompatExports.cs,scePthreadAttrSetschedpolicy,ALREADY_HLE
DzES9hQF4f4,libkernel,libkernel,FUNC,1,IMPLEMENTED_HLE,1,scePthreadAttrSetschedparam,src\SharpEmu.Libs\Kernel\KernelPthreadExtendedCompatExports.cs,scePthreadAttrSetschedparam,ALREADY_HLE
3qxgM4ezETA,libkernel,libkernel,FUNC,1,IMPLEMENTED_HLE,1,scePthreadAttrSetaffinity,src\SharpEmu.Libs\Kernel\KernelPthreadExtendedCompatExports.cs,scePthreadAttrSetaffinity,ALREADY_HLE
6UgtwV+0zb4,libkernel,libkernel,FUNC,1,IMPLEMENTED_HLE,1,scePthreadCreate,src\SharpEmu.Libs\Kernel\KernelExports.cs,scePthreadCreate,ALREADY_HLE
62KCwEMmzcM,libkernel,libkernel,FUNC,1,IMPLEMENTED_HLE,1,scePthreadAttrDestroy,src\SharpEmu.Libs\Kernel\KernelPthreadExtendedCompatExports.cs,scePthreadAttrDestroy,ALREADY_HLE
W0Hpm2X0uPE,libkernel,libkernel,FUNC,1,IMPLEMENTED_HLE,1,scePthreadSetprio,src\SharpEmu.Libs\Kernel\KernelPthreadExtendedCompatExports.cs,scePthreadSetprio,ALREADY_HLE
onNY9Byn-W8,libkernel,libkernel,FUNC,1,IMPLEMENTED_HLE,1,scePthreadJoin,src\SharpEmu.Libs\Kernel\KernelExports.cs,scePthreadJoin,ALREADY_HLE
T72hz6ffq08,libkernel,libkernel,FUNC,1,IMPLEMENTED_HLE,1,scePthreadYield,src\SharpEmu.Libs\Kernel\KernelPthreadCompatExports.cs,scePthreadYield,ALREADY_HLE
rcrVFJsQWRY,libkernel,libkernel,FUNC,1,IMPLEMENTED_HLE,1,scePthreadGetaffinity,src\SharpEmu.Libs\Kernel\KernelPthreadExtendedCompatExports.cs,scePthreadGetaffinity,ALREADY_HLE
bt3CTBKmGyI,libkernel,libkernel,FUNC,1,IMPLEMENTED_HLE,1,scePthreadSetaffinity,src\SharpEmu.Libs\Kernel\KernelPthreadExtendedCompatExports.cs,scePthreadSetaffinity,ALREADY_HLE
JeNX5F-NzQU,libSceFiber,libSceFiber,FUNC,1,IMPLEMENTED_HLE,1,sceFiberFinalize,src\SharpEmu.Libs\Fiber\FiberExports.cs,sceFiberFinalize,ALREADY_HLE
asjUJJ+aa8s,libSceFiber,libSceFiber,FUNC,1,IMPLEMENTED_HLE,1,sceFiberOptParamInitialize,src\SharpEmu.Libs\Fiber\FiberExports.cs,sceFiberOptParamInitialize,ALREADY_HLE
hVYD7Ou2pCQ,libSceFiber,libSceFiber,FUNC,1,IMPLEMENTED_HLE,1,_sceFiberInitializeImpl,src\SharpEmu.Libs\Fiber\FiberExports.cs,_sceFiberInitializeImpl,ALREADY_HLE
a0LLrZWac0M,libSceFiber,libSceFiber,FUNC,1,IMPLEMENTED_HLE,1,sceFiberRun,src\SharpEmu.Libs\Fiber\FiberExports.cs,sceFiberRun,ALREADY_HLE
B0ZX2hx9DMw,libSceFiber,libSceFiber,FUNC,1,IMPLEMENTED_HLE,1,sceFiberReturnToThread,src\SharpEmu.Libs\Fiber\FiberExports.cs,sceFiberReturnToThread,ALREADY_HLE
PFT2S-tJ7Uk,libSceFiber,libSceFiber,FUNC,1,IMPLEMENTED_HLE,1,sceFiberSwitch,src\SharpEmu.Libs\Fiber\FiberExports.cs,sceFiberSwitch,ALREADY_HLE
uq2Y5BFz0PE,libSceFiber,libSceFiber,FUNC,1,IMPLEMENTED_HLE,1,sceFiberGetInfo,src\SharpEmu.Libs\Fiber\FiberExports.cs,sceFiberGetInfo,ALREADY_HLE
JzyT91ucGDc,libSceFiber,libSceFiber,FUNC,1,IMPLEMENTED_HLE,1,sceFiberRename,src\SharpEmu.Libs\Fiber\FiberExports.cs,sceFiberRename,ALREADY_HLE
1Pk0qZQGeWo,libc,libc,FUNC,1,NO_HLE_EXPORT,0,,,sscanf,NATIVE_PRX_OR_DATA_VERIFY_AT_RUNTIME
8zLSfEfW5AU,libkernel,libSceCoredump,FUNC,1,IMPLEMENTED_HLE,1,sceCoredumpRegisterCoredumpHandler,src\SharpEmu.Libs\Kernel\KernelExports.cs,sceCoredumpRegisterCoredumpHandler,ALREADY_HLE
Dbbkj6YHWdo,libkernel,libSceCoredump,FUNC,1,NO_HLE_EXPORT,0,,,sceCoredumpWriteUserData,HLE_CANDIDATE_VERIFY_AT_RUNTIME
fFkhOgztiCA,libkernel,libSceCoredump,FUNC,1,NO_HLE_EXPORT,0,,,sceCoredumpUnregisterCoredumpHandler,HLE_CANDIDATE_VERIFY_AT_RUNTIME
tU5e3f9gSiU,libkernel,libkernel,FUNC,1,IMPLEMENTED_HLE,1,sceKernelIsTrinityMode,src\SharpEmu.Libs\Kernel\KernelExports.cs,sceKernelIsTrinityMode,ALREADY_HLE
4oXYe9Xmk0Q,libkernel,libkernel,FUNC,1,IMPLEMENTED_HLE,1,sceKernelGetGPI,src\SharpEmu.Libs\Kernel\KernelRuntimeCompatExports.cs,sceKernelGetGPI,ALREADY_HLE
2sWzhYqFH4E,libc,libc,OBJECT,1,NO_HLE_EXPORT,0,,,_Stdout,NATIVE_PRX_OR_DATA_VERIFY_AT_RUNTIME
QrZZdJ8XsX0,libc,libc,FUNC,1,IMPLEMENTED_HLE,1,fputs,src\SharpEmu.Libs\Kernel\KernelMemoryCompatExports.cs,fputs,ALREADY_HLE
JoBqSQt1yyA,libSceSystemService,libSceSystemService,FUNC,1,NO_HLE_EXPORT,0,,,sceSystemServiceLoadExec,HLE_CANDIDATE_VERIFY_AT_RUNTIME
RQXLbdT2lc4,libc,libc,FUNC,1,IMPLEMENTED_HLE,1,logf,src\SharpEmu.Libs\LibcCompat\LibcMathCompilerRuntimeExports.cs,logf,ALREADY_HLE
c8D9qIjo8EY,libSceHttp2,libSceHttp2,FUNC,1,NO_HLE_EXPORT,0,,,sceHttp2DeleteRequest,HLE_CANDIDATE_VERIFY_AT_RUNTIME
LJDwdSNTnDg,libkernel,libkernel,FUNC,1,IMPLEMENTED_HLE,1,sceKernelDeleteUserEvent,src\SharpEmu.Libs\Kernel\KernelEventQueueCompatExports.cs,sceKernelDeleteUserEvent,ALREADY_HLE
4R6-OvI2cEA,libkernel,libkernel,FUNC,1,IMPLEMENTED_HLE,1,sceKernelAddUserEvent,src\SharpEmu.Libs\Kernel\KernelEventQueueCompatExports.cs,sceKernelAddUserEvent,ALREADY_HLE
A+NVAFu4eCg,libSceHttp2,libSceHttp2,FUNC,1,NO_HLE_EXPORT,0,,,sceHttp2SendRequestAsync,HLE_CANDIDATE_VERIFY_AT_RUNTIME
IZ-qjhRqvjk,libSceHttp2,libSceHttp2,FUNC,1,NO_HLE_EXPORT,0,,,sceHttp2AbortRequest,HLE_CANDIDATE_VERIFY_AT_RUNTIME
23CPPI1tyBY,libkernel,libkernel,FUNC,1,IMPLEMENTED_HLE,1,sceKernelGetEventFilter,src\SharpEmu.Libs\Kernel\KernelEventQueueCompatExports.cs,sceKernelGetEventFilter,ALREADY_HLE
mJ7aghmgvfc,libkernel,libkernel,FUNC,1,IMPLEMENTED_HLE,1,sceKernelGetEventId,src\SharpEmu.Libs\Kernel\KernelEventQueueCompatExports.cs,sceKernelGetEventId,ALREADY_HLE
MOp-AUhdfi8,libSceHttp2,libSceHttp2,FUNC,1,NO_HLE_EXPORT,0,,,sceHttp2WaitAsync,HLE_CANDIDATE_VERIFY_AT_RUNTIME
-rdXUi2XW90,libSceHttp2,libSceHttp2,FUNC,1,NO_HLE_EXPORT,0,,,sceHttp2GetAllResponseHeaders,HLE_CANDIDATE_VERIFY_AT_RUNTIME
9XYJwCf3lEA,libSceHttp2,libSceHttp2,FUNC,1,NO_HLE_EXPORT,0,,,sceHttp2GetStatusCode,HLE_CANDIDATE_VERIFY_AT_RUNTIME
o0DBQpFE13o,libSceHttp2,libSceHttp2,FUNC,1,NO_HLE_EXPORT,0,,,sceHttp2GetResponseContentLength,HLE_CANDIDATE_VERIFY_AT_RUNTIME
bGN-6zbo7ms,libSceHttp2,libSceHttp2,FUNC,1,NO_HLE_EXPORT,0,,,sceHttp2ReadDataAsync,HLE_CANDIDATE_VERIFY_AT_RUNTIME
fZo48un7LK4,libSceSystemService,libSceSystemService,FUNC,1,IMPLEMENTED_HLE,1,sceSystemServiceParamGetInt,src\SharpEmu.Libs\SystemService\SystemServiceExports.cs,sceSystemServiceParamGetInt,ALREADY_HLE
9LCjpWyQ5Zc,libc,libc,FUNC,1,IMPLEMENTED_HLE,1,pow,src\SharpEmu.Libs\LibcCompat\LibcMathCompilerRuntimeExports.cs,pow,ALREADY_HLE
QI-x0SL8jhw,libc,libc,FUNC,1,IMPLEMENTED_HLE,1,acosf,src\SharpEmu.Libs\LibcCompat\LibcMathCompilerRuntimeExports.cs,acosf,ALREADY_HLE
Q4rRL34CEeE,libc,libc,FUNC,1,IMPLEMENTED_HLE,1,sinf,src\SharpEmu.Libs\LibcCompat\LibcMathCompilerRuntimeExports.cs,sinf,ALREADY_HLE
dgJBaeJnGpo,libSceNet,libSceNet,FUNC,1,IMPLEMENTED_HLE,1,sceNetPoolCreate,src\SharpEmu.Libs\Network\NetExports.cs,sceNetPoolCreate,ALREADY_HLE
hdpVEUDFW3s,libSceSsl,libSceSsl,FUNC,1,IMPLEMENTED_HLE,1,sceSslInit,src\SharpEmu.Libs\Network\SslExports.cs,sceSslInit,ALREADY_HLE
3JCe3lCbQ8A,libSceHttp2,libSceHttp2,FUNC,1,IMPLEMENTED_HLE,1,sceHttp2Init,src\SharpEmu.Libs\Network\Http2Exports.cs,sceHttp2Init,ALREADY_HLE
+wCt7fCijgk,libSceHttp2,libSceHttp2,FUNC,1,NO_HLE_EXPORT,0,,,sceHttp2CreateTemplate,HLE_CANDIDATE_VERIFY_AT_RUNTIME
D0OdFMjp46I,libkernel,libkernel,FUNC,1,IMPLEMENTED_HLE,1,sceKernelCreateEqueue,src\SharpEmu.Libs\Kernel\KernelEventQueueCompatExports.cs,sceKernelCreateEqueue,ALREADY_HLE
jpFjmgAC5AE,libkernel,libkernel,FUNC,1,IMPLEMENTED_HLE,1,sceKernelDeleteEqueue,src\SharpEmu.Libs\Kernel\KernelEventQueueCompatExports.cs,sceKernelDeleteEqueue,ALREADY_HLE
pDom5-078DA,libSceHttp2,libSceHttp2,FUNC,1,NO_HLE_EXPORT,0,,,sceHttp2DeleteTemplate,HLE_CANDIDATE_VERIFY_AT_RUNTIME
YiBUtz-pGkc,libSceHttp2,libSceHttp2,FUNC,1,IMPLEMENTED_HLE,1,sceHttp2Term,src\SharpEmu.Libs\Network\Http2Exports.cs,sceHttp2Term,ALREADY_HLE
0K1yQ6Lv-Yc,libSceSsl,libSceSsl,FUNC,1,IMPLEMENTED_HLE,1,sceSslTerm,src\SharpEmu.Libs\Network\SslExports.cs,sceSslTerm,ALREADY_HLE
K7RlrTkI-mw,libSceNet,libSceNet,FUNC,1,IMPLEMENTED_HLE,1,sceNetPoolDestroy,src\SharpEmu.Libs\Network\NetExports.cs,sceNetPoolDestroy,ALREADY_HLE
fzyMKs9kim0,libkernel,libkernel,FUNC,1,IMPLEMENTED_HLE,1,sceKernelWaitEqueue,src\SharpEmu.Libs\Kernel\KernelEventQueueCompatExports.cs,sceKernelWaitEqueue,ALREADY_HLE
YuOW3dDAKYc,libSceHttp,libSceHttp,FUNC,1,NO_HLE_EXPORT,0,,,sceHttpUriEscape,HLE_CANDIDATE_VERIFY_AT_RUNTIME
mmyOCxQMVYQ,libSceHttp2,libSceHttp2,FUNC,1,NO_HLE_EXPORT,0,,,sceHttp2CreateRequestWithURL,HLE_CANDIDATE_VERIFY_AT_RUNTIME
nrPfOE8TQu0,libSceHttp2,libSceHttp2,FUNC,1,NO_HLE_EXPORT,0,,,sceHttp2AddRequestHeader,HLE_CANDIDATE_VERIFY_AT_RUNTIME
Rbvt+5Y2iEw,libSceNet,libSceNet,FUNC,1,IMPLEMENTED_HLE,1,sceNetNtohs,src\SharpEmu.Libs\Network\NetExports.cs,sceNetNtohs,ALREADY_HLE
gky0+oaNM4k,libSceNetCtl,libSceNetCtl,FUNC,1,IMPLEMENTED_HLE,1,sceNetCtlInit,src\SharpEmu.Libs\Network\NetCtlExports.cs,sceNetCtlInit,ALREADY_HLE
Z4wwCFiBELQ,libSceNetCtl,libSceNetCtl,FUNC,1,IMPLEMENTED_HLE,1,sceNetCtlTerm,src\SharpEmu.Libs\Network\NetCtlExports.cs,sceNetCtlTerm,ALREADY_HLE
pQGpHYopAIY,libSceNet,libSceNet,FUNC,1,IMPLEMENTED_HLE,1,sceNetNtohl,src\SharpEmu.Libs\Network\NetExports.cs,sceNetNtohl,ALREADY_HLE
9T2pDF2Ryqg,libSceNet,libSceNet,FUNC,1,IMPLEMENTED_HLE,1,sceNetHtonl,src\SharpEmu.Libs\Network\NetExports.cs,sceNetHtonl,ALREADY_HLE
iWQWrwiSt8A,libSceNet,libSceNet,FUNC,1,IMPLEMENTED_HLE,1,sceNetHtons,src\SharpEmu.Libs\Network\NetExports.cs,sceNetHtons,ALREADY_HLE
8Kcp5d-q1Uo,libSceNet,libSceNet,FUNC,1,IMPLEMENTED_HLE,1,sceNetInetPton,src\SharpEmu.Libs\Network\NetExports.cs,sceNetInetPton,ALREADY_HLE
9vA2aW+CHuA,libSceNet,libSceNet,FUNC,1,NO_HLE_EXPORT,0,,,sceNetInetNtop,HLE_CANDIDATE_VERIFY_AT_RUNTIME
9BcDykPmo1I,libkernel,libkernel,FUNC,1,IMPLEMENTED_HLE,1,__error,src\SharpEmu.Libs\Kernel\KernelRuntimeCompatExports.cs,__error,ALREADY_HLE
Q4qBuN-c0ZM,libSceNet,libSceNet,FUNC,1,IMPLEMENTED_HLE,1,sceNetSocket,src\SharpEmu.Libs\Network\NetExports.cs,sceNetSocket,ALREADY_HLE
45ggEzakPJQ,libSceNet,libSceNet,FUNC,1,IMPLEMENTED_HLE,1,sceNetSocketClose,src\SharpEmu.Libs\Network\NetExports.cs,sceNetSocketClose,ALREADY_HLE
bErx49PgxyY,libSceNet,libSceNet,FUNC,1,IMPLEMENTED_HLE,1,sceNetBind,src\SharpEmu.Libs\Network\NetExports.cs,sceNetBind,ALREADY_HLE
OXXX4mUk3uk,libSceNet,libSceNet,FUNC,1,NO_HLE_EXPORT,0,,,sceNetConnect,HLE_CANDIDATE_VERIFY_AT_RUNTIME
PIWqhn9oSxc,libSceNet,libSceNet,FUNC,1,IMPLEMENTED_HLE,1,sceNetAccept,src\SharpEmu.Libs\Network\NetExports.cs,sceNetAccept,ALREADY_HLE
kOj1HiAGE54,libSceNet,libSceNet,FUNC,1,IMPLEMENTED_HLE,1,sceNetListen,src\SharpEmu.Libs\Network\NetExports.cs,sceNetListen,ALREADY_HLE
beRjXBn-z+o,libSceNet,libSceNet,FUNC,1,NO_HLE_EXPORT,0,,,sceNetSend,HLE_CANDIDATE_VERIFY_AT_RUNTIME
9wO9XrMsNhc,libSceNet,libSceNet,FUNC,1,NO_HLE_EXPORT,0,,,sceNetRecv,HLE_CANDIDATE_VERIFY_AT_RUNTIME
T8fER+tIGgk,libkernel,libScePosix,FUNC,1,NO_HLE_EXPORT,0,,,select,HLE_CANDIDATE_VERIFY_AT_RUNTIME
gvD1greCu0A,libSceNet,libSceNet,FUNC,1,NO_HLE_EXPORT,0,,,sceNetSendto,HLE_CANDIDATE_VERIFY_AT_RUNTIME
304ooNZxWDY,libSceNet,libSceNet,FUNC,1,NO_HLE_EXPORT,0,,,sceNetRecvfrom,HLE_CANDIDATE_VERIFY_AT_RUNTIME
hLuXdjHnhiI,libSceNet,libSceNet,FUNC,1,NO_HLE_EXPORT,0,,,sceNetGetSockInfo,HLE_CANDIDATE_VERIFY_AT_RUNTIME
2mKX2Spso7I,libSceNet,libSceNet,FUNC,1,IMPLEMENTED_HLE,1,sceNetSetsockopt,src\SharpEmu.Libs\Network\NetExports.cs,sceNetSetsockopt,ALREADY_HLE
xphrZusl78E,libSceNet,libSceNet,FUNC,1,NO_HLE_EXPORT,0,,,sceNetGetsockopt,HLE_CANDIDATE_VERIFY_AT_RUNTIME
hoOAofhhRvE,libSceNet,libSceNet,FUNC,1,NO_HLE_EXPORT,0,,,sceNetGetsockname,HLE_CANDIDATE_VERIFY_AT_RUNTIME
IADmD4tScBY,libSceImeDialog,libSceImeDialog,FUNC,1,IMPLEMENTED_HLE,1,sceImeDialogGetStatus,src\SharpEmu.Libs\Ime\ImeDialogExports.cs,sceImeDialogGetStatus,ALREADY_HLE
x01jxu+vxlc,libSceImeDialog,libSceImeDialog,FUNC,1,IMPLEMENTED_HLE,1,sceImeDialogGetResult,src\SharpEmu.Libs\Ime\ImeDialogExports.cs,sceImeDialogGetResult,ALREADY_HLE
gyTyVn+bXMw,libSceImeDialog,libSceImeDialog,FUNC,1,IMPLEMENTED_HLE,1,sceImeDialogTerm,src\SharpEmu.Libs\Ime\ImeDialogExports.cs,sceImeDialogTerm,ALREADY_HLE
NUeBrN7hzf0,libSceImeDialog,libSceImeDialog,FUNC,1,IMPLEMENTED_HLE,1,sceImeDialogInit,src\SharpEmu.Libs\Ime\ImeDialogExports.cs,sceImeDialogInit,ALREADY_HLE
TFyU+KFBv54,libSceNpEntitlementAccess,libSceNpEntitlementAccess,FUNC,1,IMPLEMENTED_HLE,1,sceNpEntitlementAccessGetAddcontEntitlementInfoList,src\SharpEmu.Libs\Np\NpEntitlementAccessExports.cs,sceNpEntitlementAccessGetAddcontEntitlementInfoList,ALREADY_HLE
jO8DM8oyego,libSceNpEntitlementAccess,libSceNpEntitlementAccess,FUNC,1,IMPLEMENTED_HLE,1,sceNpEntitlementAccessInitialize,src\SharpEmu.Libs\Np\NpEntitlementAccessExports.cs,sceNpEntitlementAccessInitialize,ALREADY_HLE
ts6GlZOKRrE,libScePlayGo,libScePlayGo,FUNC,1,IMPLEMENTED_HLE,1,scePlayGoInitialize,src\SharpEmu.Libs\PlayGo\PlayGoExports.cs,scePlayGoInitialize,ALREADY_HLE
M1Gma1ocrGE,libScePlayGo,libScePlayGo,FUNC,1,IMPLEMENTED_HLE,1,scePlayGoOpen,src\SharpEmu.Libs\PlayGo\PlayGoExports.cs,scePlayGoOpen,ALREADY_HLE
rvBSfTimejE,libScePlayGo,libScePlayGo,FUNC,1,IMPLEMENTED_HLE,1,scePlayGoGetInstallSpeed,src\SharpEmu.Libs\PlayGo\PlayGoExports.cs,scePlayGoGetInstallSpeed,ALREADY_HLE
uWIYLFkkwqk,libScePlayGo,libScePlayGo,FUNC,1,IMPLEMENTED_HLE,1,scePlayGoGetLocus,src\SharpEmu.Libs\PlayGo\PlayGoExports.cs,scePlayGoGetLocus,ALREADY_HLE
g4AZyxpSAlA,libScePlayGo,libScePlayGo,FUNC,1,NO_HLE_EXPORT,0,,,scePlayGoGetOptionalChunk,HLE_CANDIDATE_VERIFY_AT_RUNTIME
IfiN+-oeVWI,libScePlayGo,libScePlayGo,FUNC,1,NO_HLE_EXPORT,0,,,scePlayGoGetSupportedOptionalChunk,HLE_CANDIDATE_VERIFY_AT_RUNTIME
HVAa744ecdw,libScePlayGo,libScePlayGo,FUNC,1,NO_HLE_EXPORT,0,,,scePlayGoPrefetchOptionalChunk,HLE_CANDIDATE_VERIFY_AT_RUNTIME
v6EZ-YWRdMs,libScePlayGo,libScePlayGo,FUNC,1,IMPLEMENTED_HLE,1,scePlayGoGetEta,src\SharpEmu.Libs\PlayGo\PlayGoExports.cs,scePlayGoGetEta,ALREADY_HLE
-RJWNMK3fC8,libScePlayGo,libScePlayGo,FUNC,1,IMPLEMENTED_HLE,1,scePlayGoGetProgress,src\SharpEmu.Libs\PlayGo\PlayGoExports.cs,scePlayGoGetProgress,ALREADY_HLE
4AAcTU9R3XM,libScePlayGo,libScePlayGo,FUNC,1,IMPLEMENTED_HLE,1,scePlayGoSetInstallSpeed,src\SharpEmu.Libs\PlayGo\PlayGoExports.cs,scePlayGoSetInstallSpeed,ALREADY_HLE
-Q1-u1a7p0g,libScePlayGo,libScePlayGo,FUNC,1,IMPLEMENTED_HLE,1,scePlayGoPrefetch,src\SharpEmu.Libs\PlayGo\PlayGoExports.cs,scePlayGoPrefetch,ALREADY_HLE
Nn7zKwnA5q0,libScePlayGo,libScePlayGo,FUNC,1,IMPLEMENTED_HLE,1,scePlayGoGetToDoList,src\SharpEmu.Libs\PlayGo\PlayGoExports.cs,scePlayGoGetToDoList,ALREADY_HLE
YJtKLttI9fM,libSceGameUpdate,libSceGameUpdate,FUNC,1,IMPLEMENTED_HLE,1,sceGameUpdateInitialize,src\SharpEmu.Libs\GameUpdate\GameUpdateExports.cs,sceGameUpdateInitialize,ALREADY_HLE
UvcvKaFvupA,libSceGameUpdate,libSceGameUpdate,FUNC,1,NO_HLE_EXPORT,0,,,sceGameUpdateCreateRequest,HLE_CANDIDATE_VERIFY_AT_RUNTIME
LYVV9z8+owM,libSceGameUpdate,libSceGameUpdate,FUNC,1,NO_HLE_EXPORT,0,,,sceGameUpdateCheck,HLE_CANDIDATE_VERIFY_AT_RUNTIME
bcCyjHN5sn0,libSceGameUpdate,libSceGameUpdate,FUNC,1,NO_HLE_EXPORT,0,,,sceGameUpdateDeleteRequest,HLE_CANDIDATE_VERIFY_AT_RUNTIME
d1CNGEOaK28,libSceGameUpdate,libSceGameUpdate,FUNC,1,NO_HLE_EXPORT,0,,,sceGameUpdateAbortRequest,HLE_CANDIDATE_VERIFY_AT_RUNTIME
j3YMu1MVNNo,libSceUserService,libSceUserService,FUNC,1,IMPLEMENTED_HLE,1,sceUserServiceInitialize,src\SharpEmu.Libs\UserService\UserServiceExports.cs,sceUserServiceInitialize,ALREADY_HLE
m87BHxt-H60,libSceNpGameIntent,libSceNpGameIntent,FUNC,1,IMPLEMENTED_HLE,1,sceNpGameIntentInitialize,src\SharpEmu.Libs\NpGameIntent\NpGameIntentExports.cs,sceNpGameIntentInitialize,ALREADY_HLE
R9lA82OraNs,libSceAppContentUtil,libSceAppContent,FUNC,1,IMPLEMENTED_HLE,1,sceAppContentInitialize,src\SharpEmu.Libs\AppContent\AppContentExports.cs,sceAppContentInitialize,ALREADY_HLE
99b82IKXpH4,libSceAppContentUtil,libSceAppContent,FUNC,1,IMPLEMENTED_HLE,1,sceAppContentAppParamGetInt,src\SharpEmu.Libs\AppContent\AppContentExports.cs,sceAppContentAppParamGetInt,ALREADY_HLE
Ec63y59l9tw,libSceNpManager,libSceNpManager,FUNC,1,IMPLEMENTED_HLE,1,sceNpSetNpTitleId,src\SharpEmu.Libs\Np\NpManagerExports.cs,sceNpSetNpTitleId,ALREADY_HLE
nBDD66kiFW8,libSceShare,libSceShare,FUNC,1,IMPLEMENTED_HLE,1,sceShareInitialize,src\SharpEmu.Libs\Share\ShareExports.cs,sceShareInitialize,ALREADY_HLE
7QZtURYnXG4,libSceShare,libSceShare,FUNC,1,IMPLEMENTED_HLE,1,sceShareSetContentParam,src\SharpEmu.Libs\Share\ShareExports.cs,sceShareSetContentParam,ALREADY_HLE
yH17Q6NWtVg,libSceUserService,libSceUserService,FUNC,1,IMPLEMENTED_HLE,1,sceUserServiceGetEvent,src\SharpEmu.Libs\UserService\UserServiceExports.cs,sceUserServiceGetEvent,ALREADY_HLE
rPo6tV8D9bM,libSceSystemService,libSceSystemService,FUNC,1,IMPLEMENTED_HLE,1,sceSystemServiceGetStatus,src\SharpEmu.Libs\SystemService\SystemServiceExports.cs,sceSystemServiceGetStatus,ALREADY_HLE
656LMQSrg6U,libSceSystemService,libSceSystemService,FUNC,1,NO_HLE_EXPORT,0,,,sceSystemServiceReceiveEvent,HLE_CANDIDATE_VERIFY_AT_RUNTIME
jEIXUAr9XE8,libSceNpGameIntent,libSceNpGameIntent,FUNC,1,NO_HLE_EXPORT,0,,,sceNpGameIntentReceiveIntent,HLE_CANDIDATE_VERIFY_AT_RUNTIME
rPl0INNc-M8,libSceNpGameIntent,libSceNpGameIntent,FUNC,1,NO_HLE_EXPORT,0,,,sceNpGameIntentGetPropertyValueString,HLE_CANDIDATE_VERIFY_AT_RUNTIME
mqXwMzp+7pE,libSceNpCppWebApi,libSceNpCppWebApi,FUNC,1,IMPLEMENTED_HLE,1,_ZN3sce2Np9CppWebApi6Common11TransactionINS2_12IntrusivePtrINS1_12Leaderboards2V123RecordScoreResponseBodyEEENS4_INS6_9RecordApi26RecordScoreResponseHeadersEEEEC1Ev,src\SharpEmu.Libs\Np\V50ExportsPart01.cs,_ZN3sce2Np9CppWebApi6Common11TransactionINS2_12IntrusivePtrINS1_12Leaderboards2V123RecordScoreResponseBodyEEENS4_INS6_9RecordApi26RecordScoreResponseHeadersEEEEC1Ev,ALREADY_HLE
IQOtjPPUJZM,libSceNpCppWebApi,libSceNpCppWebApi,FUNC,1,NO_HLE_EXPORT,0,,,_ZN3sce2Np9CppWebApi12Leaderboards2V19RecordApi22ParameterToRecordScoreC1Ev,NATIVE_PRX_OR_DATA_VERIFY_AT_RUNTIME
+k2KKLVS+t8,libSceNpCppWebApi,libSceNpCppWebApi,FUNC,1,IMPLEMENTED_HLE,1,_ZN3sce2Np9CppWebApi6Common12IntrusivePtrINS1_12Leaderboards2V122RecordScoreRequestBodyEEC1Ev,src\SharpEmu.Libs\Np\V46ExportsPart14.cs,_ZN3sce2Np9CppWebApi6Common12IntrusivePtrINS1_12Leaderboards2V122RecordScoreRequestBodyEEC1Ev,ALREADY_HLE
rVdu+F4JFC4,libSceNpCppWebApi,libSceNpCppWebApi,FUNC,1,IMPLEMENTED_HLE,1,_ZN3sce2Np9CppWebApi6Common12IntrusivePtrINS1_12Leaderboards2V123RecordScoreResponseBodyEEC1Ev,src\SharpEmu.Libs\Np\V46ExportsPart14.cs,_ZN3sce2Np9CppWebApi6Common12IntrusivePtrINS1_12Leaderboards2V123RecordScoreResponseBodyEEC1Ev,ALREADY_HLE
gTiHp+M4wFM,libSceNpCppWebApi,libSceNpCppWebApi,FUNC,1,IMPLEMENTED_HLE,1,_ZN3sce2Np9CppWebApi6Common12IntrusivePtrINS1_12Leaderboards2V19RecordApi26RecordScoreResponseHeadersEEC1Ev,src\SharpEmu.Libs\Np\V46ExportsPart14.cs,_ZN3sce2Np9CppWebApi6Common12IntrusivePtrINS1_12Leaderboards2V19RecordApi26RecordScoreResponseHeadersEEC1Ev,ALREADY_HLE
FQO2aJ3rhKI,libSceNpCppWebApi,libSceNpCppWebApi,FUNC,1,IMPLEMENTED_HLE,1,_ZN3sce2Np9CppWebApi6Common19UpStreamTransactionINS2_12IntrusivePtrINS1_12Leaderboards2V127RecordLargeDataResponseBodyEEENS4_INS2_18ResponseHeaderBaseEEEEC1Ev,src\SharpEmu.Libs\Np\V50ExportsPart02.cs,_ZN3sce2Np9CppWebApi6Common19UpStreamTransactionINS2_12IntrusivePtrINS1_12Leaderboards2V127RecordLargeDataResponseBodyEEENS4_INS2_18ResponseHeaderBaseEEEEC1Ev,ALREADY_HLE
c00bHjdQxuc,libSceNpCppWebApi,libSceNpCppWebApi,FUNC,1,NO_HLE_EXPORT,0,,,_ZN3sce2Np9CppWebApi12Leaderboards2V19RecordApi26ParameterToRecordLargeDataC1Ev,NATIVE_PRX_OR_DATA_VERIFY_AT_RUNTIME
rBNBuzCGsLQ,libSceNpCppWebApi,libSceNpCppWebApi,FUNC,1,NO_HLE_EXPORT,0,,,_ZN3sce2Np9CppWebApi6Common15TransactionBaseINS2_12IntrusivePtrINS1_12Leaderboards2V123RecordScoreResponseBodyEEENS4_INS6_9RecordApi26RecordScoreResponseHeadersEEEE5startEPNS2_10LibContextE,NATIVE_PRX_OR_DATA_VERIFY_AT_RUNTIME
RM35a8uFre4,libSceNpCppWebApi,libSceNpCppWebApi,FUNC,1,NO_HLE_EXPORT,0,,,_ZN3sce2Np9CppWebApi12Leaderboards2V129RecordScoreRequestBodyFactory6createEPNS1_6Common10LibContextElPNS5_12IntrusivePtrINS3_22RecordScoreRequestBodyEEE,NATIVE_PRX_OR_DATA_VERIFY_AT_RUNTIME
vURZNQ8+cP0,libSceNpCppWebApi,libSceNpCppWebApi,FUNC,1,IMPLEMENTED_HLE,1,_ZNK3sce2Np9CppWebApi6Common12IntrusivePtrINS1_12Leaderboards2V122RecordScoreRequestBodyEEptEv,src\SharpEmu.Libs\Np\V46ExportsPart14.cs,_ZNK3sce2Np9CppWebApi6Common12IntrusivePtrINS1_12Leaderboards2V122RecordScoreRequestBodyEEptEv,ALREADY_HLE
8i5JWALfIoY,libSceNpCppWebApi,libSceNpCppWebApi,FUNC,1,NO_HLE_EXPORT,0,,,_ZN3sce2Np9CppWebApi12Leaderboards2V122RecordScoreRequestBody12setSmallDataEPKvm,NATIVE_PRX_OR_DATA_VERIFY_AT_RUNTIME
O+VoB8m5MXA,libSceNpCppWebApi,libSceNpCppWebApi,FUNC,1,NO_HLE_EXPORT,0,,,_ZN3sce2Np9CppWebApi12Leaderboards2V122RecordScoreRequestBody10setCommentEPKc,NATIVE_PRX_OR_DATA_VERIFY_AT_RUNTIME
LMpRWV5XyrQ,libSceNpCppWebApi,libSceNpCppWebApi,FUNC,1,IMPLEMENTED_HLE,1,_ZN3sce2Np9CppWebApi12Leaderboards2V122RecordScoreRequestBody19setComparedDateTimeERK10SceRtcTick,src\SharpEmu.Libs\Np\V50ExportsPart02.cs,_ZN3sce2Np9CppWebApi12Leaderboards2V122RecordScoreRequestBody19setComparedDateTimeERK10SceRtcTick,ALREADY_HLE
4tEx7tt+b7g,libSceNpCppWebApi,libSceNpCppWebApi,FUNC,1,IMPLEMENTED_HLE,1,_ZN3sce2Np9CppWebApi12Leaderboards2V122RecordScoreRequestBody15setNeedsTmpRankERKb,src\SharpEmu.Libs\Np\NpCppWebApiV44Exports.cs,_ZN3sce2Np9CppWebApi12Leaderboards2V122RecordScoreRequestBody15setNeedsTmpRankERKb,ALREADY_HLE
jfCufYd0-+s,libSceNpCppWebApi,libSceNpCppWebApi,FUNC,1,IMPLEMENTED_HLE,1,_ZN3sce2Np9CppWebApi12Leaderboards2V122RecordScoreRequestBody7setPcIdERKi,src\SharpEmu.Libs\Np\NpCppWebApiV44Exports.cs,_ZN3sce2Np9CppWebApi12Leaderboards2V122RecordScoreRequestBody7setPcIdERKi,ALREADY_HLE
OV+MKKnbEYM,libSceNpCppWebApi,libSceNpCppWebApi,FUNC,1,IMPLEMENTED_HLE,1,_ZN3sce2Np9CppWebApi6Common12IntrusivePtrINS1_12Leaderboards2V122RecordScoreRequestBodyEEC1ERS7_,src\SharpEmu.Libs\Np\V46ExportsPart14.cs,_ZN3sce2Np9CppWebApi6Common12IntrusivePtrINS1_12Leaderboards2V122RecordScoreRequestBodyEEC1ERS7_,ALREADY_HLE
8sRfYnV7XlA,libSceNpCppWebApi,libSceNpCppWebApi,FUNC,1,NO_HLE_EXPORT,0,,,_ZN3sce2Np9CppWebApi12Leaderboards2V19RecordApi22ParameterToRecordScore10initializeEPNS1_6Common10LibContextEiNS6_12IntrusivePtrINS3_22RecordScoreRequestBodyEEE,NATIVE_PRX_OR_DATA_VERIFY_AT_RUNTIME
GJu2OLJK5Eo,libSceNpCppWebApi,libSceNpCppWebApi,FUNC,1,NO_HLE_EXPORT,0,,,_ZN3sce2Np9CppWebApi6Common12IntrusivePtrINS1_12Leaderboards2V122RecordScoreRequestBodyEED1Ev,NATIVE_PRX_OR_DATA_VERIFY_AT_RUNTIME
Q0fKqfQeXnI,libSceNpCppWebApi,libSceNpCppWebApi,FUNC,1,NO_HLE_EXPORT,0,,,_ZN3sce2Np9CppWebApi12Leaderboards2V19RecordApi22ParameterToRecordScore22setxPsnAtomicOperationENS5_19XPsnAtomicOperationE,NATIVE_PRX_OR_DATA_VERIFY_AT_RUNTIME
Y+u-l+LxGIs,libSceNpCppWebApi,libSceNpCppWebApi,FUNC,1,NO_HLE_EXPORT,0,,,_ZN3sce2Np9CppWebApi12Leaderboards2V19RecordApi11recordScoreEiRKNS4_22ParameterToRecordScoreERNS1_6Common11TransactionINS8_12IntrusivePtrINS3_23RecordScoreResponseBodyEEENSA_INS4_26RecordScoreResponseHeadersEEEEE,NATIVE_PRX_OR_DATA_VERIFY_AT_RUNTIME
-QZoGsAmbh8,libSceNpCppWebApi,libSceNpCppWebApi,FUNC,1,NO_HLE_EXPORT,0,,,_ZNK3sce2Np9CppWebApi6Common11TransactionINS2_12IntrusivePtrINS1_12Leaderboards2V123RecordScoreResponseBodyEEENS4_INS6_9RecordApi26RecordScoreResponseHeadersEEEE11getResponseERS8_,NATIVE_PRX_OR_DATA_VERIFY_AT_RUNTIME
Sdfm7eE3q80,libSceNpCppWebApi,libSceNpCppWebApi,FUNC,1,IMPLEMENTED_HLE,1,_ZNK3sce2Np9CppWebApi6Common12IntrusivePtrINS1_12Leaderboards2V123RecordScoreResponseBodyEEptEv,src\SharpEmu.Libs\Np\V46ExportsPart14.cs,_ZNK3sce2Np9CppWebApi6Common12IntrusivePtrINS1_12Leaderboards2V123RecordScoreResponseBodyEEptEv,ALREADY_HLE
dcbbhKIZCDA,libSceNpCppWebApi,libSceNpCppWebApi,FUNC,1,IMPLEMENTED_HLE,1,_ZNK3sce2Np9CppWebApi12Leaderboards2V123RecordScoreResponseBody10getTmpRankEv,src\SharpEmu.Libs\Np\NpCppWebApiV44Exports.cs,_ZNK3sce2Np9CppWebApi12Leaderboards2V123RecordScoreResponseBody10getTmpRankEv,ALREADY_HLE
39c+H8bSITU,libSceNpCppWebApi,libSceNpCppWebApi,FUNC,1,IMPLEMENTED_HLE,1,_ZNK3sce2Np9CppWebApi12Leaderboards2V123RecordScoreResponseBody16getTmpSerialRankEv,src\SharpEmu.Libs\Np\NpCppWebApiV44Exports.cs,_ZNK3sce2Np9CppWebApi12Leaderboards2V123RecordScoreResponseBody16getTmpSerialRankEv,ALREADY_HLE
QxB6IX2hOYg,libSceNpCppWebApi,libSceNpCppWebApi,FUNC,1,NO_HLE_EXPORT,0,,,_ZNK3sce2Np9CppWebApi6Common15TransactionBaseINS2_12IntrusivePtrINS1_12Leaderboards2V123RecordScoreResponseBodyEEENS4_INS6_9RecordApi26RecordScoreResponseHeadersEEEE18getResponseHeadersERSB_,NATIVE_PRX_OR_DATA_VERIFY_AT_RUNTIME
3YR0qZiM9gI,libSceNpCppWebApi,libSceNpCppWebApi,FUNC,1,NO_HLE_EXPORT,0,,,_ZN3sce2Np9CppWebApi6Common19UpStreamTransactionINS2_12IntrusivePtrINS1_12Leaderboards2V127RecordLargeDataResponseBodyEEENS4_INS2_18ResponseHeaderBaseEEEE5startEPNS2_10LibContextEm,NATIVE_PRX_OR_DATA_VERIFY_AT_RUNTIME
qGwknHP6ohM,libSceNpCppWebApi,libSceNpCppWebApi,FUNC,1,IMPLEMENTED_HLE,1,_ZNK3sce2Np9CppWebApi6Common12IntrusivePtrINS1_12Leaderboards2V19RecordApi26RecordScoreResponseHeadersEEptEv,src\SharpEmu.Libs\Np\V46ExportsPart14.cs,_ZNK3sce2Np9CppWebApi6Common12IntrusivePtrINS1_12Leaderboards2V19RecordApi26RecordScoreResponseHeadersEEptEv,ALREADY_HLE
OlMxxnDBfEg,libSceNpCppWebApi,libSceNpCppWebApi,FUNC,1,NO_HLE_EXPORT,0,,,_ZNK3sce2Np9CppWebApi12Leaderboards2V19RecordApi26RecordScoreResponseHeaders24getXPsnAtomicOperationIdEv,NATIVE_PRX_OR_DATA_VERIFY_AT_RUNTIME
dVCh5JiPsSY,libSceNpCppWebApi,libSceNpCppWebApi,FUNC,1,NO_HLE_EXPORT,0,,,_ZNK3sce2Np9CppWebApi6Common6String5c_strEv,NATIVE_PRX_OR_DATA_VERIFY_AT_RUNTIME
9sti7vTvx2U,libSceNpCppWebApi,libSceNpCppWebApi,FUNC,1,NO_HLE_EXPORT,0,,,_ZN3sce2Np9CppWebApi12Leaderboards2V19RecordApi26ParameterToRecordLargeData10initializeEPNS1_6Common10LibContextEiNS5_19XPsnAtomicOperationEPKc,NATIVE_PRX_OR_DATA_VERIFY_AT_RUNTIME
jX6HZUWtU8g,libSceNpCppWebApi,libSceNpCppWebApi,FUNC,1,NO_HLE_EXPORT,0,,,_ZN3sce2Np9CppWebApi12Leaderboards2V19RecordApi15recordLargeDataEiRKNS4_26ParameterToRecordLargeDataERNS1_6Common19UpStreamTransactionINS8_12IntrusivePtrINS3_27RecordLargeDataResponseBodyEEENSA_INS8_18ResponseHeaderBaseEEEEE,NATIVE_PRX_OR_DATA_VERIFY_AT_RUNTIME
AS1rCnSRF1g,libSceNpCppWebApi,libSceNpCppWebApi,FUNC,1,NO_HLE_EXPORT,0,,,_ZN3sce2Np9CppWebApi6Common19UpStreamTransactionINS2_12IntrusivePtrINS1_12Leaderboards2V127RecordLargeDataResponseBodyEEENS4_INS2_18ResponseHeaderBaseEEEE8sendDataEPKvm,NATIVE_PRX_OR_DATA_VERIFY_AT_RUNTIME
Kg1U7CAbtio,libSceNpCppWebApi,libSceNpCppWebApi,FUNC,1,NO_HLE_EXPORT,0,,,_ZN3sce2Np9CppWebApi6Common15TransactionBaseINS2_12IntrusivePtrINS1_12Leaderboards2V127RecordLargeDataResponseBodyEEENS4_INS2_18ResponseHeaderBaseEEEE6finishEv,NATIVE_PRX_OR_DATA_VERIFY_AT_RUNTIME
sSr4mR33SaY,libSceNpCppWebApi,libSceNpCppWebApi,FUNC,1,NO_HLE_EXPORT,0,,,_ZN3sce2Np9CppWebApi12Leaderboards2V19RecordApi26ParameterToRecordLargeData9terminateEv,NATIVE_PRX_OR_DATA_VERIFY_AT_RUNTIME
OfSm8N8i+XA,libSceNpCppWebApi,libSceNpCppWebApi,FUNC,1,NO_HLE_EXPORT,0,,,_ZN3sce2Np9CppWebApi6Common15TransactionBaseINS2_12IntrusivePtrINS1_12Leaderboards2V123RecordScoreResponseBodyEEENS4_INS6_9RecordApi26RecordScoreResponseHeadersEEEE6finishEv,NATIVE_PRX_OR_DATA_VERIFY_AT_RUNTIME
R5QhFOlpzjo,libSceNpCppWebApi,libSceNpCppWebApi,FUNC,1,NO_HLE_EXPORT,0,,,_ZN3sce2Np9CppWebApi12Leaderboards2V19RecordApi22ParameterToRecordScore9terminateEv,NATIVE_PRX_OR_DATA_VERIFY_AT_RUNTIME
LwGrNk25QbE,libSceNpCppWebApi,libSceNpCppWebApi,FUNC,1,IMPLEMENTED_HLE,1,_ZN3sce2Np9CppWebApi12Leaderboards2V19RecordApi26ParameterToRecordLargeDataD1Ev,src\SharpEmu.Libs\Np\NpCppWebApiV44Exports.cs,_ZN3sce2Np9CppWebApi12Leaderboards2V19RecordApi26ParameterToRecordLargeDataD1Ev,ALREADY_HLE
-xOoiK8HfDI,libSceNpCppWebApi,libSceNpCppWebApi,FUNC,1,IMPLEMENTED_HLE,1,_ZN3sce2Np9CppWebApi6Common19UpStreamTransactionINS2_12IntrusivePtrINS1_12Leaderboards2V127RecordLargeDataResponseBodyEEENS4_INS2_18ResponseHeaderBaseEEEED1Ev,src\SharpEmu.Libs\Np\V50ExportsPart02.cs,_ZN3sce2Np9CppWebApi6Common19UpStreamTransactionINS2_12IntrusivePtrINS1_12Leaderboards2V127RecordLargeDataResponseBodyEEENS4_INS2_18ResponseHeaderBaseEEEED1Ev,ALREADY_HLE
8YtcWzYdIRs,libSceNpCppWebApi,libSceNpCppWebApi,FUNC,1,NO_HLE_EXPORT,0,,,_ZN3sce2Np9CppWebApi6Common12IntrusivePtrINS1_12Leaderboards2V19RecordApi26RecordScoreResponseHeadersEED1Ev,NATIVE_PRX_OR_DATA_VERIFY_AT_RUNTIME
mVKcd5NwiWE,libSceNpCppWebApi,libSceNpCppWebApi,FUNC,1,NO_HLE_EXPORT,0,,,_ZN3sce2Np9CppWebApi6Common12IntrusivePtrINS1_12Leaderboards2V123RecordScoreResponseBodyEED1Ev,NATIVE_PRX_OR_DATA_VERIFY_AT_RUNTIME
4TGeM5jD7x0,libSceNpCppWebApi,libSceNpCppWebApi,FUNC,1,IMPLEMENTED_HLE,1,_ZN3sce2Np9CppWebApi12Leaderboards2V19RecordApi22ParameterToRecordScoreD1Ev,src\SharpEmu.Libs\Np\NpCppWebApiV44Exports.cs,_ZN3sce2Np9CppWebApi12Leaderboards2V19RecordApi22ParameterToRecordScoreD1Ev,ALREADY_HLE
pq7sFJ6E6Sg,libSceNpCppWebApi,libSceNpCppWebApi,FUNC,1,IMPLEMENTED_HLE,1,_ZN3sce2Np9CppWebApi6Common11TransactionINS2_12IntrusivePtrINS1_12Leaderboards2V123RecordScoreResponseBodyEEENS4_INS6_9RecordApi26RecordScoreResponseHeadersEEEED1Ev,src\SharpEmu.Libs\Np\V50ExportsPart01.cs,_ZN3sce2Np9CppWebApi6Common11TransactionINS2_12IntrusivePtrINS1_12Leaderboards2V123RecordScoreResponseBodyEEENS4_INS6_9RecordApi26RecordScoreResponseHeadersEEEED1Ev,ALREADY_HLE
zfvBGft4XrY,libSceNpCppWebApi,libSceNpCppWebApi,FUNC,1,IMPLEMENTED_HLE,1,_ZN3sce2Np9CppWebApi6Common12IntrusivePtrINS1_12Leaderboards2V121GetRankingRequestBodyEEC1Ev,src\SharpEmu.Libs\Np\V46ExportsPart14.cs,_ZN3sce2Np9CppWebApi6Common12IntrusivePtrINS1_12Leaderboards2V121GetRankingRequestBodyEEC1Ev,ALREADY_HLE
QXLG4UDWLEI,libSceNpCppWebApi,libSceNpCppWebApi,FUNC,1,IMPLEMENTED_HLE,1,_ZN3sce2Np9CppWebApi6Common12IntrusivePtrINS1_12Leaderboards2V122GetRankingResponseBodyEEC1Ev,src\SharpEmu.Libs\Np\V46ExportsPart14.cs,_ZN3sce2Np9CppWebApi6Common12IntrusivePtrINS1_12Leaderboards2V122GetRankingResponseBodyEEC1Ev,ALREADY_HLE
AcHirYSl0HA,libSceNpCppWebApi,libSceNpCppWebApi,FUNC,1,IMPLEMENTED_HLE,1,_ZN3sce2Np9CppWebApi6Common6VectorINS2_12IntrusivePtrINS1_12Leaderboards2V14UserEEEEC1EPNS2_10LibContextE,src\SharpEmu.Libs\Np\V48ExportsPart03.cs,_ZN3sce2Np9CppWebApi6Common6VectorINS2_12IntrusivePtrINS1_12Leaderboards2V14UserEEEEC1EPNS2_10LibContextE,ALREADY_HLE
Bbc2pDcwP0g,libSceNpCppWebApi,libSceNpCppWebApi,FUNC,1,NO_HLE_EXPORT,0,,,_ZN3sce2Np9CppWebApi12Leaderboards2V17ViewApi21ParameterToGetRankingC1Ev,NATIVE_PRX_OR_DATA_VERIFY_AT_RUNTIME
MVExpBYTEow,libSceNpCppWebApi,libSceNpCppWebApi,FUNC,1,IMPLEMENTED_HLE,1,_ZN3sce2Np9CppWebApi6Common11TransactionINS2_12IntrusivePtrINS1_12Leaderboards2V122GetRankingResponseBodyEEENS4_INS2_18ResponseHeaderBaseEEEEC1Ev,src\SharpEmu.Libs\Np\V50ExportsPart01.cs,_ZN3sce2Np9CppWebApi6Common11TransactionINS2_12IntrusivePtrINS1_12Leaderboards2V122GetRankingResponseBodyEEENS4_INS2_18ResponseHeaderBaseEEEEC1Ev,ALREADY_HLE
z3id8GlN+Hc,libSceNpCppWebApi,libSceNpCppWebApi,FUNC,1,NO_HLE_EXPORT,0,,,_ZN3sce2Np9CppWebApi6Common15TransactionBaseINS2_12IntrusivePtrINS1_12Leaderboards2V122GetRankingResponseBodyEEENS4_INS2_18ResponseHeaderBaseEEEE5startEPNS2_10LibContextE,NATIVE_PRX_OR_DATA_VERIFY_AT_RUNTIME
bEwJsewIngA,libSceNpCppWebApi,libSceNpCppWebApi,FUNC,1,NO_HLE_EXPORT,0,,,_ZN3sce2Np9CppWebApi12Leaderboards2V128GetRankingRequestBodyFactory6createEPNS1_6Common10LibContextEPNS5_12IntrusivePtrINS3_21GetRankingRequestBodyEEE,NATIVE_PRX_OR_DATA_VERIFY_AT_RUNTIME
zOA2tHzOY8I,libSceNpCppWebApi,libSceNpCppWebApi,FUNC,1,IMPLEMENTED_HLE,1,_ZNK3sce2Np9CppWebApi6Common12IntrusivePtrINS1_12Leaderboards2V121GetRankingRequestBodyEEptEv,src\SharpEmu.Libs\Np\V46ExportsPart14.cs,_ZNK3sce2Np9CppWebApi6Common12IntrusivePtrINS1_12Leaderboards2V121GetRankingRequestBodyEEptEv,ALREADY_HLE
khThzVltokg,libSceNpCppWebApi,libSceNpCppWebApi,FUNC,1,IMPLEMENTED_HLE,1,_ZN3sce2Np9CppWebApi12Leaderboards2V121GetRankingRequestBody9setOffsetERKi,src\SharpEmu.Libs\Np\NpCppWebApiV44Exports.cs,_ZN3sce2Np9CppWebApi12Leaderboards2V121GetRankingRequestBody9setOffsetERKi,ALREADY_HLE
pBSgMrf0tnM,libSceNpCppWebApi,libSceNpCppWebApi,FUNC,1,IMPLEMENTED_HLE,1,_ZN3sce2Np9CppWebApi12Leaderboards2V121GetRankingRequestBody8setGroupERKNS3_5GroupE,src\SharpEmu.Libs\Np\V50ExportsPart02.cs,_ZN3sce2Np9CppWebApi12Leaderboards2V121GetRankingRequestBody8setGroupERKNS3_5GroupE,ALREADY_HLE
s8GYZ2aPoTU,libSceNpCppWebApi,libSceNpCppWebApi,FUNC,1,IMPLEMENTED_HLE,1,_ZN3sce2Np9CppWebApi6Common12IntrusivePtrINS1_12Leaderboards2V14UserEEC1Ev,src\SharpEmu.Libs\Np\V46ExportsPart14.cs,_ZN3sce2Np9CppWebApi6Common12IntrusivePtrINS1_12Leaderboards2V14UserEEC1Ev,ALREADY_HLE
jaVd5xkK0tU,libSceNpCppWebApi,libSceNpCppWebApi,FUNC,1,NO_HLE_EXPORT,0,,,_ZN3sce2Np9CppWebApi12Leaderboards2V111UserFactory6createEPNS1_6Common10LibContextEPNS5_12IntrusivePtrINS3_4UserEEE,NATIVE_PRX_OR_DATA_VERIFY_AT_RUNTIME
1JV7Mv590Cc,libSceNpCppWebApi,libSceNpCppWebApi,FUNC,1,IMPLEMENTED_HLE,1,_ZNK3sce2Np9CppWebApi6Common12IntrusivePtrINS1_12Leaderboards2V14UserEEptEv,src\SharpEmu.Libs\Np\V46ExportsPart14.cs,_ZNK3sce2Np9CppWebApi6Common12IntrusivePtrINS1_12Leaderboards2V14UserEEptEv,ALREADY_HLE
wJWqKZOj4Ts,libSceNpCppWebApi,libSceNpCppWebApi,FUNC,1,IMPLEMENTED_HLE,1,_ZN3sce2Np9CppWebApi12Leaderboards2V14User12setAccountIdERKm,src\SharpEmu.Libs\Np\NpCppWebApiV44Exports.cs,_ZN3sce2Np9CppWebApi12Leaderboards2V14User12setAccountIdERKm,ALREADY_HLE
KXllpv1tR48,libSceNpCppWebApi,libSceNpCppWebApi,FUNC,1,IMPLEMENTED_HLE,1,_ZN3sce2Np9CppWebApi12Leaderboards2V14User7setPcIdERKi,src\SharpEmu.Libs\Np\NpCppWebApiV44Exports.cs,_ZN3sce2Np9CppWebApi12Leaderboards2V14User7setPcIdERKi,ALREADY_HLE
owrpOxU0eoE,libSceNpCppWebApi,libSceNpCppWebApi,FUNC,1,NO_HLE_EXPORT,0,,,_ZN3sce2Np9CppWebApi6Common6VectorINS2_12IntrusivePtrINS1_12Leaderboards2V14UserEEEE8pushBackERKS8_,NATIVE_PRX_OR_DATA_VERIFY_AT_RUNTIME
gxlgckSr7z4,libSceNpCppWebApi,libSceNpCppWebApi,FUNC,1,NO_HLE_EXPORT,0,,,_ZN3sce2Np9CppWebApi6Common12IntrusivePtrINS1_12Leaderboards2V14UserEED1Ev,NATIVE_PRX_OR_DATA_VERIFY_AT_RUNTIME
F5yaU6TEU8g,libSceNpCppWebApi,libSceNpCppWebApi,FUNC,1,NO_HLE_EXPORT,0,,,_ZN3sce2Np9CppWebApi12Leaderboards2V121GetRankingRequestBody8setUsersERKNS1_6Common6VectorINS5_12IntrusivePtrINS3_4UserEEEEE,NATIVE_PRX_OR_DATA_VERIFY_AT_RUNTIME
N78k-Vryooc,libSceNpCppWebApi,libSceNpCppWebApi,FUNC,1,NO_HLE_EXPORT,0,,,_ZN3sce2Np9CppWebApi6Common6VectorINS2_12IntrusivePtrINS1_12Leaderboards2V14UserEEEED1Ev,NATIVE_PRX_OR_DATA_VERIFY_AT_RUNTIME
D3tUMw-ZqcM,libSceNpCppWebApi,libSceNpCppWebApi,FUNC,1,NO_HLE_EXPORT,0,,,_ZN3sce2Np9CppWebApi12Leaderboards2V17ViewApi21ParameterToGetRanking10initializeEPNS1_6Common10LibContextEi,NATIVE_PRX_OR_DATA_VERIFY_AT_RUNTIME
GX4DLMQ9488,libSceNpCppWebApi,libSceNpCppWebApi,FUNC,1,IMPLEMENTED_HLE,1,_ZN3sce2Np9CppWebApi6Common12IntrusivePtrINS1_12Leaderboards2V121GetRankingRequestBodyEEC1ERS7_,src\SharpEmu.Libs\Np\V46ExportsPart14.cs,_ZN3sce2Np9CppWebApi6Common12IntrusivePtrINS1_12Leaderboards2V121GetRankingRequestBodyEEC1ERS7_,ALREADY_HLE
xZ2OF6809Mk,libSceNpCppWebApi,libSceNpCppWebApi,FUNC,1,NO_HLE_EXPORT,0,,,_ZN3sce2Np9CppWebApi12Leaderboards2V17ViewApi21ParameterToGetRanking24setgetRankingRequestBodyENS1_6Common12IntrusivePtrINS3_21GetRankingRequestBodyEEE,NATIVE_PRX_OR_DATA_VERIFY_AT_RUNTIME
syDD+xcUmEs,libSceNpCppWebApi,libSceNpCppWebApi,FUNC,1,NO_HLE_EXPORT,0,,,_ZN3sce2Np9CppWebApi6Common12IntrusivePtrINS1_12Leaderboards2V121GetRankingRequestBodyEED1Ev,NATIVE_PRX_OR_DATA_VERIFY_AT_RUNTIME
ctghP7Sf6+c,libSceNpCppWebApi,libSceNpCppWebApi,FUNC,1,NO_HLE_EXPORT,0,,,_ZN3sce2Np9CppWebApi12Leaderboards2V17ViewApi10getRankingEiRKNS4_21ParameterToGetRankingERNS1_6Common11TransactionINS8_12IntrusivePtrINS3_22GetRankingResponseBodyEEENSA_INS8_18ResponseHeaderBaseEEEEE,NATIVE_PRX_OR_DATA_VERIFY_AT_RUNTIME
v+tXF9ppYiQ,libSceNpCppWebApi,libSceNpCppWebApi,FUNC,1,NO_HLE_EXPORT,0,,,_ZNK3sce2Np9CppWebApi6Common11TransactionINS2_12IntrusivePtrINS1_12Leaderboards2V122GetRankingResponseBodyEEENS4_INS2_18ResponseHeaderBaseEEEE11getResponseERS8_,NATIVE_PRX_OR_DATA_VERIFY_AT_RUNTIME
0blWarRALu4,libSceNpCppWebApi,libSceNpCppWebApi,FUNC,1,IMPLEMENTED_HLE,1,_ZNK3sce2Np9CppWebApi6Common12IntrusivePtrINS1_12Leaderboards2V122GetRankingResponseBodyEEptEv,src\SharpEmu.Libs\Np\V46ExportsPart14.cs,_ZNK3sce2Np9CppWebApi6Common12IntrusivePtrINS1_12Leaderboards2V122GetRankingResponseBodyEEptEv,ALREADY_HLE
W12G2P+s074,libSceNpCppWebApi,libSceNpCppWebApi,FUNC,1,NO_HLE_EXPORT,0,,,_ZN3sce2Np9CppWebApi12Leaderboards2V122GetRankingResponseBody10getEntriesEv,NATIVE_PRX_OR_DATA_VERIFY_AT_RUNTIME
X2lVKLlddME,libSceNpCppWebApi,libSceNpCppWebApi,FUNC,1,IMPLEMENTED_HLE,1,_ZNK3sce2Np9CppWebApi6Common12IntrusivePtrINS2_6VectorINS3_INS1_12Leaderboards2V15EntryEEEEEEdeEv,src\SharpEmu.Libs\Np\V46ExportsPart05.cs,_ZNK3sce2Np9CppWebApi6Common12IntrusivePtrINS2_6VectorINS3_INS1_12Leaderboards2V15EntryEEEEEEdeEv,ALREADY_HLE
ysAnsG6EfkM,libSceNpCppWebApi,libSceNpCppWebApi,FUNC,1,NO_HLE_EXPORT,0,,,_ZN3sce2Np9CppWebApi6Common12IntrusivePtrINS2_6VectorINS3_INS1_12Leaderboards2V15EntryEEEEEED1Ev,NATIVE_PRX_OR_DATA_VERIFY_AT_RUNTIME
rdEN7D3ZN1E,libSceNpCppWebApi,libSceNpCppWebApi,FUNC,1,IMPLEMENTED_HLE,1,_ZN3sce2Np9CppWebApi6Common6VectorINS2_12IntrusivePtrINS1_12Leaderboards2V15EntryEEEE5beginEv,src\SharpEmu.Libs\Np\V48ExportsPart03.cs,_ZN3sce2Np9CppWebApi6Common6VectorINS2_12IntrusivePtrINS1_12Leaderboards2V15EntryEEEE5beginEv,ALREADY_HLE
ptE7eJxWp0c,libSceNpCppWebApi,libSceNpCppWebApi,FUNC,1,IMPLEMENTED_HLE,1,_ZN3sce2Np9CppWebApi6Common6VectorINS2_12IntrusivePtrINS1_12Leaderboards2V15EntryEEEE3endEv,src\SharpEmu.Libs\Np\V48ExportsPart03.cs,_ZN3sce2Np9CppWebApi6Common6VectorINS2_12IntrusivePtrINS1_12Leaderboards2V15EntryEEEE3endEv,ALREADY_HLE
JYa01KuMqhA,libSceNpCppWebApi,libSceNpCppWebApi,FUNC,1,IMPLEMENTED_HLE,1,_ZNK3sce2Np9CppWebApi6Common8IteratorINS2_12IntrusivePtrINS1_12Leaderboards2V15EntryEEEEneERKS9_,src\SharpEmu.Libs\Np\V47ExportsPart02.cs,_ZNK3sce2Np9CppWebApi6Common8IteratorINS2_12IntrusivePtrINS1_12Leaderboards2V15EntryEEEEneERKS9_,ALREADY_HLE
WGKQ359T744,libSceNpCppWebApi,libSceNpCppWebApi,FUNC,1,IMPLEMENTED_HLE,1,_ZN3sce2Np9CppWebApi6Common8IteratorINS2_12IntrusivePtrINS1_12Leaderboards2V15EntryEEEEppEv,src\SharpEmu.Libs\Np\V47ExportsPart02.cs,_ZN3sce2Np9CppWebApi6Common8IteratorINS2_12IntrusivePtrINS1_12Leaderboards2V15EntryEEEEppEv,ALREADY_HLE
qnvk932UxYg,libSceNpCppWebApi,libSceNpCppWebApi,FUNC,1,IMPLEMENTED_HLE,1,_ZNK3sce2Np9CppWebApi6Common8IteratorINS2_12IntrusivePtrINS1_12Leaderboards2V15EntryEEEEdeEv,src\SharpEmu.Libs\Np\V47ExportsPart02.cs,_ZNK3sce2Np9CppWebApi6Common8IteratorINS2_12IntrusivePtrINS1_12Leaderboards2V15EntryEEEEdeEv,ALREADY_HLE
yD3I2CRcKmw,libSceNpCppWebApi,libSceNpCppWebApi,FUNC,1,IMPLEMENTED_HLE,1,_ZNK3sce2Np9CppWebApi6Common12IntrusivePtrINS1_12Leaderboards2V15EntryEEptEv,src\SharpEmu.Libs\Np\V46ExportsPart14.cs,_ZNK3sce2Np9CppWebApi6Common12IntrusivePtrINS1_12Leaderboards2V15EntryEEptEv,ALREADY_HLE
Er5RROJCXYo,libSceNpCppWebApi,libSceNpCppWebApi,FUNC,1,IMPLEMENTED_HLE,1,_ZNK3sce2Np9CppWebApi12Leaderboards2V15Entry12getAccountIdEv,src\SharpEmu.Libs\Np\NpCppWebApiV44Exports.cs,_ZNK3sce2Np9CppWebApi12Leaderboards2V15Entry12getAccountIdEv,ALREADY_HLE
MkGUMQt7MBE,libSceNpCppWebApi,libSceNpCppWebApi,FUNC,1,IMPLEMENTED_HLE,1,_ZNK3sce2Np9CppWebApi12Leaderboards2V15Entry12commentIsSetEv,src\SharpEmu.Libs\Np\V50ExportsPart02.cs,_ZNK3sce2Np9CppWebApi12Leaderboards2V15Entry12commentIsSetEv,ALREADY_HLE
u1wbCugKzYQ,libSceNpCppWebApi,libSceNpCppWebApi,FUNC,1,IMPLEMENTED_HLE,1,_ZNK3sce2Np9CppWebApi12Leaderboards2V15Entry10getCommentEv,src\SharpEmu.Libs\Np\V50ExportsPart02.cs,_ZNK3sce2Np9CppWebApi12Leaderboards2V15Entry10getCommentEv,ALREADY_HLE
x5fMr5644iE,libSceNpCppWebApi,libSceNpCppWebApi,FUNC,1,IMPLEMENTED_HLE,1,_ZNK3sce2Np9CppWebApi12Leaderboards2V15Entry14getHighestRankEv,src\SharpEmu.Libs\Np\NpCppWebApiV44Exports.cs,_ZNK3sce2Np9CppWebApi12Leaderboards2V15Entry14getHighestRankEv,ALREADY_HLE
KnCMTTJWLdg,libSceNpCppWebApi,libSceNpCppWebApi,FUNC,1,IMPLEMENTED_HLE,1,_ZNK3sce2Np9CppWebApi12Leaderboards2V15Entry20getHighestSerialRankEv,src\SharpEmu.Libs\Np\NpCppWebApiV44Exports.cs,_ZNK3sce2Np9CppWebApi12Leaderboards2V15Entry20getHighestSerialRankEv,ALREADY_HLE
h8K-pa8owbg,libSceNpCppWebApi,libSceNpCppWebApi,FUNC,1,IMPLEMENTED_HLE,1,_ZNK3sce2Np9CppWebApi12Leaderboards2V15Entry13objectIdIsSetEv,src\SharpEmu.Libs\Np\V50ExportsPart02.cs,_ZNK3sce2Np9CppWebApi12Leaderboards2V15Entry13objectIdIsSetEv,ALREADY_HLE
X1SYe8TIGOc,libSceNpCppWebApi,libSceNpCppWebApi,FUNC,1,IMPLEMENTED_HLE,1,_ZNK3sce2Np9CppWebApi12Leaderboards2V15Entry11getObjectIdEv,src\SharpEmu.Libs\Np\V50ExportsPart02.cs,_ZNK3sce2Np9CppWebApi12Leaderboards2V15Entry11getObjectIdEv,ALREADY_HLE
SUOUmSmPy5E,libSceNpCppWebApi,libSceNpCppWebApi,FUNC,1,NO_HLE_EXPORT,0,,,_ZNK3sce2Np9CppWebApi12Leaderboards2V15Entry11getOnlineIdEv,NATIVE_PRX_OR_DATA_VERIFY_AT_RUNTIME
+3KiBw-4CQY,libSceNpCppWebApi,libSceNpCppWebApi,FUNC,1,IMPLEMENTED_HLE,1,_ZNK3sce2Np9CppWebApi12Leaderboards2V15Entry7getPcIdEv,src\SharpEmu.Libs\Np\NpCppWebApiV44Exports.cs,_ZNK3sce2Np9CppWebApi12Leaderboards2V15Entry7getPcIdEv,ALREADY_HLE
zk7Es711EV8,libSceNpCppWebApi,libSceNpCppWebApi,FUNC,1,IMPLEMENTED_HLE,1,_ZNK3sce2Np9CppWebApi12Leaderboards2V15Entry7getRankEv,src\SharpEmu.Libs\Np\NpCppWebApiV44Exports.cs,_ZNK3sce2Np9CppWebApi12Leaderboards2V15Entry7getRankEv,ALREADY_HLE
+631th1Z4DU,libSceNpCppWebApi,libSceNpCppWebApi,FUNC,1,IMPLEMENTED_HLE,1,_ZNK3sce2Np9CppWebApi12Leaderboards2V15Entry8getScoreEv,src\SharpEmu.Libs\Np\NpCppWebApiV44Exports.cs,_ZNK3sce2Np9CppWebApi12Leaderboards2V15Entry8getScoreEv,ALREADY_HLE
PmMi+EcpbpM,libSceNpCppWebApi,libSceNpCppWebApi,FUNC,1,IMPLEMENTED_HLE,1,_ZNK3sce2Np9CppWebApi12Leaderboards2V15Entry13getSerialRankEv,src\SharpEmu.Libs\Np\NpCppWebApiV44Exports.cs,_ZNK3sce2Np9CppWebApi12Leaderboards2V15Entry13getSerialRankEv,ALREADY_HLE
fJ9329XKPPA,libSceNpCppWebApi,libSceNpCppWebApi,FUNC,1,IMPLEMENTED_HLE,1,_ZNK3sce2Np9CppWebApi12Leaderboards2V15Entry14smallDataIsSetEv,src\SharpEmu.Libs\Np\V50ExportsPart02.cs,_ZNK3sce2Np9CppWebApi12Leaderboards2V15Entry14smallDataIsSetEv,ALREADY_HLE
yzYn2Pwc2LM,libSceNpCppWebApi,libSceNpCppWebApi,FUNC,1,IMPLEMENTED_HLE,1,_ZNK3sce2Np9CppWebApi12Leaderboards2V15Entry12getSmallDataEv,src\SharpEmu.Libs\Np\V50ExportsPart02.cs,_ZNK3sce2Np9CppWebApi12Leaderboards2V15Entry12getSmallDataEv,ALREADY_HLE
LTXWL-kuxGM,libSceNpCppWebApi,libSceNpCppWebApi,FUNC,1,IMPLEMENTED_HLE,1,_ZNK3sce2Np9CppWebApi6Common12IntrusivePtrINS2_6BinaryEEptEv,src\SharpEmu.Libs\Np\V46ExportsPart02.cs,_ZNK3sce2Np9CppWebApi6Common12IntrusivePtrINS2_6BinaryEEptEv,ALREADY_HLE
PGbdeeOVRRU,libSceNpCppWebApi,libSceNpCppWebApi,FUNC,1,IMPLEMENTED_HLE,1,_ZNK3sce2Np9CppWebApi6Common6Binary4sizeEv,src\SharpEmu.Libs\Np\V50ExportsPart02.cs,_ZNK3sce2Np9CppWebApi6Common6Binary4sizeEv,ALREADY_HLE
g9FmpQw2M-U,libSceNpCppWebApi,libSceNpCppWebApi,FUNC,1,IMPLEMENTED_HLE,1,_ZNK3sce2Np9CppWebApi6Common6Binary9getBinaryEv,src\SharpEmu.Libs\Np\V50ExportsPart02.cs,_ZNK3sce2Np9CppWebApi6Common6Binary9getBinaryEv,ALREADY_HLE
br6GL-f3CQg,libSceNpCppWebApi,libSceNpCppWebApi,FUNC,1,IMPLEMENTED_HLE,1,_ZN3sce2Np9CppWebApi12Leaderboards2V121GetRankingRequestBody8setLimitERKi,src\SharpEmu.Libs\Np\NpCppWebApiV44Exports.cs,_ZN3sce2Np9CppWebApi12Leaderboards2V121GetRankingRequestBody8setLimitERKi,ALREADY_HLE
YKVixVJQoXU,libSceNpCppWebApi,libSceNpCppWebApi,FUNC,1,IMPLEMENTED_HLE,1,_ZN3sce2Np9CppWebApi12Leaderboards2V121GetRankingRequestBody18setStartSerialRankERKi,src\SharpEmu.Libs\Np\NpCppWebApiV44Exports.cs,_ZN3sce2Np9CppWebApi12Leaderboards2V121GetRankingRequestBody18setStartSerialRankERKi,ALREADY_HLE
7IgV8DBuzJQ,libSceNpCppWebApi,libSceNpCppWebApi,FUNC,1,IMPLEMENTED_HLE,1,_ZN3sce2Np9CppWebApi6Common13ConstIteratorINS2_12IntrusivePtrINS1_12Leaderboards2V15EntryEEEED2Ev,src\SharpEmu.Libs\Np\V47ExportsPart11.cs,_ZN3sce2Np9CppWebApi6Common13ConstIteratorINS2_12IntrusivePtrINS1_12Leaderboards2V15EntryEEEED2Ev,ALREADY_HLE
plUh+Axzi30,libSceNpCppWebApi,libSceNpCppWebApi,FUNC,1,IMPLEMENTED_HLE,1,_ZNK3sce2Np9CppWebApi12Leaderboards2V122GetRankingResponseBody22getLastUpdatedDateTimeEv,src\SharpEmu.Libs\Np\V50ExportsPart02.cs,_ZNK3sce2Np9CppWebApi12Leaderboards2V122GetRankingResponseBody22getLastUpdatedDateTimeEv,ALREADY_HLE
Mnp3qDir4NU,libSceNpCppWebApi,libSceNpCppWebApi,FUNC,1,NO_HLE_EXPORT,0,,,_ZN3sce2Np9CppWebApi6Common15TransactionBaseINS2_12IntrusivePtrINS1_12Leaderboards2V122GetRankingResponseBodyEEENS4_INS2_18ResponseHeaderBaseEEEE6finishEv,NATIVE_PRX_OR_DATA_VERIFY_AT_RUNTIME
Ma7+aWJsXow,libSceNpCppWebApi,libSceNpCppWebApi,FUNC,1,NO_HLE_EXPORT,0,,,_ZN3sce2Np9CppWebApi12Leaderboards2V17ViewApi21ParameterToGetRanking9terminateEv,NATIVE_PRX_OR_DATA_VERIFY_AT_RUNTIME
5F7D2WLcblc,libSceNpCppWebApi,libSceNpCppWebApi,FUNC,1,IMPLEMENTED_HLE,1,_ZN3sce2Np9CppWebApi6Common11TransactionINS2_12IntrusivePtrINS1_12Leaderboards2V122GetRankingResponseBodyEEENS4_INS2_18ResponseHeaderBaseEEEED1Ev,src\SharpEmu.Libs\Np\V50ExportsPart01.cs,_ZN3sce2Np9CppWebApi6Common11TransactionINS2_12IntrusivePtrINS1_12Leaderboards2V122GetRankingResponseBodyEEENS4_INS2_18ResponseHeaderBaseEEEED1Ev,ALREADY_HLE
XtFyTKi22Sc,libSceNpCppWebApi,libSceNpCppWebApi,FUNC,1,IMPLEMENTED_HLE,1,_ZN3sce2Np9CppWebApi12Leaderboards2V17ViewApi21ParameterToGetRankingD1Ev,src\SharpEmu.Libs\Np\NpCppWebApiV44Exports.cs,_ZN3sce2Np9CppWebApi12Leaderboards2V17ViewApi21ParameterToGetRankingD1Ev,ALREADY_HLE
BcrC80L8i0Q,libSceNpCppWebApi,libSceNpCppWebApi,FUNC,1,NO_HLE_EXPORT,0,,,_ZN3sce2Np9CppWebApi6Common12IntrusivePtrINS1_12Leaderboards2V122GetRankingResponseBodyEED1Ev,NATIVE_PRX_OR_DATA_VERIFY_AT_RUNTIME
P5mDlGPLSUU,libSceNpCppWebApi,libSceNpCppWebApi,FUNC,1,IMPLEMENTED_HLE,1,_ZN3sce2Np9CppWebApi6Common21DownStreamTransactionINS2_12IntrusivePtrINS1_12Leaderboards2V17ViewApi37GetLargeDataByObjectIdResponseHeadersEEEEC1Ev,src\SharpEmu.Libs\Np\V50ExportsPart01.cs,_ZN3sce2Np9CppWebApi6Common21DownStreamTransactionINS2_12IntrusivePtrINS1_12Leaderboards2V17ViewApi37GetLargeDataByObjectIdResponseHeadersEEEEC1Ev,ALREADY_HLE
eyiQGHPBIKI,libSceNpCppWebApi,libSceNpCppWebApi,FUNC,1,NO_HLE_EXPORT,0,,,_ZN3sce2Np9CppWebApi12Leaderboards2V17ViewApi33ParameterToGetLargeDataByObjectIdC1Ev,NATIVE_PRX_OR_DATA_VERIFY_AT_RUNTIME
TJz8sDUa6n4,libSceNpCppWebApi,libSceNpCppWebApi,FUNC,1,NO_HLE_EXPORT,0,,,_ZN3sce2Np9CppWebApi6Common21DownStreamTransactionINS2_12IntrusivePtrINS1_12Leaderboards2V17ViewApi37GetLargeDataByObjectIdResponseHeadersEEEE5startEPNS2_10LibContextE,NATIVE_PRX_OR_DATA_VERIFY_AT_RUNTIME
sCnkOGMZjH8,libSceNpCppWebApi,libSceNpCppWebApi,FUNC,1,NO_HLE_EXPORT,0,,,_ZN3sce2Np9CppWebApi12Leaderboards2V17ViewApi33ParameterToGetLargeDataByObjectId10initializeEPNS1_6Common10LibContextEPKc,NATIVE_PRX_OR_DATA_VERIFY_AT_RUNTIME
MkSmI8WCSvM,libSceNpCppWebApi,libSceNpCppWebApi,FUNC,1,NO_HLE_EXPORT,0,,,_ZN3sce2Np9CppWebApi12Leaderboards2V17ViewApi22getLargeDataByObjectIdEiRKNS4_33ParameterToGetLargeDataByObjectIdERNS1_6Common21DownStreamTransactionINS8_12IntrusivePtrINS4_37GetLargeDataByObjectIdResponseHeadersEEEEE,NATIVE_PRX_OR_DATA_VERIFY_AT_RUNTIME
ncIcckZh0rk,libSceNpCppWebApi,libSceNpCppWebApi,FUNC,1,NO_HLE_EXPORT,0,,,_ZN3sce2Np9CppWebApi6Common21DownStreamTransactionINS2_12IntrusivePtrINS1_12Leaderboards2V17ViewApi37GetLargeDataByObjectIdResponseHeadersEEEE8readDataEPcm,NATIVE_PRX_OR_DATA_VERIFY_AT_RUNTIME
Y+pTVRiUcHo,libSceNpCppWebApi,libSceNpCppWebApi,FUNC,1,NO_HLE_EXPORT,0,,,_ZN3sce2Np9CppWebApi6Common21DownStreamTransactionINS2_12IntrusivePtrINS1_12Leaderboards2V17ViewApi37GetLargeDataByObjectIdResponseHeadersEEEE6finishEv,NATIVE_PRX_OR_DATA_VERIFY_AT_RUNTIME
fhRcPQVoEqM,libSceNpCppWebApi,libSceNpCppWebApi,FUNC,1,NO_HLE_EXPORT,0,,,_ZN3sce2Np9CppWebApi12Leaderboards2V17ViewApi33ParameterToGetLargeDataByObjectId9terminateEv,NATIVE_PRX_OR_DATA_VERIFY_AT_RUNTIME
N0V2-p-0hAM,libSceNpCppWebApi,libSceNpCppWebApi,FUNC,1,IMPLEMENTED_HLE,1,_ZN3sce2Np9CppWebApi12Leaderboards2V17ViewApi33ParameterToGetLargeDataByObjectIdD1Ev,src\SharpEmu.Libs\Np\NpCppWebApiV44Exports.cs,_ZN3sce2Np9CppWebApi12Leaderboards2V17ViewApi33ParameterToGetLargeDataByObjectIdD1Ev,ALREADY_HLE
XWJpJef97fM,libSceNpCppWebApi,libSceNpCppWebApi,FUNC,1,IMPLEMENTED_HLE,1,_ZN3sce2Np9CppWebApi6Common21DownStreamTransactionINS2_12IntrusivePtrINS1_12Leaderboards2V17ViewApi37GetLargeDataByObjectIdResponseHeadersEEEED1Ev,src\SharpEmu.Libs\Np\V50ExportsPart01.cs,_ZN3sce2Np9CppWebApi6Common21DownStreamTransactionINS2_12IntrusivePtrINS1_12Leaderboards2V17ViewApi37GetLargeDataByObjectIdResponseHeadersEEEED1Ev,ALREADY_HLE
gp3soLZ1nu0,libSceNpCppWebApi,libSceNpCppWebApi,FUNC,1,IMPLEMENTED_HLE,1,_ZN3sce2Np9CppWebApi6Common11TransactionINS2_12IntrusivePtrINS1_12Leaderboards2V130GetBoardDefinitionResponseBodyEEENS4_INS2_18ResponseHeaderBaseEEEEC1Ev,src\SharpEmu.Libs\Np\V50ExportsPart01.cs,_ZN3sce2Np9CppWebApi6Common11TransactionINS2_12IntrusivePtrINS1_12Leaderboards2V130GetBoardDefinitionResponseBodyEEENS4_INS2_18ResponseHeaderBaseEEEEC1Ev,ALREADY_HLE
EOKBl05t-hk,libSceNpCppWebApi,libSceNpCppWebApi,FUNC,1,IMPLEMENTED_HLE,1,_ZN3sce2Np9CppWebApi6Common12IntrusivePtrINS1_12Leaderboards2V130GetBoardDefinitionResponseBodyEEC1Ev,src\SharpEmu.Libs\Np\V46ExportsPart14.cs,_ZN3sce2Np9CppWebApi6Common12IntrusivePtrINS1_12Leaderboards2V130GetBoardDefinitionResponseBodyEEC1Ev,ALREADY_HLE
9y9YsMBbUq0,libSceNpCppWebApi,libSceNpCppWebApi,FUNC,1,NO_HLE_EXPORT,0,,,_ZN3sce2Np9CppWebApi6Common6StringC1EPNS2_10LibContextE,NATIVE_PRX_OR_DATA_VERIFY_AT_RUNTIME
ZkSM1nh5zM8,libSceNpCppWebApi,libSceNpCppWebApi,FUNC,1,NO_HLE_EXPORT,0,,,_ZN3sce2Np9CppWebApi12Leaderboards2V19BoardsApi29ParameterToGetBoardDefinitionC1Ev,NATIVE_PRX_OR_DATA_VERIFY_AT_RUNTIME
s7YtGdt8Sg4,libSceNpCppWebApi,libSceNpCppWebApi,FUNC,1,NO_HLE_EXPORT,0,,,_ZN3sce2Np9CppWebApi6Common15TransactionBaseINS2_12IntrusivePtrINS1_12Leaderboards2V130GetBoardDefinitionResponseBodyEEENS4_INS2_18ResponseHeaderBaseEEEE5startEPNS2_10LibContextE,NATIVE_PRX_OR_DATA_VERIFY_AT_RUNTIME
jTcdCjMNdrk,libSceNpCppWebApi,libSceNpCppWebApi,FUNC,1,NO_HLE_EXPORT,0,,,_ZN3sce2Np9CppWebApi12Leaderboards2V19BoardsApi29ParameterToGetBoardDefinition10initializeEPNS1_6Common10LibContextEi,NATIVE_PRX_OR_DATA_VERIFY_AT_RUNTIME
hjzv6lEAIuI,libSceNpCppWebApi,libSceNpCppWebApi,FUNC,1,NO_HLE_EXPORT,0,,,_ZN3sce2Np9CppWebApi12Leaderboards2V19BoardsApi18getBoardDefinitionEiRKNS4_29ParameterToGetBoardDefinitionERNS1_6Common11TransactionINS8_12IntrusivePtrINS3_30GetBoardDefinitionResponseBodyEEENSA_INS8_18ResponseHeaderBaseEEEEE,NATIVE_PRX_OR_DATA_VERIFY_AT_RUNTIME
o6kFQQ6TGg4,libSceNpCppWebApi,libSceNpCppWebApi,FUNC,1,NO_HLE_EXPORT,0,,,_ZNK3sce2Np9CppWebApi6Common11TransactionINS2_12IntrusivePtrINS1_12Leaderboards2V130GetBoardDefinitionResponseBodyEEENS4_INS2_18ResponseHeaderBaseEEEE11getResponseERS8_,NATIVE_PRX_OR_DATA_VERIFY_AT_RUNTIME
YHYfyQXdOLc,libSceNpCppWebApi,libSceNpCppWebApi,FUNC,1,IMPLEMENTED_HLE,1,_ZNK3sce2Np9CppWebApi6Common12IntrusivePtrINS1_12Leaderboards2V130GetBoardDefinitionResponseBodyEEptEv,src\SharpEmu.Libs\Np\V46ExportsPart14.cs,_ZNK3sce2Np9CppWebApi6Common12IntrusivePtrINS1_12Leaderboards2V130GetBoardDefinitionResponseBodyEEptEv,ALREADY_HLE
lfUiDOAsDoo,libSceNpCppWebApi,libSceNpCppWebApi,FUNC,1,IMPLEMENTED_HLE,1,_ZNK3sce2Np9CppWebApi12Leaderboards2V130GetBoardDefinitionResponseBody15entryLimitIsSetEv,src\SharpEmu.Libs\Np\NpCppWebApiV44Exports.cs,_ZNK3sce2Np9CppWebApi12Leaderboards2V130GetBoardDefinitionResponseBody15entryLimitIsSetEv,ALREADY_HLE
5avJQwMJgsY,libSceNpCppWebApi,libSceNpCppWebApi,FUNC,1,IMPLEMENTED_HLE,1,_ZNK3sce2Np9CppWebApi12Leaderboards2V130GetBoardDefinitionResponseBody13getEntryLimitEv,src\SharpEmu.Libs\Np\NpCppWebApiV44Exports.cs,_ZNK3sce2Np9CppWebApi12Leaderboards2V130GetBoardDefinitionResponseBody13getEntryLimitEv,ALREADY_HLE
hQdNOFlDedY,libSceNpCppWebApi,libSceNpCppWebApi,FUNC,1,IMPLEMENTED_HLE,1,_ZNK3sce2Np9CppWebApi12Leaderboards2V130GetBoardDefinitionResponseBody22largeDataNumLimitIsSetEv,src\SharpEmu.Libs\Np\NpCppWebApiV44Exports.cs,_ZNK3sce2Np9CppWebApi12Leaderboards2V130GetBoardDefinitionResponseBody22largeDataNumLimitIsSetEv,ALREADY_HLE
cq65J5rCEwE,libSceNpCppWebApi,libSceNpCppWebApi,FUNC,1,IMPLEMENTED_HLE,1,_ZNK3sce2Np9CppWebApi12Leaderboards2V130GetBoardDefinitionResponseBody20getLargeDataNumLimitEv,src\SharpEmu.Libs\Np\NpCppWebApiV44Exports.cs,_ZNK3sce2Np9CppWebApi12Leaderboards2V130GetBoardDefinitionResponseBody20getLargeDataNumLimitEv,ALREADY_HLE
cJ8md8EbvrI,libSceNpCppWebApi,libSceNpCppWebApi,FUNC,1,IMPLEMENTED_HLE,1,_ZNK3sce2Np9CppWebApi12Leaderboards2V130GetBoardDefinitionResponseBody23largeDataSizeLimitIsSetEv,src\SharpEmu.Libs\Np\NpCppWebApiV44Exports.cs,_ZNK3sce2Np9CppWebApi12Leaderboards2V130GetBoardDefinitionResponseBody23largeDataSizeLimitIsSetEv,ALREADY_HLE
KanXmz-cpzE,libSceNpCppWebApi,libSceNpCppWebApi,FUNC,1,IMPLEMENTED_HLE,1,_ZNK3sce2Np9CppWebApi12Leaderboards2V130GetBoardDefinitionResponseBody21getLargeDataSizeLimitEv,src\SharpEmu.Libs\Np\NpCppWebApiV44Exports.cs,_ZNK3sce2Np9CppWebApi12Leaderboards2V130GetBoardDefinitionResponseBody21getLargeDataSizeLimitEv,ALREADY_HLE
DeFsyDHokeY,libSceNpCppWebApi,libSceNpCppWebApi,FUNC,1,IMPLEMENTED_HLE,1,_ZNK3sce2Np9CppWebApi12Leaderboards2V130GetBoardDefinitionResponseBody18maxScoreLimitIsSetEv,src\SharpEmu.Libs\Np\NpCppWebApiV44Exports.cs,_ZNK3sce2Np9CppWebApi12Leaderboards2V130GetBoardDefinitionResponseBody18maxScoreLimitIsSetEv,ALREADY_HLE
VhWD7ylSQu8,libSceNpCppWebApi,libSceNpCppWebApi,FUNC,1,IMPLEMENTED_HLE,1,_ZNK3sce2Np9CppWebApi12Leaderboards2V130GetBoardDefinitionResponseBody16getMaxScoreLimitEv,src\SharpEmu.Libs\Np\NpCppWebApiV44Exports.cs,_ZNK3sce2Np9CppWebApi12Leaderboards2V130GetBoardDefinitionResponseBody16getMaxScoreLimitEv,ALREADY_HLE
01ZGV2VvBPU,libSceNpCppWebApi,libSceNpCppWebApi,FUNC,1,IMPLEMENTED_HLE,1,_ZNK3sce2Np9CppWebApi12Leaderboards2V130GetBoardDefinitionResponseBody18minScoreLimitIsSetEv,src\SharpEmu.Libs\Np\NpCppWebApiV44Exports.cs,_ZNK3sce2Np9CppWebApi12Leaderboards2V130GetBoardDefinitionResponseBody18minScoreLimitIsSetEv,ALREADY_HLE
59ZoWcKl5v8,libSceNpCppWebApi,libSceNpCppWebApi,FUNC,1,IMPLEMENTED_HLE,1,_ZNK3sce2Np9CppWebApi12Leaderboards2V130GetBoardDefinitionResponseBody16getMinScoreLimitEv,src\SharpEmu.Libs\Np\NpCppWebApiV44Exports.cs,_ZNK3sce2Np9CppWebApi12Leaderboards2V130GetBoardDefinitionResponseBody16getMinScoreLimitEv,ALREADY_HLE
bVJ-1ExjYco,libSceNpCppWebApi,libSceNpCppWebApi,FUNC,1,IMPLEMENTED_HLE,1,_ZNK3sce2Np9CppWebApi12Leaderboards2V130GetBoardDefinitionResponseBody13sortModeIsSetEv,src\SharpEmu.Libs\Np\V50ExportsPart02.cs,_ZNK3sce2Np9CppWebApi12Leaderboards2V130GetBoardDefinitionResponseBody13sortModeIsSetEv,ALREADY_HLE
G46aDJx5Qx8,libSceNpCppWebApi,libSceNpCppWebApi,FUNC,1,IMPLEMENTED_HLE,1,_ZNK3sce2Np9CppWebApi12Leaderboards2V130GetBoardDefinitionResponseBody11getSortModeEv,src\SharpEmu.Libs\Np\V50ExportsPart02.cs,_ZNK3sce2Np9CppWebApi12Leaderboards2V130GetBoardDefinitionResponseBody11getSortModeEv,ALREADY_HLE
kRXjOtU-NTI,libSceNpCppWebApi,libSceNpCppWebApi,FUNC,1,IMPLEMENTED_HLE,1,_ZNK3sce2Np9CppWebApi12Leaderboards2V130GetBoardDefinitionResponseBody15updateModeIsSetEv,src\SharpEmu.Libs\Np\V50ExportsPart02.cs,_ZNK3sce2Np9CppWebApi12Leaderboards2V130GetBoardDefinitionResponseBody15updateModeIsSetEv,ALREADY_HLE
YAtVGPtThx8,libSceNpCppWebApi,libSceNpCppWebApi,FUNC,1,IMPLEMENTED_HLE,1,_ZNK3sce2Np9CppWebApi12Leaderboards2V130GetBoardDefinitionResponseBody13getUpdateModeEv,src\SharpEmu.Libs\Np\V50ExportsPart02.cs,_ZNK3sce2Np9CppWebApi12Leaderboards2V130GetBoardDefinitionResponseBody13getUpdateModeEv,ALREADY_HLE
7dqFi7Dvzgo,libSceNpCppWebApi,libSceNpCppWebApi,FUNC,1,NO_HLE_EXPORT,0,,,_ZN3sce2Np9CppWebApi6Common15TransactionBaseINS2_12IntrusivePtrINS1_12Leaderboards2V130GetBoardDefinitionResponseBodyEEENS4_INS2_18ResponseHeaderBaseEEEE6finishEv,NATIVE_PRX_OR_DATA_VERIFY_AT_RUNTIME
Cb3IRwKPJPI,libSceNpCppWebApi,libSceNpCppWebApi,FUNC,1,NO_HLE_EXPORT,0,,,_ZN3sce2Np9CppWebApi12Leaderboards2V19BoardsApi29ParameterToGetBoardDefinition9terminateEv,NATIVE_PRX_OR_DATA_VERIFY_AT_RUNTIME
tJMAm9ZBelo,libSceNpCppWebApi,libSceNpCppWebApi,FUNC,1,IMPLEMENTED_HLE,1,_ZN3sce2Np9CppWebApi12Leaderboards2V19BoardsApi29ParameterToGetBoardDefinitionD1Ev,src\SharpEmu.Libs\Np\NpCppWebApiV44Exports.cs,_ZN3sce2Np9CppWebApi12Leaderboards2V19BoardsApi29ParameterToGetBoardDefinitionD1Ev,ALREADY_HLE
DNmJw98YzUU,libSceNpCppWebApi,libSceNpCppWebApi,FUNC,1,NO_HLE_EXPORT,0,,,_ZN3sce2Np9CppWebApi6Common6StringD1Ev,NATIVE_PRX_OR_DATA_VERIFY_AT_RUNTIME
KD0NkSaIi1M,libSceNpCppWebApi,libSceNpCppWebApi,FUNC,1,NO_HLE_EXPORT,0,,,_ZN3sce2Np9CppWebApi6Common12IntrusivePtrINS1_12Leaderboards2V130GetBoardDefinitionResponseBodyEED1Ev,NATIVE_PRX_OR_DATA_VERIFY_AT_RUNTIME
iiYZCXOo7Go,libSceNpCppWebApi,libSceNpCppWebApi,FUNC,1,IMPLEMENTED_HLE,1,_ZN3sce2Np9CppWebApi6Common11TransactionINS2_12IntrusivePtrINS1_12Leaderboards2V130GetBoardDefinitionResponseBodyEEENS4_INS2_18ResponseHeaderBaseEEEED1Ev,src\SharpEmu.Libs\Np\V50ExportsPart01.cs,_ZN3sce2Np9CppWebApi6Common11TransactionINS2_12IntrusivePtrINS1_12Leaderboards2V130GetBoardDefinitionResponseBodyEEENS4_INS2_18ResponseHeaderBaseEEEED1Ev,ALREADY_HLE
kpbW7Dr44Gc,libSceNpCppWebApi,libSceNpCppWebApi,FUNC,1,IMPLEMENTED_HLE,1,_ZN3sce2Np9CppWebApi6Common21DownStreamTransactionINS2_12IntrusivePtrINS1_17TitleCloudStorage2V17DataApi27DownloadDataResponseHeadersEEEEC1Ev,src\SharpEmu.Libs\Np\V50ExportsPart01.cs,_ZN3sce2Np9CppWebApi6Common21DownStreamTransactionINS2_12IntrusivePtrINS1_17TitleCloudStorage2V17DataApi27DownloadDataResponseHeadersEEEEC1Ev,ALREADY_HLE
E8BmtbByVKs,libSceNpCppWebApi,libSceNpCppWebApi,FUNC,1,NO_HLE_EXPORT,0,,,_ZN3sce2Np9CppWebApi17TitleCloudStorage2V17DataApi23ParameterToDownloadDataC1Ev,NATIVE_PRX_OR_DATA_VERIFY_AT_RUNTIME
0oIoKcDA0Fw,libSceNpCppWebApi,libSceNpCppWebApi,FUNC,1,NO_HLE_EXPORT,0,,,_ZN3sce2Np9CppWebApi6Common21DownStreamTransactionINS2_12IntrusivePtrINS1_17TitleCloudStorage2V17DataApi27DownloadDataResponseHeadersEEEE6finishEv,NATIVE_PRX_OR_DATA_VERIFY_AT_RUNTIME
26SufKG5x4M,libSceNpCppWebApi,libSceNpCppWebApi,FUNC,1,NO_HLE_EXPORT,0,,,_ZN3sce2Np9CppWebApi17TitleCloudStorage2V17DataApi23ParameterToDownloadData9terminateEv,NATIVE_PRX_OR_DATA_VERIFY_AT_RUNTIME
0UNp2Ey5bw4,libSceNpCppWebApi,libSceNpCppWebApi,FUNC,1,IMPLEMENTED_HLE,1,_ZN3sce2Np9CppWebApi17TitleCloudStorage2V17DataApi23ParameterToDownloadDataD1Ev,src\SharpEmu.Libs\Np\NpCppWebApiV45Exports.cs,_ZN3sce2Np9CppWebApi17TitleCloudStorage2V17DataApi23ParameterToDownloadDataD1Ev,ALREADY_HLE
IAkGC4cv3zs,libSceNpCppWebApi,libSceNpCppWebApi,FUNC,1,IMPLEMENTED_HLE,1,_ZN3sce2Np9CppWebApi6Common21DownStreamTransactionINS2_12IntrusivePtrINS1_17TitleCloudStorage2V17DataApi27DownloadDataResponseHeadersEEEED1Ev,src\SharpEmu.Libs\Np\V50ExportsPart01.cs,_ZN3sce2Np9CppWebApi6Common21DownStreamTransactionINS2_12IntrusivePtrINS1_17TitleCloudStorage2V17DataApi27DownloadDataResponseHeadersEEEED1Ev,ALREADY_HLE
V2NelZNoJwI,libSceNpCppWebApi,libSceNpCppWebApi,FUNC,1,NO_HLE_EXPORT,0,,,_ZN3sce2Np9CppWebApi6Common21DownStreamTransactionINS2_12IntrusivePtrINS1_17TitleCloudStorage2V17DataApi27DownloadDataResponseHeadersEEEE5startEPNS2_10LibContextE,NATIVE_PRX_OR_DATA_VERIFY_AT_RUNTIME
hH7KHku1lqs,libSceNpCppWebApi,libSceNpCppWebApi,FUNC,1,NO_HLE_EXPORT,0,,,_ZN3sce2Np9CppWebApi17TitleCloudStorage2V17DataApi23ParameterToDownloadData10initializeEPNS1_6Common10LibContextEPKci,NATIVE_PRX_OR_DATA_VERIFY_AT_RUNTIME
9YWXkd3AZAk,libSceNpCppWebApi,libSceNpCppWebApi,FUNC,1,NO_HLE_EXPORT,0,,,_ZN3sce2Np9CppWebApi17TitleCloudStorage2V17DataApi12downloadDataEiRKNS4_23ParameterToDownloadDataERNS1_6Common21DownStreamTransactionINS8_12IntrusivePtrINS4_27DownloadDataResponseHeadersEEEEE,NATIVE_PRX_OR_DATA_VERIFY_AT_RUNTIME
kVGz48sqNJM,libSceNpCppWebApi,libSceNpCppWebApi,FUNC,1,NO_HLE_EXPORT,0,,,_ZN3sce2Np9CppWebApi6Common21DownStreamTransactionINS2_12IntrusivePtrINS1_17TitleCloudStorage2V17DataApi27DownloadDataResponseHeadersEEEE8readDataEPcm,NATIVE_PRX_OR_DATA_VERIFY_AT_RUNTIME
sjaobBgqeB4,libSceNpUniversalDataSystem,libSceNpUniversalDataSystem,FUNC,1,IMPLEMENTED_HLE,1,sceNpUniversalDataSystemInitialize,src\SharpEmu.Libs\Np\NpUniversalDataSystemExports.cs,sceNpUniversalDataSystemInitialize,ALREADY_HLE
5zBnau1uIEo,libSceNpUniversalDataSystem,libSceNpUniversalDataSystem,FUNC,1,IMPLEMENTED_HLE,1,sceNpUniversalDataSystemCreateContext,src\SharpEmu.Libs\Np\NpUniversalDataSystemExports.cs,sceNpUniversalDataSystemCreateContext,ALREADY_HLE
hT0IAEvN+M0,libSceNpUniversalDataSystem,libSceNpUniversalDataSystem,FUNC,1,IMPLEMENTED_HLE,1,sceNpUniversalDataSystemCreateHandle,src\SharpEmu.Libs\Np\NpUniversalDataSystemExports.cs,sceNpUniversalDataSystemCreateHandle,ALREADY_HLE
tpFJ8LIKvPw,libSceNpUniversalDataSystem,libSceNpUniversalDataSystem,FUNC,1,IMPLEMENTED_HLE,1,sceNpUniversalDataSystemRegisterContext,src\SharpEmu.Libs\Np\NpUniversalDataSystemExports.cs,sceNpUniversalDataSystemRegisterContext,ALREADY_HLE
CzkKf7ahIyU,libSceNpUniversalDataSystem,libSceNpUniversalDataSystem,FUNC,1,IMPLEMENTED_HLE,1,sceNpUniversalDataSystemPostEvent,src\SharpEmu.Libs\Np\NpUniversalDataSystemExports.cs,sceNpUniversalDataSystemPostEvent,ALREADY_HLE
Y295ygEccqk,libSceNpCppWebApi,libSceNpCppWebApi,FUNC,1,IMPLEMENTED_HLE,1,_ZN3sce2Np9CppWebApi6Common10LibContextC1Ev,src\SharpEmu.Libs\Np\V50ExportsPart02.cs,_ZN3sce2Np9CppWebApi6Common10LibContextC1Ev,ALREADY_HLE
-hJRce8wn1U,libSceJson,libSceJson2,FUNC,1,IMPLEMENTED_HLE,1,_ZN3sce4Json12MemAllocatorC2Ev,src\SharpEmu.Libs\Json\JsonExports.cs,_ZN3sce4Json12MemAllocatorC2Ev,ALREADY_HLE
cK6bYHf-Q5E,libSceJson,libSceJson2,FUNC,1,IMPLEMENTED_HLE,1,_ZN3sce4Json11InitializerC1Ev,src\SharpEmu.Libs\Json\JsonExports.cs,_ZN3sce4Json11InitializerC1Ev,ALREADY_HLE
RujUxbr3haM,libSceJson,libSceJson2,FUNC,1,IMPLEMENTED_HLE,1,_ZN3sce4Json11InitializerD1Ev,src\SharpEmu.Libs\Json\JsonExports.cs,_ZN3sce4Json11InitializerD1Ev,ALREADY_HLE
OcAgPxcq5Vk,libSceJson,libSceJson2,FUNC,1,IMPLEMENTED_HLE,1,_ZN3sce4Json12MemAllocatorD2Ev,src\SharpEmu.Libs\Json\JsonExports.cs,_ZN3sce4Json12MemAllocatorD2Ev,ALREADY_HLE
8x++mBOUeso,libSceNpCppWebApi,libSceNpCppWebApi,FUNC,1,NO_HLE_EXPORT,0,,,_ZN3sce2Np9CppWebApi6Common10InitParamsC1Ev,NATIVE_PRX_OR_DATA_VERIFY_AT_RUNTIME
Cxwy7wHq4J0,libSceJson,libSceJson2,FUNC,1,IMPLEMENTED_HLE,1,_ZN3sce4Json11Initializer10initializeEPKNS0_13InitParameterE,src\SharpEmu.Libs\Json\JsonExports.cs,_ZN3sce4Json11Initializer10initializeEPKNS0_13InitParameterE,ALREADY_HLE
+o9816YQhqQ,libSceNpWebApi2,libSceNpWebApi2,FUNC,1,IMPLEMENTED_HLE,1,sceNpWebApi2Initialize,src\SharpEmu.Libs\Np\NpWebApi2Exports.cs,sceNpWebApi2Initialize,ALREADY_HLE
UYPxv8MIzGo,libSceNpCppWebApi,libSceNpCppWebApi,FUNC,1,IMPLEMENTED_HLE,1,_ZN3sce2Np9CppWebApi6Common10initializeERKNS2_10InitParamsERNS2_10LibContextE,src\SharpEmu.Libs\Np\NpCppWebApiExports.cs,_ZN3sce2Np9CppWebApi6Common10initializeERKNS2_10InitParamsERNS2_10LibContextE,ALREADY_HLE
52AlYvq+dmk,libSceNpCppWebApi,libSceNpCppWebApi,FUNC,1,IMPLEMENTED_HLE,1,_ZN3sce2Np9CppWebApi6Common10InitParamsD1Ev,src\SharpEmu.Libs\Np\V50ExportsPart02.cs,_ZN3sce2Np9CppWebApi6Common10InitParamsD1Ev,ALREADY_HLE
oTirsxQpqj0,libSceNpCppWebApi,libSceNpCppWebApi,FUNC,1,NO_HLE_EXPORT,0,,,_ZN3sce2Np9CppWebApi6Common9terminateERNS2_10LibContextE,NATIVE_PRX_OR_DATA_VERIFY_AT_RUNTIME
9X9+cneTGUU,libSceNpWebApi2,libSceNpWebApi2,FUNC,1,NO_HLE_EXPORT,0,,,sceNpWebApi2DeleteUserContext,HLE_CANDIDATE_VERIFY_AT_RUNTIME
bEvXpcEk200,libSceNpWebApi2,libSceNpWebApi2,FUNC,1,IMPLEMENTED_HLE,1,sceNpWebApi2Terminate,src\SharpEmu.Libs\Np\NpWebApi2Exports.cs,sceNpWebApi2Terminate,ALREADY_HLE
viRXSHZYd0c,libSceSsl,libSceSsl,FUNC,1,IMPLEMENTED_HLE,1,sceSslClose,src\SharpEmu.Libs\Network\SslExports.cs,sceSslClose,ALREADY_HLE
sk54bi6FtYM,libSceNpWebApi2,libSceNpWebApi2,FUNC,1,IMPLEMENTED_HLE,1,sceNpWebApi2CreateUserContext,src\SharpEmu.Libs\Np\NpWebApi2Exports.cs,sceNpWebApi2CreateUserContext,ALREADY_HLE
L1SBTkC+Cvw,libc,libc,FUNC,1,IMPLEMENTED_HLE,1,abort,src\SharpEmu.Libs\Kernel\KernelExports.cs,abort,ALREADY_HLE
dyIhnXq-0SM,libSceSaveData_native,libSceSaveData_native,FUNC,1,IMPLEMENTED_HLE,1,sceSaveDataDirNameSearch,src\SharpEmu.Libs\SaveData\SaveDataExports.cs,sceSaveDataDirNameSearch,ALREADY_HLE
gjRZNnw0JPE,libSceSaveData_native,libSceSaveData_native,FUNC,1,IMPLEMENTED_HLE,1,sceSaveDataCreateTransactionResource,src\SharpEmu.Libs\SaveData\SaveDataExports.cs,sceSaveDataCreateTransactionResource,ALREADY_HLE
KK3Bdg1RWK0,libSceSaveDataDialog,libSceSaveDataDialog.native,FUNC,1,IMPLEMENTED_HLE,1,sceSaveDataDialogUpdateStatus,src\SharpEmu.Libs\SaveData\SaveDataDialogExports.cs,sceSaveDataDialogUpdateStatus,ALREADY_HLE
en7gNVnh878,libSceSaveDataDialog,libSceSaveDataDialog.native,FUNC,1,IMPLEMENTED_HLE,1,sceSaveDataDialogIsReadyToDisplay,src\SharpEmu.Libs\SaveData\SaveDataDialogExports.cs,sceSaveDataDialogIsReadyToDisplay,ALREADY_HLE
s9e3+YpRnzw,libSceSaveDataDialog,libSceSaveDataDialog.native,FUNC,1,IMPLEMENTED_HLE,1,sceSaveDataDialogInitialize,src\SharpEmu.Libs\SaveData\SaveDataDialogExports.cs,sceSaveDataDialogInitialize,ALREADY_HLE
4tPhsP6FpDI,libSceSaveDataDialog,libSceSaveDataDialog.native,FUNC,1,IMPLEMENTED_HLE,1,sceSaveDataDialogOpen,src\SharpEmu.Libs\SaveData\SaveDataDialogExports.cs,sceSaveDataDialogOpen,ALREADY_HLE
yEiJ-qqr6Cg,libSceSaveDataDialog,libSceSaveDataDialog.native,FUNC,1,IMPLEMENTED_HLE,1,sceSaveDataDialogGetResult,src\SharpEmu.Libs\SaveData\SaveDataDialogExports.cs,sceSaveDataDialogGetResult,ALREADY_HLE
S1GkePI17zQ,libSceSaveData_native,libSceSaveData_native,FUNC,1,IMPLEMENTED_HLE,1,sceSaveDataDelete,src\SharpEmu.Libs\SaveData\SaveDataExports.cs,sceSaveDataDelete,ALREADY_HLE
fH46Lag88XY,libSceSaveDataDialog,libSceSaveDataDialog.native,FUNC,1,IMPLEMENTED_HLE,1,sceSaveDataDialogClose,src\SharpEmu.Libs\SaveData\SaveDataDialogExports.cs,sceSaveDataDialogClose,ALREADY_HLE
uW4vfTwMQVo,libSceSaveData_native,libSceSaveData_native,FUNC,1,IMPLEMENTED_HLE,1,sceSaveDataUmount2,src\SharpEmu.Libs\SaveData\SaveDataExports.cs,sceSaveDataUmount2,ALREADY_HLE
hay1CfTmLyA,libSceSaveDataDialog,libSceSaveDataDialog.native,FUNC,1,IMPLEMENTED_HLE,1,sceSaveDataDialogProgressBarSetValue,src\SharpEmu.Libs\SaveData\SaveDataDialogExports.cs,sceSaveDataDialogProgressBarSetValue,ALREADY_HLE
YuH2FA7azqQ,libSceSaveDataDialog,libSceSaveDataDialog.native,FUNC,1,IMPLEMENTED_HLE,1,sceSaveDataDialogTerminate,src\SharpEmu.Libs\SaveData\SaveDataDialogExports.cs,sceSaveDataDialogTerminate,ALREADY_HLE
lJUQuaKqoKY,libSceSaveData_native,libSceSaveData_native,FUNC,1,IMPLEMENTED_HLE,1,sceSaveDataDeleteTransactionResource,src\SharpEmu.Libs\SaveData\SaveDataExports.cs,sceSaveDataDeleteTransactionResource,ALREADY_HLE
ZP4e7rlzOUk,libSceSaveData_native,libSceSaveData_native,FUNC,1,IMPLEMENTED_HLE,1,sceSaveDataMount3,src\SharpEmu.Libs\SaveData\SaveDataExports.cs,sceSaveDataMount3,ALREADY_HLE
65VH0Qaaz6s,libSceSaveData_native,libSceSaveData_native,FUNC,1,IMPLEMENTED_HLE,1,sceSaveDataGetMountInfo,src\SharpEmu.Libs\SaveData\SaveDataExports.cs,sceSaveDataGetMountInfo,ALREADY_HLE
sDCBrmc61XU,libSceSaveData_native,libSceSaveData_native,FUNC,1,IMPLEMENTED_HLE,1,sceSaveDataPrepare,src\SharpEmu.Libs\SaveData\SaveDataExports.cs,sceSaveDataPrepare,ALREADY_HLE
c88Yy54Mx0w,libSceSaveData_native,libSceSaveData_native,FUNC,1,IMPLEMENTED_HLE,1,sceSaveDataSaveIcon,src\SharpEmu.Libs\SaveData\SaveDataExports.cs,sceSaveDataSaveIcon,ALREADY_HLE
85zul--eGXs,libSceSaveData_native,libSceSaveData_native,FUNC,1,IMPLEMENTED_HLE,1,sceSaveDataSetParam,src\SharpEmu.Libs\SaveData\SaveDataExports.cs,sceSaveDataSetParam,ALREADY_HLE
ie7qhZ4X0Cc,libSceSaveData_native,libSceSaveData_native,FUNC,1,IMPLEMENTED_HLE,1,sceSaveDataCommit,src\SharpEmu.Libs\SaveData\SaveDataExports.cs,sceSaveDataCommit,ALREADY_HLE
z1JA8-iJt3k,libSceSaveData_native,libSceSaveData_native,FUNC,1,NO_HLE_EXPORT,0,,,sceSaveDataBackup,HLE_CANDIDATE_VERIFY_AT_RUNTIME
EMutwaQ34Jo,libc,libc,FUNC,1,IMPLEMENTED_HLE,1,perror,src\SharpEmu.Libs\Kernel\KernelExports.cs,perror,ALREADY_HLE
TywrFKCoLGY,libSceSaveData_native,libSceSaveData_native,FUNC,1,IMPLEMENTED_HLE,1,sceSaveDataInitialize3,src\SharpEmu.Libs\SaveData\SaveDataExports.cs,sceSaveDataInitialize3,ALREADY_HLE
yKDy8S5yLA0,libSceSaveData_native,libSceSaveData_native,FUNC,1,IMPLEMENTED_HLE,1,sceSaveDataTerminate,src\SharpEmu.Libs\SaveData\SaveDataExports.cs,sceSaveDataTerminate,ALREADY_HLE
ERKzksauAJA,libSceSaveDataDialog,libSceSaveDataDialog.native,FUNC,1,IMPLEMENTED_HLE,1,sceSaveDataDialogGetStatus,src\SharpEmu.Libs\SaveData\SaveDataDialogExports.cs,sceSaveDataDialogGetStatus,ALREADY_HLE
NesIgTmfF0Q,libc,libc,FUNC,1,NO_HLE_EXPORT,0,,,bsearch,NATIVE_PRX_OR_DATA_VERIFY_AT_RUNTIME
C4UgDHHPvdw,libSceNet,libSceNet,FUNC,1,IMPLEMENTED_HLE,1,sceNetResolverCreate,src\SharpEmu.Libs\Network\NetExports.cs,sceNetResolverCreate,ALREADY_HLE
Nd91WaWmG2w,libSceNet,libSceNet,FUNC,1,NO_HLE_EXPORT,0,,,sceNetResolverStartNtoa,HLE_CANDIDATE_VERIFY_AT_RUNTIME
Apb4YDxKsRI,libSceNet,libSceNet,FUNC,1,NO_HLE_EXPORT,0,,,sceNetResolverStartAton,HLE_CANDIDATE_VERIFY_AT_RUNTIME
kJlYH5uMAWI,libSceNet,libSceNet,FUNC,1,IMPLEMENTED_HLE,1,sceNetResolverDestroy,src\SharpEmu.Libs\Network\NetExports.cs,sceNetResolverDestroy,ALREADY_HLE
YQ0navp+YIc,libc,libc,FUNC,1,NO_HLE_EXPORT,0,,,puts,NATIVE_PRX_OR_DATA_VERIFY_AT_RUNTIME
-P6FNMzk2Kc,libc,libc,FUNC,1,IMPLEMENTED_HLE,1,cosf,src\SharpEmu.Libs\LibcCompat\LibcMathCompilerRuntimeExports.cs,cosf,ALREADY_HLE
HUbZmOnT-Dg,libc,libc,FUNC,1,IMPLEMENTED_HLE,1,atan2,src\SharpEmu.Libs\LibcCompat\LibcMathCompilerRuntimeExports.cs,atan2,ALREADY_HLE
jMB7EFyu30Y,libc,libc,FUNC,1,IMPLEMENTED_HLE,1,sincos,src\SharpEmu.Libs\LibcCompat\RuntimePosixRemainingExportsV54.cs,sincos,ALREADY_HLE
D-CzAxQL0XI,libSceUserService,libSceUserServicePlatformPrivacyWs1,FUNC,1,IMPLEMENTED_HLE,1,sceUserServiceGetPlatformPrivacySetting,src\SharpEmu.Libs\UserService\UserServiceExports.cs,,ALREADY_HLE
uoUpLGNkygk,libSceCommonDialog,libSceCommonDialog,FUNC,1,IMPLEMENTED_HLE,1,sceCommonDialogInitialize,src\SharpEmu.Libs\CommonDialog\CommonDialogExports.cs,sceCommonDialogInitialize,ALREADY_HLE
1xxcMiGu2fo,libSceUserService,libSceUserService,FUNC,1,IMPLEMENTED_HLE,1,sceUserServiceGetUserName,src\SharpEmu.Libs\UserService\UserServiceExports.cs,sceUserServiceGetUserName,ALREADY_HLE
BQ3tey0JmQM,libSceCommonDialog,libSceCommonDialog,FUNC,1,IMPLEMENTED_HLE,1,sceCommonDialogIsUsed,src\SharpEmu.Libs\CommonDialog\CommonDialogExports.cs,sceCommonDialogIsUsed,ALREADY_HLE
1n37q1Bvc5Y,libSceSystemService,libSceSystemService,FUNC,1,IMPLEMENTED_HLE,1,sceSystemServiceGetDisplaySafeAreaInfo,src\SharpEmu.Libs\SystemService\SystemServiceExports.cs,sceSystemServiceGetDisplaySafeAreaInfo,ALREADY_HLE
HuViW4HnrOw,libSceVideoOut,libSceVideoOut,FUNC,1,NO_HLE_EXPORT,0,,,sceVideoOutSubmitChangeBufferAttribute2,HLE_CANDIDATE_VERIFY_AT_RUNTIME
U46NwOiJpys,libSceVideoOut,libSceVideoOut,FUNC,1,IMPLEMENTED_HLE,1,sceVideoOutSubmitFlip,src\SharpEmu.Libs\VideoOut\VideoOutExports.cs,sceVideoOutSubmitFlip,ALREADY_HLE
zgXifHT9ErY,libSceVideoOut,libSceVideoOut,FUNC,1,IMPLEMENTED_HLE,1,sceVideoOutIsFlipPending,src\SharpEmu.Libs\VideoOut\VideoOutExports.cs,sceVideoOutIsFlipPending,ALREADY_HLE
j6RaAUlaLv0,libSceVideoOut,libSceVideoOut,FUNC,1,IMPLEMENTED_HLE,1,sceVideoOutWaitVblank,src\SharpEmu.Libs\VideoOut\VideoOutExports.cs,sceVideoOutWaitVblank,ALREADY_HLE
PjS5uASwcV8,libSceVideoOut,libSceVideoOut,FUNC,1,IMPLEMENTED_HLE,1,sceVideoOutSetBufferAttribute2,src\SharpEmu.Libs\VideoOut\VideoOutExports.cs,sceVideoOutSetBufferAttribute2,ALREADY_HLE
N5KDtkIjjJ4,libSceVideoOut,libSceVideoOut,FUNC,1,IMPLEMENTED_HLE,1,sceVideoOutUnregisterBuffers,src\SharpEmu.Libs\VideoOut\VideoOutExports.cs,sceVideoOutUnregisterBuffers,ALREADY_HLE
rKBUtgRrtbk,libSceVideoOut,libSceVideoOut,FUNC,1,IMPLEMENTED_HLE,1,sceVideoOutRegisterBuffers2,src\SharpEmu.Libs\VideoOut\VideoOutExports.cs,sceVideoOutRegisterBuffers2,ALREADY_HLE
utPrVdxio-8,libSceVideoOut,libSceVideoOut,FUNC,1,IMPLEMENTED_HLE,1,sceVideoOutGetOutputStatus,src\SharpEmu.Libs\VideoOut\VideoOutExports.cs,sceVideoOutGetOutputStatus,ALREADY_HLE
Up36PTk687E,libSceVideoOut,libSceVideoOut,FUNC,1,IMPLEMENTED_HLE,1,sceVideoOutOpen,src\SharpEmu.Libs\VideoOut\VideoOutExports.cs,sceVideoOutOpen,ALREADY_HLE
DYhhWbJSeRg,libSceVideoOut,libSceVideoOut,FUNC,1,IMPLEMENTED_HLE,1,sceVideoOutColorSettingsSetGamma_,src\SharpEmu.Libs\VideoOut\VideoOutExports.cs,sceVideoOutColorSettingsSetGamma_,ALREADY_HLE
pv9CI5VC+R0,libSceVideoOut,libSceVideoOut,FUNC,1,IMPLEMENTED_HLE,1,sceVideoOutAdjustColor_,src\SharpEmu.Libs\VideoOut\VideoOutExports.cs,sceVideoOutAdjustColor_,ALREADY_HLE
CBiu4mCE1DA,libSceVideoOut,libSceVideoOut,FUNC,1,IMPLEMENTED_HLE,1,sceVideoOutSetFlipRate,src\SharpEmu.Libs\VideoOut\VideoOutExports.cs,sceVideoOutSetFlipRate,ALREADY_HLE
MTxxrOCeSig,libSceVideoOut,libSceVideoOut,FUNC,1,IMPLEMENTED_HLE,1,sceVideoOutSetWindowModeMargins,src\SharpEmu.Libs\VideoOut\VideoOutExports.cs,sceVideoOutSetWindowModeMargins,ALREADY_HLE
uquVH4-Du78,libSceVideoOut,libSceVideoOut,FUNC,1,IMPLEMENTED_HLE,1,sceVideoOutClose,src\SharpEmu.Libs\VideoOut\VideoOutExports.cs,sceVideoOutClose,ALREADY_HLE
9030RnBDoh4,libScePngEnc,libScePngEnc,FUNC,1,NO_HLE_EXPORT,0,,,scePngEncQueryMemorySize,HLE_CANDIDATE_VERIFY_AT_RUNTIME
7aGTPfrqT9s,libScePngEnc,libScePngEnc,FUNC,1,NO_HLE_EXPORT,0,,,scePngEncCreate,HLE_CANDIDATE_VERIFY_AT_RUNTIME
xgDjJKpcyHo,libScePngEnc,libScePngEnc,FUNC,1,NO_HLE_EXPORT,0,,,scePngEncEncode,HLE_CANDIDATE_VERIFY_AT_RUNTIME
RUrWdwTWZy8,libScePngEnc,libScePngEnc,FUNC,1,NO_HLE_EXPORT,0,,,scePngEncDelete,HLE_CANDIDATE_VERIFY_AT_RUNTIME
o6ZgXfFdWXQ,libSceJpegEnc,libSceJpegEnc,FUNC,1,NO_HLE_EXPORT,0,,,sceJpegEncQueryMemorySize,HLE_CANDIDATE_VERIFY_AT_RUNTIME
K+rocojkr-I,libSceJpegEnc,libSceJpegEnc,FUNC,1,NO_HLE_EXPORT,0,,,sceJpegEncCreate,HLE_CANDIDATE_VERIFY_AT_RUNTIME
QbrU0cUghEM,libSceJpegEnc,libSceJpegEnc,FUNC,1,NO_HLE_EXPORT,0,,,sceJpegEncEncode,HLE_CANDIDATE_VERIFY_AT_RUNTIME
j1LyMdaM+C0,libSceJpegEnc,libSceJpegEnc,FUNC,1,NO_HLE_EXPORT,0,,,sceJpegEncDelete,HLE_CANDIDATE_VERIFY_AT_RUNTIME
hsi9drzHR2k,libc,libc,FUNC,1,IMPLEMENTED_HLE,1,log2f,src\SharpEmu.Libs\LibcCompat\LibcMathCompilerRuntimeExports.cs,log2f,ALREADY_HLE
14bOACANTBo,libkernel,libkernel,FUNC,1,IMPLEMENTED_HLE,1,scePthreadOnce,src\SharpEmu.Libs\Kernel\KernelPthreadCompatExports.cs,scePthreadOnce,ALREADY_HLE
+qitMEbkSWk,libc,libc,FUNC,1,NO_HLE_EXPORT,0,,,vsprintf_s,NATIVE_PRX_OR_DATA_VERIFY_AT_RUNTIME
wuAQt-j+p4o,libc,libc,FUNC,1,IMPLEMENTED_HLE,1,exp2f,src\SharpEmu.Libs\LibcCompat\LibcMathCompilerRuntimeExports.cs,exp2f,ALREADY_HLE
xENtRue8dpI,libc,libc,FUNC,1,IMPLEMENTED_HLE,1,strtof,src\SharpEmu.Libs\LibcCompat\LibcRuntimeExpansionV46Exports.cs,strtof,ALREADY_HLE
B+vc2AO2Zrc,libkernel,libkernel,FUNC,1,IMPLEMENTED_HLE,1,sceKernelAllocateMainDirectMemory,src\SharpEmu.Libs\Kernel\KernelMemoryCompatExports.cs,sceKernelAllocateMainDirectMemory,ALREADY_HLE
MBuItvba6z8,libkernel,libkernel,FUNC,1,IMPLEMENTED_HLE,1,sceKernelReleaseDirectMemory,src\SharpEmu.Libs\Kernel\KernelMemoryCompatExports.cs,sceKernelReleaseDirectMemory,ALREADY_HLE
Qoo175Ig+-k,libc,libc,OBJECT,1,NO_HLE_EXPORT,0,,,_ZSt21_sceLibcClassicLocale,NATIVE_PRX_OR_DATA_VERIFY_AT_RUNTIME
P8F2oavZXtY,libc,libc,FUNC,1,NO_HLE_EXPORT,0,,,_ZNSt8ios_baseD2Ev,NATIVE_PRX_OR_DATA_VERIFY_AT_RUNTIME
Cv+zC4EjGMA,libc,libc,OBJECT,1,NO_HLE_EXPORT,0,,,_ZNSt5ctypeIcE2idE,NATIVE_PRX_OR_DATA_VERIFY_AT_RUNTIME
sUP1hBaouOw,libc,libc,FUNC,1,IMPLEMENTED_HLE,1,_Getpctype,src\SharpEmu.Libs\LibcStdioExports.cs,_Getpctype,ALREADY_HLE
QW2jL1J5rwY,libc,libc,FUNC,1,NO_HLE_EXPORT,0,,,_ZNSt6locale5facet9_RegisterEv,NATIVE_PRX_OR_DATA_VERIFY_AT_RUNTIME
Av3zjWi64Kw,libc,libc,FUNC,1,NO_HLE_EXPORT,0,,,strftime,NATIVE_PRX_OR_DATA_VERIFY_AT_RUNTIME
0WMHDb5Dt94,libc,libc,FUNC,1,IMPLEMENTED_HLE,1,modf,src\SharpEmu.Libs\LibcCompat\LibcMemoryStringExports.cs,modf,ALREADY_HLE
hv1luiJrqQM,libScePad,libScePad,FUNC,1,IMPLEMENTED_HLE,1,scePadInit,src\SharpEmu.Libs\Pad\PadExports.cs,scePadInit,ALREADY_HLE
3pcAvmwKCvM,libSceSystemGesture,libSceSystemGesture,FUNC,1,IMPLEMENTED_HLE,1,sceSystemGestureInitializePrimitiveTouchRecognizer,src\SharpEmu.Libs\SystemGesture\SystemGestureExports.cs,sceSystemGestureInitializePrimitiveTouchRecognizer,ALREADY_HLE
fPhymKNvK-A,libSceUserService,libSceUserService,FUNC,1,IMPLEMENTED_HLE,1,sceUserServiceGetLoginUserIdList,src\SharpEmu.Libs\UserService\UserServiceExports.cs,sceUserServiceGetLoginUserIdList,ALREADY_HLE
PMVehSlfZ94,libSceIme,libSceIme,FUNC,1,NO_HLE_EXPORT,0,,,sceImeKeyboardClose,HLE_CANDIDATE_VERIFY_AT_RUNTIME
3QYCmMlOlCY,libSceSystemGesture,libSceSystemGesture,FUNC,1,NO_HLE_EXPORT,0,,,sceSystemGestureFinalizePrimitiveTouchRecognizer,HLE_CANDIDATE_VERIFY_AT_RUNTIME
-4GCfYdNF1s,libSceIme,libSceIme,FUNC,1,IMPLEMENTED_HLE,1,sceImeUpdate,src\SharpEmu.Libs\Ime\ImeExports.cs,sceImeUpdate,ALREADY_HLE
eaFXjfJv3xs,libSceIme,libSceIme,FUNC,1,IMPLEMENTED_HLE,1,sceImeKeyboardOpen,src\SharpEmu.Libs\Ime\ImeExports.cs,sceImeKeyboardOpen,ALREADY_HLE
xk0AcarP3V4,libScePad,libScePad,FUNC,1,IMPLEMENTED_HLE,1,scePadOpen,src\SharpEmu.Libs\Pad\PadExports.cs,scePadOpen,ALREADY_HLE
qpo-mEOwje0,libSceSystemGesture,libSceSystemGesture,FUNC,1,IMPLEMENTED_HLE,1,sceSystemGestureOpen,src\SharpEmu.Libs\SystemGesture\SystemGestureExports.cs,sceSystemGestureOpen,ALREADY_HLE
FWF8zkhr854,libSceSystemGesture,libSceSystemGesture,FUNC,1,IMPLEMENTED_HLE,1,sceSystemGestureCreateTouchRecognizer,src\SharpEmu.Libs\SystemGesture\SystemGestureExports.cs,sceSystemGestureCreateTouchRecognizer,ALREADY_HLE
6ncge5+l5Qs,libScePad,libScePad,FUNC,1,IMPLEMENTED_HLE,1,scePadClose,src\SharpEmu.Libs\Pad\PadExports.cs,scePadClose,ALREADY_HLE
j4yXIA2jJ68,libSceSystemGesture,libSceSystemGesture,FUNC,1,NO_HLE_EXPORT,0,,,sceSystemGestureClose,HLE_CANDIDATE_VERIFY_AT_RUNTIME
clVvL4ZDntw,libScePad,libScePad,FUNC,1,IMPLEMENTED_HLE,1,scePadSetMotionSensorState,src\SharpEmu.Libs\Pad\PadExports.cs,scePadSetMotionSensorState,ALREADY_HLE
yFVnOdGxvZY,libScePad,libScePad,FUNC,1,IMPLEMENTED_HLE,1,scePadSetVibration,src\SharpEmu.Libs\Pad\PadExports.cs,scePadSetVibration,ALREADY_HLE
RR4novUEENY,libScePad,libScePad,FUNC,1,IMPLEMENTED_HLE,1,scePadSetLightBar,src\SharpEmu.Libs\Pad\PadExports.cs,scePadSetLightBar,ALREADY_HLE
2JgFB2n9oUM,libScePad,libScePad,FUNC,1,IMPLEMENTED_HLE,1,scePadSetTriggerEffect,src\SharpEmu.Libs\Pad\PadExports.cs,scePadSetTriggerEffect,ALREADY_HLE
q1cHNfGycLI,libScePad,libScePad,FUNC,1,IMPLEMENTED_HLE,1,scePadRead,src\SharpEmu.Libs\Pad\PadExports.cs,scePadRead,ALREADY_HLE
gjP9-KQzoUk,libScePad,libScePad,FUNC,1,IMPLEMENTED_HLE,1,scePadGetControllerInformation,src\SharpEmu.Libs\Pad\PadExports.cs,scePadGetControllerInformation,ALREADY_HLE
YndgXqQVV7c,libScePad,libScePad,FUNC,1,IMPLEMENTED_HLE,1,scePadReadState,src\SharpEmu.Libs\Pad\PadExports.cs,scePadReadState,ALREADY_HLE
GgFMb22sbbI,libSceSystemGesture,libSceSystemGesture,FUNC,1,IMPLEMENTED_HLE,1,sceSystemGestureUpdatePrimitiveTouchRecognizer,src\SharpEmu.Libs\SystemGesture\SystemGestureExports.cs,sceSystemGestureUpdatePrimitiveTouchRecognizer,ALREADY_HLE
j4h82CQWENo,libSceSystemGesture,libSceSystemGesture,FUNC,1,IMPLEMENTED_HLE,1,sceSystemGestureUpdateTouchRecognizer,src\SharpEmu.Libs\SystemGesture\SystemGestureExports.cs,sceSystemGestureUpdateTouchRecognizer,ALREADY_HLE
h8uongcBNVs,libSceSystemGesture,libSceSystemGesture,FUNC,1,IMPLEMENTED_HLE,1,sceSystemGestureGetTouchEventsCount,src\SharpEmu.Libs\SystemGesture\SystemGestureExports.cs,sceSystemGestureGetTouchEventsCount,ALREADY_HLE
TSKvgSz5ChU,libSceSystemGesture,libSceSystemGesture,FUNC,1,NO_HLE_EXPORT,0,,,sceSystemGestureGetTouchEventByIndex,HLE_CANDIDATE_VERIFY_AT_RUNTIME
uBPlr0lbuiI,libSceNetCtl,libSceNetCtl,FUNC,1,IMPLEMENTED_HLE,1,sceNetCtlGetState,src\SharpEmu.Libs\Network\NetCtlExports.cs,sceNetCtlGetState,ALREADY_HLE
Vo5V8KAwCmk,libSceSystemService,libSceSystemService,FUNC,1,IMPLEMENTED_HLE,1,sceSystemServiceHideSplashScreen,src\SharpEmu.Libs\SystemService\SystemServiceExports.cs,sceSystemServiceHideSplashScreen,ALREADY_HLE
aI+OeCz8xrQ,libkernel,libkernel,FUNC,1,IMPLEMENTED_HLE,1,scePthreadSelf,src\SharpEmu.Libs\Kernel\KernelPthreadCompatExports.cs,scePthreadSelf,ALREADY_HLE
YNzNkJzYqEg,libc,libc,FUNC,1,IMPLEMENTED_HLE,1,strncpy_s,src\SharpEmu.Libs\LibcCompat\LibcMemoryStringExports.cs,strncpy_s,ALREADY_HLE
xEszJVGpybs,libc,libc,FUNC,1,NO_HLE_EXPORT,0,,,sprintf_s,NATIVE_PRX_OR_DATA_VERIFY_AT_RUNTIME
lhpd6Wk6ccs,libc,libc,FUNC,1,IMPLEMENTED_HLE,1,log10f,src\SharpEmu.Libs\LibcCompat\LibcMathCompilerRuntimeExports.cs,log10f,ALREADY_HLE
WDpobjImAb4,libc,libc,FUNC,1,IMPLEMENTED_HLE,1,wcsstr,src\SharpEmu.Libs\LibcCompat\LibcMemoryStringExports.cs,wcsstr,ALREADY_HLE
x9uumWcxhXU,libc,libc,FUNC,1,IMPLEMENTED_HLE,1,wcsspn,src\SharpEmu.Libs\LibcCompat\LibcMemoryStringExports.cs,wcsspn,ALREADY_HLE
g3ShSirD50I,libc,libc,FUNC,1,IMPLEMENTED_HLE,1,wcsrchr,src\SharpEmu.Libs\LibcCompat\LibcMemoryStringExports.cs,wcsrchr,ALREADY_HLE
g+PZd2hiacg,libkernel,libkernel,FUNC,1,IMPLEMENTED_HLE,1,scePthreadCondDestroy,src\SharpEmu.Libs\Kernel\KernelPthreadCompatExports.cs,scePthreadCondDestroy,ALREADY_HLE
2Tb92quprl0,libkernel,libkernel,FUNC,1,IMPLEMENTED_HLE,1,scePthreadCondInit,src\SharpEmu.Libs\Kernel\KernelPthreadCompatExports.cs,scePthreadCondInit,ALREADY_HLE
kDh-NfxgMtE,libkernel,libkernel,FUNC,1,IMPLEMENTED_HLE,1,scePthreadCondSignal,src\SharpEmu.Libs\Kernel\KernelPthreadCompatExports.cs,scePthreadCondSignal,ALREADY_HLE
BmMjYxmew1w,libkernel,libkernel,FUNC,1,IMPLEMENTED_HLE,1,scePthreadCondTimedwait,src\SharpEmu.Libs\Kernel\KernelPthreadCompatExports.cs,scePthreadCondTimedwait,ALREADY_HLE
WKAXJ4XBPQ4,libkernel,libkernel,FUNC,1,IMPLEMENTED_HLE,1,scePthreadCondWait,src\SharpEmu.Libs\Kernel\KernelPthreadCompatExports.cs,scePthreadCondWait,ALREADY_HLE
IafI2PxcPnQ,libkernel,libkernel,FUNC,1,NO_HLE_EXPORT,0,,,scePthreadMutexTimedlock,HLE_CANDIDATE_VERIFY_AT_RUNTIME
BB+kb08Tl9A,libkernel,libkernel,FUNC,1,IMPLEMENTED_HLE,1,scePthreadRwlockDestroy,src\SharpEmu.Libs\Kernel\KernelPthreadExtendedCompatExports.cs,scePthreadRwlockDestroy,ALREADY_HLE
6ULAa0fq4jA,libkernel,libkernel,FUNC,1,IMPLEMENTED_HLE,1,scePthreadRwlockInit,src\SharpEmu.Libs\Kernel\KernelPthreadExtendedCompatExports.cs,scePthreadRwlockInit,ALREADY_HLE
adh--6nIqTk,libkernel,libkernel,FUNC,1,NO_HLE_EXPORT,0,,,scePthreadRwlockTimedwrlock,HLE_CANDIDATE_VERIFY_AT_RUNTIME
mqdNorrB+gI,libkernel,libkernel,FUNC,1,IMPLEMENTED_HLE,1,scePthreadRwlockWrlock,src\SharpEmu.Libs\Kernel\KernelPthreadExtendedCompatExports.cs,scePthreadRwlockWrlock,ALREADY_HLE
bIHoZCTomsI,libkernel,libkernel,FUNC,1,IMPLEMENTED_HLE,1,scePthreadRwlockTrywrlock,src\SharpEmu.Libs\Kernel\KernelPthreadV45Aliases.cs,scePthreadRwlockTrywrlock,ALREADY_HLE
+L98PIbGttk,libkernel,libkernel,FUNC,1,IMPLEMENTED_HLE,1,scePthreadRwlockUnlock,src\SharpEmu.Libs\Kernel\KernelPthreadExtendedCompatExports.cs,scePthreadRwlockUnlock,ALREADY_HLE
iPtZRWICjrM,libkernel,libkernel,FUNC,1,NO_HLE_EXPORT,0,,,scePthreadRwlockTimedrdlock,HLE_CANDIDATE_VERIFY_AT_RUNTIME
Ox9i0c7L5w0,libkernel,libkernel,FUNC,1,IMPLEMENTED_HLE,1,scePthreadRwlockRdlock,src\SharpEmu.Libs\Kernel\KernelPthreadExtendedCompatExports.cs,scePthreadRwlockRdlock,ALREADY_HLE
XD3mDeybCnk,libkernel,libkernel,FUNC,1,IMPLEMENTED_HLE,1,scePthreadRwlockTryrdlock,src\SharpEmu.Libs\Kernel\KernelPthreadV45Aliases.cs,scePthreadRwlockTryrdlock,ALREADY_HLE
3kg7rT0NQIs,libkernel,libkernel,FUNC,1,IMPLEMENTED_HLE,1,scePthreadExit,src\SharpEmu.Libs\Kernel\KernelExports.cs,scePthreadExit,ALREADY_HLE
4qGrR6eoP9Y,libkernel,libkernel,FUNC,1,IMPLEMENTED_HLE,1,scePthreadDetach,src\SharpEmu.Libs\Kernel\KernelPthreadExtendedCompatExports.cs,scePthreadDetach,ALREADY_HLE
1QJWxoB6pCo,libc,libc,FUNC,1,NO_HLE_EXPORT,0,,,fputwc,NATIVE_PRX_OR_DATA_VERIFY_AT_RUNTIME
-7nRJFXMxnM,libc,libc,FUNC,1,NO_HLE_EXPORT,0,,,fputws,NATIVE_PRX_OR_DATA_VERIFY_AT_RUNTIME
u0XOsuOmOzc,libc,libc,FUNC,1,IMPLEMENTED_HLE,1,vswprintf,src\SharpEmu.Libs\Kernel\KernelMemoryCompatExports.cs,vswprintf,ALREADY_HLE
R1Jvn8bSCW8,libkernel,libkernel,FUNC,1,IMPLEMENTED_HLE,1,sceKernelDeleteSema,src\SharpEmu.Libs\Kernel\KernelSemaphoreCompatExports.cs,sceKernelDeleteSema,ALREADY_HLE
188x57JYp0g,libkernel,libkernel,FUNC,1,IMPLEMENTED_HLE,1,sceKernelCreateSema,src\SharpEmu.Libs\Kernel\KernelSemaphoreCompatExports.cs,sceKernelCreateSema,ALREADY_HLE
4czppHBiriw,libkernel,libkernel,FUNC,1,IMPLEMENTED_HLE,1,sceKernelSignalSema,src\SharpEmu.Libs\Kernel\KernelSemaphoreCompatExports.cs,sceKernelSignalSema,ALREADY_HLE
Zxa0VhQVTsk,libkernel,libkernel,FUNC,1,IMPLEMENTED_HLE,1,sceKernelWaitSema,src\SharpEmu.Libs\Kernel\KernelSemaphoreCompatExports.cs,sceKernelWaitSema,ALREADY_HLE
12wOHk8ywb0,libkernel,libkernel,FUNC,1,IMPLEMENTED_HLE,1,sceKernelPollSema,src\SharpEmu.Libs\Kernel\KernelSemaphoreCompatExports.cs,sceKernelPollSema,ALREADY_HLE
O4L+0oCN9zA,libc,libc,FUNC,1,NO_HLE_EXPORT,0,,,_FSinh,NATIVE_PRX_OR_DATA_VERIFY_AT_RUNTIME
PdnFCFqKGqA,libc,libc,FUNC,1,NO_HLE_EXPORT,0,,,_FCosh,NATIVE_PRX_OR_DATA_VERIFY_AT_RUNTIME
SAd0Z3wKwLA,libc,libc,FUNC,1,IMPLEMENTED_HLE,1,tanhf,src\SharpEmu.Libs\LibcCompat\LibcMathCompilerRuntimeExports.cs,tanhf,ALREADY_HLE
kn0yiYeExgA,libc,libc,FUNC,1,IMPLEMENTED_HLE,1,ldexpf,src\SharpEmu.Libs\LibcCompat\LibcMemoryStringExports.cs,ldexpf,ALREADY_HLE
aaDMGGkXFxo,libc,libc,FUNC,1,IMPLEMENTED_HLE,1,frexpf,src\SharpEmu.Libs\LibcCompat\LibcMemoryStringExports.cs,frexpf,ALREADY_HLE
TVfbf1sXt0A,libc,libc,OBJECT,1,NO_HLE_EXPORT,0,,,_ZSt4cerr,NATIVE_PRX_OR_DATA_VERIFY_AT_RUNTIME
CvJ3HUPlMIY,libc,libc,OBJECT,1,NO_HLE_EXPORT,0,,,_ZSt5wcerr,NATIVE_PRX_OR_DATA_VERIFY_AT_RUNTIME
2WVBaSdGIds,libc,libc,OBJECT,1,NO_HLE_EXPORT,0,,,_ZSt3cin,NATIVE_PRX_OR_DATA_VERIFY_AT_RUNTIME
2bASh0rEeXI,libc,libc,OBJECT,1,NO_HLE_EXPORT,0,,,_ZSt4wcin,NATIVE_PRX_OR_DATA_VERIFY_AT_RUNTIME
d-YRIvO0jXI,libc,libc,OBJECT,1,NO_HLE_EXPORT,0,,,_ZSt5wcout,NATIVE_PRX_OR_DATA_VERIFY_AT_RUNTIME
u1GRHp+oWoY,libScePad,libScePad,FUNC,1,IMPLEMENTED_HLE,1,scePadGetHandle,src\SharpEmu.Libs\Pad\PadExports.cs,scePadGetHandle,ALREADY_HLE
fgxnMeTNUtY,libkernel,libkernel,FUNC,1,IMPLEMENTED_HLE,1,sceKernelGetProcessTimeCounter,src\SharpEmu.Libs\Kernel\KernelRuntimeCompatExports.cs,sceKernelGetProcessTimeCounter,ALREADY_HLE
BNowx2l588E,libkernel,libkernel,FUNC,1,IMPLEMENTED_HLE,1,sceKernelGetProcessTimeCounterFrequency,src\SharpEmu.Libs\Kernel\KernelRuntimeCompatExports.cs,sceKernelGetProcessTimeCounterFrequency,ALREADY_HLE
GMpvxPFW924,libc,libc,FUNC,1,IMPLEMENTED_HLE,1,vprintf,src\SharpEmu.Libs\Kernel\KernelMemoryCompatExports.cs,vprintf,ALREADY_HLE
GfxAp9Xyiqs,libc,libc,FUNC,1,IMPLEMENTED_HLE,1,__isnan,src\SharpEmu.Libs\LibcCompat\RuntimePosixRemainingExportsV54.cs,__isnan,ALREADY_HLE
7SXNu+0KBYQ,libc,libc,FUNC,1,NO_HLE_EXPORT,0,,,wcstof,NATIVE_PRX_OR_DATA_VERIFY_AT_RUNTIME
7-a7sBHeUQ8,libc,libc,FUNC,1,NO_HLE_EXPORT,0,,,wcstod,NATIVE_PRX_OR_DATA_VERIFY_AT_RUNTIME
ejekcaNQNq0,libkernel,libkernel,FUNC,1,IMPLEMENTED_HLE,1,sceKernelGettimeofday,src\SharpEmu.Libs\Kernel\KernelRuntimeCompatExports.cs,sceKernelGettimeofday,ALREADY_HLE
gjbmYpP-XJQ,libc,libc,FUNC,1,NO_HLE_EXPORT,0,,,strcoll,NATIVE_PRX_OR_DATA_VERIFY_AT_RUNTIME
RIa6GnWp+iU,libc,libc,FUNC,1,NO_HLE_EXPORT,0,,,strerror,NATIVE_PRX_OR_DATA_VERIFY_AT_RUNTIME
H8AprKeZtNg,libc,libc,OBJECT,1,NO_HLE_EXPORT,0,,,_Stderr,NATIVE_PRX_OR_DATA_VERIFY_AT_RUNTIME
fffwELXNVFA,libc,libc,FUNC,1,IMPLEMENTED_HLE,1,fprintf,src\SharpEmu.Libs\LibcStdioExports.cs,fprintf,ALREADY_HLE
aZK8lNei-Qw,libc,libc,FUNC,1,IMPLEMENTED_HLE,1,fputc,src\SharpEmu.Libs\LibcStdioExports.cs,fputc,ALREADY_HLE
1TDo-ImqkJc,libc,libc,OBJECT,1,NO_HLE_EXPORT,0,,,_Stdin,NATIVE_PRX_OR_DATA_VERIFY_AT_RUNTIME
KdP-nULpuGw,libc,libc,FUNC,1,IMPLEMENTED_HLE,1,fgets,src\SharpEmu.Libs\LibcStdioExports.cs,fgets,ALREADY_HLE
QZP6I9ZZxpE,libc,libc,FUNC,1,NO_HLE_EXPORT,0,,,clock,NATIVE_PRX_OR_DATA_VERIFY_AT_RUNTIME
1mecP7RgI2A,libc,libc,FUNC,1,NO_HLE_EXPORT,0,,,gmtime,NATIVE_PRX_OR_DATA_VERIFY_AT_RUNTIME
-VVn74ZyhEs,libc,libc,FUNC,1,IMPLEMENTED_HLE,1,difftime,src\SharpEmu.Libs\LibcCompat\RuntimePosixRemainingExportsV54.cs,difftime,ALREADY_HLE
MZO7FXyAPU8,libc,libc,FUNC,1,NO_HLE_EXPORT,0,,,remove,NATIVE_PRX_OR_DATA_VERIFY_AT_RUNTIME
NN01qLRhiqU,libkernel,libScePosix,FUNC,1,NO_HLE_EXPORT,0,,,rename,HLE_CANDIDATE_VERIFY_AT_RUNTIME
PtsB1Q9wsFA,libc,libc,FUNC,1,NO_HLE_EXPORT,0,,,setlocale,NATIVE_PRX_OR_DATA_VERIFY_AT_RUNTIME
MUjC4lbHrK4,libc,libc,FUNC,1,IMPLEMENTED_HLE,1,fflush,src\SharpEmu.Libs\LibcStdioExports.cs,fflush,ALREADY_HLE
8Q60JLJ6Rv4,libc,libc,FUNC,1,IMPLEMENTED_HLE,1,getc,src\SharpEmu.Libs\LibcStdioExports.cs,getc,ALREADY_HLE
-LFO7jhD5CE,libc,libc,FUNC,1,NO_HLE_EXPORT,0,,,ungetc,NATIVE_PRX_OR_DATA_VERIFY_AT_RUNTIME
npLpPTaSuHg,libc,libc,FUNC,1,NO_HLE_EXPORT,0,,,fscanf,NATIVE_PRX_OR_DATA_VERIFY_AT_RUNTIME
H8ya2H00jbI,libc,libc,FUNC,1,IMPLEMENTED_HLE,1,sin,src\SharpEmu.Libs\LibcCompat\LibcMathCompilerRuntimeExports.cs,sin,ALREADY_HLE
2WE3BTYVwKM,libc,libc,FUNC,1,IMPLEMENTED_HLE,1,cos,src\SharpEmu.Libs\LibcCompat\LibcMathCompilerRuntimeExports.cs,cos,ALREADY_HLE
T7uyNqP7vQA,libc,libc,FUNC,1,IMPLEMENTED_HLE,1,tan,src\SharpEmu.Libs\LibcCompat\LibcMathCompilerRuntimeExports.cs,tan,ALREADY_HLE
7Ly52zaL44Q,libc,libc,FUNC,1,IMPLEMENTED_HLE,1,asin,src\SharpEmu.Libs\LibcCompat\LibcMathCompilerRuntimeExports.cs,asin,ALREADY_HLE
JBcgYuW8lPU,libc,libc,FUNC,1,IMPLEMENTED_HLE,1,acos,src\SharpEmu.Libs\LibcCompat\LibcMathCompilerRuntimeExports.cs,acos,ALREADY_HLE
OXmauLdQ8kY,libc,libc,FUNC,1,IMPLEMENTED_HLE,1,atan,src\SharpEmu.Libs\LibcCompat\LibcMathCompilerRuntimeExports.cs,atan,ALREADY_HLE
kA-TdiOCsaY,libc,libc,FUNC,1,IMPLEMENTED_HLE,1,frexp,src\SharpEmu.Libs\LibcCompat\LibcMemoryStringExports.cs,frexp,ALREADY_HLE
JrwFIMzKNr0,libc,libc,FUNC,1,IMPLEMENTED_HLE,1,ldexp,src\SharpEmu.Libs\LibcCompat\LibcMemoryStringExports.cs,ldexp,ALREADY_HLE
rtV7-jWC6Yg,libc,libc,FUNC,1,IMPLEMENTED_HLE,1,log,src\SharpEmu.Libs\LibcCompat\LibcMathCompilerRuntimeExports.cs,log,ALREADY_HLE
WuMbPBKN1TU,libc,libc,FUNC,1,IMPLEMENTED_HLE,1,log10,src\SharpEmu.Libs\LibcCompat\LibcMathCompilerRuntimeExports.cs,log10,ALREADY_HLE
NVadfnzQhHQ,libc,libc,FUNC,1,IMPLEMENTED_HLE,1,exp,src\SharpEmu.Libs\LibcCompat\LibcMathCompilerRuntimeExports.cs,exp,ALREADY_HLE
VPbJwTCgME0,libc,libc,FUNC,1,NO_HLE_EXPORT,0,,,srand,NATIVE_PRX_OR_DATA_VERIFY_AT_RUNTIME
8u8lPzUEq+U,libc,libc,FUNC,1,IMPLEMENTED_HLE,1,memchr,src\SharpEmu.Libs\Kernel\KernelMemoryCompatExports.cs,memchr,ALREADY_HLE
kDZvoVssCgQ,libc,libc,FUNC,1,IMPLEMENTED_HLE,1,strpbrk,src\SharpEmu.Libs\LibcCompat\LibcMemoryStringExports.cs,strpbrk,ALREADY_HLE
DfivPArhucg,libc,libc,FUNC,1,IMPLEMENTED_HLE,1,memcmp,src\SharpEmu.Libs\Kernel\KernelMemoryCompatExports.cs,memcmp,ALREADY_HLE
34nH7v2xvNQ,libc,libc,FUNC,1,NO_HLE_EXPORT,0,,,wcstoll,NATIVE_PRX_OR_DATA_VERIFY_AT_RUNTIME
P6piso307SE,libSceNpManager,libSceNpManager,FUNC,1,NO_HLE_EXPORT,0,,,sceNpNotifyPremiumFeature,HLE_CANDIDATE_VERIFY_AT_RUNTIME
3Zl8BePTh9Y,libSceNpManager,libSceNpManager,FUNC,1,IMPLEMENTED_HLE,1,sceNpCheckCallback,src\SharpEmu.Libs\Np\NpManagerExports.cs,sceNpCheckCallback,ALREADY_HLE
fIATVMo4Y1w,libSceNpWebApi2,libSceNpWebApi2,FUNC,1,NO_HLE_EXPORT,0,,,sceNpWebApi2PushEventDeleteHandle,HLE_CANDIDATE_VERIFY_AT_RUNTIME
WV1GwM32NgY,libSceNpWebApi2,libSceNpWebApi2,FUNC,1,IMPLEMENTED_HLE,1,sceNpWebApi2PushEventCreateHandle,src\SharpEmu.Libs\Np\NpWebApi2Exports.cs,sceNpWebApi2PushEventCreateHandle,ALREADY_HLE
ysmw6J-P8Ak,libSceNpSessionSignaling,libSceNpSessionSignaling,FUNC,1,IMPLEMENTED_HLE,1,sceNpSessionSignalingInitialize,src\SharpEmu.Libs\Np\NpSessionSignalingExports.cs,sceNpSessionSignalingInitialize,ALREADY_HLE
CqJuNXo5yiM,libSceNpSessionSignaling,libSceNpSessionSignaling,FUNC,1,NO_HLE_EXPORT,0,,,sceNpSessionSignalingTerminate,HLE_CANDIDATE_VERIFY_AT_RUNTIME
aBuX0PX-T7I,libSceNpSessionSignaling,libSceNpSessionSignaling,FUNC,1,NO_HLE_EXPORT,0,,,sceNpSessionSignalingCreateContext2,HLE_CANDIDATE_VERIFY_AT_RUNTIME
yJw2m6UWDYU,libSceNpSessionSignaling,libSceNpSessionSignaling,FUNC,1,NO_HLE_EXPORT,0,,,sceNpSessionSignalingGetConnectionInfo,HLE_CANDIDATE_VERIFY_AT_RUNTIME
Z9Q9LzQDXf0,libSceNpSessionSignaling,libSceNpSessionSignaling,FUNC,1,NO_HLE_EXPORT,0,,,sceNpSessionSignalingDestroyContext,HLE_CANDIDATE_VERIFY_AT_RUNTIME
p+zLIOg27zU,libSceFiber,libSceFiber,FUNC,1,IMPLEMENTED_HLE,1,sceFiberGetSelf,src\SharpEmu.Libs\Fiber\FiberExports.cs,sceFiberGetSelf,ALREADY_HLE
3PtV6p3QNX4,libkernel,libkernel,FUNC,1,IMPLEMENTED_HLE,1,scePthreadEqual,src\SharpEmu.Libs\Kernel\KernelPthreadCompatExports.cs,scePthreadEqual,ALREADY_HLE
How7B8Oet6k,libkernel,libkernel,FUNC,1,IMPLEMENTED_HLE,1,scePthreadGetname,src\SharpEmu.Libs\Kernel\KernelPthreadExtendedCompatExports.cs,scePthreadGetname,ALREADY_HLE
cQkBH-pXhF0,libSceNpSessionSignaling,libSceNpSessionSignaling,FUNC,1,NO_HLE_EXPORT,0,,,sceNpSessionSignalingDeactivate,HLE_CANDIDATE_VERIFY_AT_RUNTIME
r4XacqHvkn4,libSceNpSessionSignaling,libSceNpSessionSignaling,FUNC,1,NO_HLE_EXPORT,0,,,sceNpSessionSignalingActivateSession,HLE_CANDIDATE_VERIFY_AT_RUNTIME
3EI-OSJ65Xc,libSceNpWebApi2,libSceNpWebApi2,FUNC,1,NO_HLE_EXPORT,0,,,sceNpWebApi2CreateRequest,HLE_CANDIDATE_VERIFY_AT_RUNTIME
egOOvrnF6mI,libSceNpWebApi2,libSceNpWebApi2,FUNC,1,NO_HLE_EXPORT,0,,,sceNpWebApi2AddHttpRequestHeader,HLE_CANDIDATE_VERIFY_AT_RUNTIME
lQOCF84lvzw,libSceNpWebApi2,libSceNpWebApi2,FUNC,1,NO_HLE_EXPORT,0,,,sceNpWebApi2SendRequest,HLE_CANDIDATE_VERIFY_AT_RUNTIME
vvzWO-DvG1s,libSceNpWebApi2,libSceNpWebApi2,FUNC,1,NO_HLE_EXPORT,0,,,sceNpWebApi2DeleteRequest,HLE_CANDIDATE_VERIFY_AT_RUNTIME
OOY9+ObfKec,libSceNpWebApi2,libSceNpWebApi2,FUNC,1,NO_HLE_EXPORT,0,,,sceNpWebApi2ReadData,HLE_CANDIDATE_VERIFY_AT_RUNTIME
MsaFhR+lPE4,libSceNpWebApi2,libSceNpWebApi2,FUNC,1,IMPLEMENTED_HLE,1,sceNpWebApi2PushEventCreateFilter,src\SharpEmu.Libs\Np\NpWebApi2Exports.cs,sceNpWebApi2PushEventCreateFilter,ALREADY_HLE
fY3QqeNkF8k,libSceNpWebApi2,libSceNpWebApi2,FUNC,1,NO_HLE_EXPORT,0,,,sceNpWebApi2PushEventRegisterCallback,HLE_CANDIDATE_VERIFY_AT_RUNTIME
KJdPcOGmK58,libSceNpWebApi2,libSceNpWebApi2,FUNC,1,NO_HLE_EXPORT,0,,,sceNpWebApi2PushEventDeleteFilter,HLE_CANDIDATE_VERIFY_AT_RUNTIME
hOnIlcGrO6g,libSceNpWebApi2,libSceNpWebApi2,FUNC,1,NO_HLE_EXPORT,0,,,sceNpWebApi2PushEventUnregisterCallback,HLE_CANDIDATE_VERIFY_AT_RUNTIME
lxtHJMwBsaU,libSceNpWebApi2,libSceNpWebApi2,FUNC,1,NO_HLE_EXPORT,0,,,sceNpWebApi2PushEventRegisterPushContextCallback,HLE_CANDIDATE_VERIFY_AT_RUNTIME
PmyrbbJSFz0,libSceNpWebApi2,libSceNpWebApi2,FUNC,1,NO_HLE_EXPORT,0,,,sceNpWebApi2PushEventUnregisterPushContextCallback,HLE_CANDIDATE_VERIFY_AT_RUNTIME
NNVf18SlbT8,libSceNpWebApi2,libSceNpWebApi2,FUNC,1,NO_HLE_EXPORT,0,,,sceNpWebApi2PushEventCreatePushContext,HLE_CANDIDATE_VERIFY_AT_RUNTIME
AAj9X+4aGYA,libSceNpWebApi2,libSceNpWebApi2,FUNC,1,NO_HLE_EXPORT,0,,,sceNpWebApi2PushEventStartPushContextCallback,HLE_CANDIDATE_VERIFY_AT_RUNTIME
QafxeZM3WK4,libSceNpWebApi2,libSceNpWebApi2,FUNC,1,NO_HLE_EXPORT,0,,,sceNpWebApi2PushEventDeletePushContext,HLE_CANDIDATE_VERIFY_AT_RUNTIME
5jRCs2axtr4,libkernel,libScePosix,FUNC,1,IMPLEMENTED_HLE,1,inet_ntop,src\SharpEmu.Libs\Network\NetExports.cs,inet_ntop,ALREADY_HLE
4n51s0zEf0c,libkernel,libScePosix,FUNC,1,IMPLEMENTED_HLE,1,inet_pton,src\SharpEmu.Libs\Kernel\KernelSocketCompatExports.cs,inet_pton,ALREADY_HLE
TUuiYS2kE8s,libkernel,libScePosix,FUNC,1,NO_HLE_EXPORT,0,,,shutdown,HLE_CANDIDATE_VERIFY_AT_RUNTIME
TU-d9PfIHPM,libkernel,libScePosix,FUNC,1,IMPLEMENTED_HLE,1,socket,src\SharpEmu.Libs\Kernel\KernelSocketCompatExports.cs,socket,ALREADY_HLE
KuOmgKoqCdY,libkernel,libScePosix,FUNC,1,IMPLEMENTED_HLE,1,bind,src\SharpEmu.Libs\Kernel\KernelSocketCompatExports.cs,bind,ALREADY_HLE
pxnCmagrtao,libkernel,libScePosix,FUNC,1,NO_HLE_EXPORT,0,,,listen,HLE_CANDIDATE_VERIFY_AT_RUNTIME
SF47kB2MNTo,libSceNet,libSceNet,FUNC,1,NO_HLE_EXPORT,0,,,sceNetEpollCreate,HLE_CANDIDATE_VERIFY_AT_RUNTIME
ZVw46bsasAk,libSceNet,libSceNet,FUNC,1,NO_HLE_EXPORT,0,,,sceNetEpollControl,HLE_CANDIDATE_VERIFY_AT_RUNTIME
Inp1lfL+Jdw,libSceNet,libSceNet,FUNC,1,NO_HLE_EXPORT,0,,,sceNetEpollDestroy,HLE_CANDIDATE_VERIFY_AT_RUNTIME
fFxGkxF2bVo,libkernel,libScePosix,FUNC,1,IMPLEMENTED_HLE,1,setsockopt,src\SharpEmu.Libs\Network\NetExports.cs,setsockopt,ALREADY_HLE
drjIbDbA7UQ,libSceNet,libSceNet,FUNC,1,NO_HLE_EXPORT,0,,,sceNetEpollWait,HLE_CANDIDATE_VERIFY_AT_RUNTIME
HQOwnfMGipQ,libSceNet,libSceNet,FUNC,1,IMPLEMENTED_HLE,1,sceNetErrnoLoc,src\SharpEmu.Libs\Network\NetExports.cs,sceNetErrnoLoc,ALREADY_HLE
6O8EwYOgH9Y,libkernel,libScePosix,FUNC,1,IMPLEMENTED_HLE,1,getsockopt,src\SharpEmu.Libs\Network\NetExports.cs,getsockopt,ALREADY_HLE
RenI1lL1WFk,libkernel,libScePosix,FUNC,1,IMPLEMENTED_HLE,1,getsockname,src\SharpEmu.Libs\Kernel\KernelSocketCompatExports.cs,getsockname,ALREADY_HLE
oBr313PppNE,libkernel,libScePosix,FUNC,1,NO_HLE_EXPORT,0,,,sendto,HLE_CANDIDATE_VERIFY_AT_RUNTIME
TSM6whtekok,libSceNet,libSceNet,FUNC,1,NO_HLE_EXPORT,0,,,sceNetShutdown,HLE_CANDIDATE_VERIFY_AT_RUNTIME
UJ+Z7Q+4ck0,libSceNetCtl,libSceNetCtl,FUNC,1,IMPLEMENTED_HLE,1,sceNetCtlRegisterCallback,src\SharpEmu.Libs\Network\NetCtlExports.cs,sceNetCtlRegisterCallback,ALREADY_HLE
qQJfO8HAiaY,libSceNpManager,libSceNpManager,FUNC,1,IMPLEMENTED_HLE,1,sceNpRegisterStateCallbackA,src\SharpEmu.Libs\Np\NpManagerExports.cs,sceNpRegisterStateCallbackA,ALREADY_HLE
eQH7nWPcAgc,libSceNpManager,libSceNpManager,FUNC,1,IMPLEMENTED_HLE,1,sceNpGetState,src\SharpEmu.Libs\Np\NpManagerExports.cs,sceNpGetState,ALREADY_HLE
iQw3iQPhvUQ,libSceNetCtl,libSceNetCtl,FUNC,1,IMPLEMENTED_HLE,1,sceNetCtlCheckCallback,src\SharpEmu.Libs\Network\NetCtlExports.cs,sceNetCtlCheckCallback,ALREADY_HLE
Rqm2OnZMCz0,libSceNetCtl,libSceNetCtl,FUNC,1,IMPLEMENTED_HLE,1,sceNetCtlUnregisterCallback,src\SharpEmu.Libs\Network\NetCtlExports.cs,sceNetCtlUnregisterCallback,ALREADY_HLE
M3wFXbYQtAA,libSceNpManager,libSceNpManager,FUNC,1,NO_HLE_EXPORT,0,,,sceNpUnregisterStateCallbackA,HLE_CANDIDATE_VERIFY_AT_RUNTIME
Bw31liTFT3A,libSceSigninDialog,libSceSigninDialog,FUNC,1,NO_HLE_EXPORT,0,,,sceSigninDialogUpdateStatus,HLE_CANDIDATE_VERIFY_AT_RUNTIME
mlYGfmqE3fQ,libSceSigninDialog,libSceSigninDialog,FUNC,1,NO_HLE_EXPORT,0,,,sceSigninDialogInitialize,HLE_CANDIDATE_VERIFY_AT_RUNTIME
JlpJVoRWv7U,libSceSigninDialog,libSceSigninDialog,FUNC,1,NO_HLE_EXPORT,0,,,sceSigninDialogOpen,HLE_CANDIDATE_VERIFY_AT_RUNTIME
oBmw4xrmfKs,libSceImeDialog,libSceImeDialog,FUNC,1,IMPLEMENTED_HLE,1,sceImeDialogAbort,src\SharpEmu.Libs\Ime\ImeDialogExports.cs,sceImeDialogAbort,ALREADY_HLE
pZ9WXcClPO8,libc,libc,OBJECT,1309,NO_HLE_EXPORT,0,,,_ZTVN10__cxxabiv120__si_class_type_infoE,NATIVE_PRX_OR_DATA_VERIFY_AT_RUNTIME
ltCfaGr2JGE,libkernel,libScePosix,FUNC,1,IMPLEMENTED_HLE,1,pthread_mutex_destroy,src\SharpEmu.Libs\Kernel\KernelPthreadCompatExports.cs,pthread_mutex_destroy,ALREADY_HLE
7H0iTOciTLo,libkernel,libScePosix,FUNC,1,IMPLEMENTED_HLE,1,pthread_mutex_lock,src\SharpEmu.Libs\Kernel\KernelPthreadCompatExports.cs,pthread_mutex_lock,ALREADY_HLE
K-jXhbt2gn4,libkernel,libScePosix,FUNC,1,IMPLEMENTED_HLE,1,pthread_mutex_trylock,src\SharpEmu.Libs\Kernel\KernelPthreadCompatExports.cs,pthread_mutex_trylock,ALREADY_HLE
2Z+PpY6CaJg,libkernel,libScePosix,FUNC,1,IMPLEMENTED_HLE,1,pthread_mutex_unlock,src\SharpEmu.Libs\Kernel\KernelPthreadCompatExports.cs,pthread_mutex_unlock,ALREADY_HLE
byV+FWlAnB4,libc,libc,OBJECT,82,NO_HLE_EXPORT,0,,,_ZTVN10__cxxabiv117__class_type_infoE,NATIVE_PRX_OR_DATA_VERIFY_AT_RUNTIME
VOBg+iNwB-4,libc,libc,FUNC,1,IMPLEMENTED_HLE,1,strtoll,src\SharpEmu.Libs\LibcCompat\LibcRuntimeExpansionV46Exports.cs,strtoll,ALREADY_HLE
jbz9I9vkqkk,libc,libc,FUNC,1,IMPLEMENTED_HLE,1,vsprintf,src\SharpEmu.Libs\Kernel\KernelMemoryCompatExports.cs,vsprintf,ALREADY_HLE
JM4EBvWT9rc,libc,libc,FUNC,1,IMPLEMENTED_HLE,1,tanh,src\SharpEmu.Libs\LibcCompat\LibcMathCompilerRuntimeExports.cs,tanh,ALREADY_HLE
ttHNfU+qDBU,libkernel,libScePosix,FUNC,1,IMPLEMENTED_HLE,1,pthread_mutex_init,src\SharpEmu.Libs\Kernel\KernelPthreadCompatExports.cs,pthread_mutex_init,ALREADY_HLE
HF7lK46xzjY,libkernel,libScePosix,FUNC,1,IMPLEMENTED_HLE,1,pthread_mutexattr_destroy,src\SharpEmu.Libs\Kernel\KernelPthreadCompatExports.cs,pthread_mutexattr_destroy,ALREADY_HLE
dQHWEsJtoE4,libkernel,libScePosix,FUNC,1,IMPLEMENTED_HLE,1,pthread_mutexattr_init,src\SharpEmu.Libs\Kernel\KernelPthreadCompatExports.cs,pthread_mutexattr_init,ALREADY_HLE
mDmgMOGVUqg,libkernel,libScePosix,FUNC,1,IMPLEMENTED_HLE,1,pthread_mutexattr_settype,src\SharpEmu.Libs\Kernel\KernelPthreadCompatExports.cs,pthread_mutexattr_settype,ALREADY_HLE
9ByRMdo7ywg,libc,libc,OBJECT,39,NO_HLE_EXPORT,0,,,_ZTVN10__cxxabiv121__vmi_class_type_infoE,NATIVE_PRX_OR_DATA_VERIFY_AT_RUNTIME
j2AIqSqJP0w,libkernel,libkernel,FUNC,1,IMPLEMENTED_HLE,1,sceKernelGetdents,src\SharpEmu.Libs\Kernel\KernelMemoryCompatExports.cs,sceKernelGetdents,ALREADY_HLE
naInUjYt3so,libkernel,libkernel,FUNC,1,IMPLEMENTED_HLE,1,sceKernelRmdir,src\SharpEmu.Libs\Kernel\KernelMemoryCompatExports.cs,sceKernelRmdir,ALREADY_HLE
AUXVxWeJU-A,libkernel,libkernel,FUNC,1,IMPLEMENTED_HLE,1,sceKernelUnlink,src\SharpEmu.Libs\Kernel\KernelMemoryCompatExports.cs,sceKernelUnlink,ALREADY_HLE
3+UPM-9E6xY,libc,libc,FUNC,1,IMPLEMENTED_HLE,1,modff,src\SharpEmu.Libs\LibcCompat\LibcMemoryStringExports.cs,modff,ALREADY_HLE
24m4Z4bUaoY,libc,libc,FUNC,1,NO_HLE_EXPORT,0,,,sscanf_s,NATIVE_PRX_OR_DATA_VERIFY_AT_RUNTIME
2JtWUUiYBXs,libSceAgc,libSceAgc,FUNC,1,IMPLEMENTED_HLE,1,sceAgcGetRegisterDefaults2,src\SharpEmu.Libs\Agc\AgcExports.cs,sceAgcGetRegisterDefaults2,ALREADY_HLE
vSMAm3cxYTY,libkernel,libkernel,FUNC,1,IMPLEMENTED_HLE,1,sceKernelMprotect,src\SharpEmu.Libs\Kernel\KernelMemoryCompatExports.cs,sceKernelMprotect,ALREADY_HLE
23LRUSvYu1M,libSceAgc,libSceAgc,FUNC,1,IMPLEMENTED_HLE,1,sceAgcInit,src\SharpEmu.Libs\Agc\AgcExports.cs,,ALREADY_HLE
BfBDZGbti7A,libSceAgc,libSceAgc,FUNC,1,IMPLEMENTED_HLE,1,sceAgcGetIsTrinityMode,src\SharpEmu.Libs\Agc\AgcExports.cs,sceAgcGetIsTrinityMode,ALREADY_HLE
wRbq6ZjNop4,libSceAgc,libSceAgc,FUNC,1,IMPLEMENTED_HLE,1,sceAgcGetRegisterDefaults2Internal,src\SharpEmu.Libs\Agc\AgcExports.cs,sceAgcGetRegisterDefaults2Internal,ALREADY_HLE
UglJIZjGssM,libSceAgcDriver,libSceAgcDriver,FUNC,1,IMPLEMENTED_HLE,1,sceAgcDriverSubmitDcb,src\SharpEmu.Libs\Agc\AgcExports.cs,sceAgcDriverSubmitDcb,ALREADY_HLE
AhGvpITrf4M,libSceAgcDriver,libSceAgcDriver,FUNC,1,NO_HLE_EXPORT,0,,,sceAgcDriverAgrSubmitDcb,HLE_CANDIDATE_VERIFY_AT_RUNTIME
6UzEidRZwkg,libSceAgcDriver,libSceAgcDriver,FUNC,1,IMPLEMENTED_HLE,1,sceAgcDriverSubmitMultiDcbs,src\SharpEmu.Libs\Agc\AgcExports.cs,sceAgcDriverSubmitMultiDcbs,ALREADY_HLE
+T8Xo6LtFJI,libSceAgcDriver,libSceAgcDriver,FUNC,1,NO_HLE_EXPORT,0,,,sceAgcDriverAgrSubmitMultiDcbs,HLE_CANDIDATE_VERIFY_AT_RUNTIME
gSRnr79F8tQ,libSceAgcDriver,libSceAgcDriver,FUNC,1,IMPLEMENTED_HLE,1,sceAgcDriverSubmitAcb,src\SharpEmu.Libs\Agc\AgcExports.cs,sceAgcDriverSubmitAcb,ALREADY_HLE
HF3YllT3mXU,libSceAgcDriver,libSceAgcDriver,FUNC,1,NO_HLE_EXPORT,0,,,sceAgcDriverSubmitMultiAcbs,HLE_CANDIDATE_VERIFY_AT_RUNTIME
w2rJhmD+dsE,libSceAgcDriver,libSceAgcDriver,FUNC,1,IMPLEMENTED_HLE,1,sceAgcDriverAddEqEvent,src\SharpEmu.Libs\Agc\AgcExports.cs,sceAgcDriverAddEqEvent,ALREADY_HLE
DL2RXaXOy88,libSceAgcDriver,libSceAgcDriver,FUNC,1,IMPLEMENTED_HLE,1,sceAgcDriverDeleteEqEvent,src\SharpEmu.Libs\Agc\AgcExports.cs,sceAgcDriverDeleteEqEvent,ALREADY_HLE
5CdQTZIQPxM,libSceAgcDriver,libSceAgcDriver,FUNC,1,NO_HLE_EXPORT,0,,,sceAgcDriverGetEqEventType,HLE_CANDIDATE_VERIFY_AT_RUNTIME
Zw7uUVPulbw,libSceAgcDriver,libSceAgcDriver,FUNC,1,NO_HLE_EXPORT,0,,,sceAgcDriverGetEqContextId,HLE_CANDIDATE_VERIFY_AT_RUNTIME
h9z6+0hEydk,libSceAgc,libSceAgc,FUNC,1,IMPLEMENTED_HLE,1,sceAgcSuspendPoint,src\SharpEmu.Libs\Agc\AgcExports.cs,sceAgcSuspendPoint,ALREADY_HLE
AAeX-U5-P3M,libSceAgc,libSceAgc,FUNC,1,NO_HLE_EXPORT,0,,,sceAgcGetDefaultCxStateFlat,HLE_CANDIDATE_VERIFY_AT_RUNTIME
Xq5WmbwPTnQ,libSceAgcDriver,libSceAgcDriver,FUNC,1,NO_HLE_EXPORT,0,,,sceAgcDriverTriggerCapture,HLE_CANDIDATE_VERIFY_AT_RUNTIME
SAfhzJPcjuk,libSceAgcDriver,libSceAgcDriver,FUNC,1,NO_HLE_EXPORT,0,,,sceAgcDriverRequestCaptureStart,HLE_CANDIDATE_VERIFY_AT_RUNTIME
FOwvmNlFLjM,libSceAgcDriver,libSceAgcDriver,FUNC,1,NO_HLE_EXPORT,0,,,sceAgcDriverRequestCaptureStop,HLE_CANDIDATE_VERIFY_AT_RUNTIME
Ddwk4gLT5j0,libSceAgcDriver,libSceAgcDriver,FUNC,1,NO_HLE_EXPORT,0,,,sceAgcDriverIsCaptureInProgress,HLE_CANDIDATE_VERIFY_AT_RUNTIME
qspAL8bgcBY,libSceAgcDriver,libSceAgcDriver,FUNC,1,NO_HLE_EXPORT,0,,,sceAgcDriverIsSubmitValidationEnabled,HLE_CANDIDATE_VERIFY_AT_RUNTIME
+iAOE3jCnkk,libSceAgcDriver,libSceAgcDriver,FUNC,1,NO_HLE_EXPORT,0,,,sceAgcDriverSetSubmitValidationMode,HLE_CANDIDATE_VERIFY_AT_RUNTIME
WHIOMbb+iIU,libSceAgcDriver,libSceAgcDriver,FUNC,1,NO_HLE_EXPORT,0,,,sceAgcDriverGetSubmitValidationMode,HLE_CANDIDATE_VERIFY_AT_RUNTIME
chJWZcNSzjk,libSceAgcDriver,libSceAgcDriver,FUNC,1,NO_HLE_EXPORT,0,,,sceAgcDriverSetSubmitValidationConfig,HLE_CANDIDATE_VERIFY_AT_RUNTIME
ICaGtkEIXTk,libSceAgcDriver,libSceAgcDriver,FUNC,1,NO_HLE_EXPORT,0,,,sceAgcDriverGetSubmitValidationConfig,HLE_CANDIDATE_VERIFY_AT_RUNTIME
8F5j7U-Bq6s,libSceAgcDriver,libSceAgcDriver,FUNC,1,NO_HLE_EXPORT,0,,,sceAgcDriverSetValidationErrorOutputFrequency,HLE_CANDIDATE_VERIFY_AT_RUNTIME
+TN0oRTBxJQ,libSceAgcDriver,libSceAgcDriver,FUNC,1,NO_HLE_EXPORT,0,,,sceAgcDriverIsTraceInProgress,HLE_CANDIDATE_VERIFY_AT_RUNTIME
rJUyMrDdxJg,libSceAgcDriver,libSceAgcDriver,FUNC,1,NO_HLE_EXPORT,0,,,sceAgcDriverGetShaderDebuggingStatus,HLE_CANDIDATE_VERIFY_AT_RUNTIME
3AyTaWcF-H8,libSceAgcDriver,libSceAgcDriver,FUNC,1,NO_HLE_EXPORT,0,,,sceAgcDriverRegisterWorkloadStream,HLE_CANDIDATE_VERIFY_AT_RUNTIME
n5ElQVYsU1A,libSceAgcDriver,libSceAgcDriver,FUNC,1,NO_HLE_EXPORT,0,,,sceAgcDriverUnregisterWorkloadStream,HLE_CANDIDATE_VERIFY_AT_RUNTIME
OQTgEXyihvA,libSceAgc,libSceAgc,FUNC,1,NO_HLE_EXPORT,0,,,sceAgcSetAmmSemaphoreMemory,HLE_CANDIDATE_VERIFY_AT_RUNTIME
RTpj-tIlvZc,libSceAgc,libSceAgc,FUNC,1,NO_HLE_EXPORT,0,,,sceAgcSetShaderInstrumentation,HLE_CANDIDATE_VERIFY_AT_RUNTIME
SwI6QxqwAC0,libSceAgc,libSceAgc,FUNC,1,NO_HLE_EXPORT,0,,,sceAgcGetShaderInstrumentation,HLE_CANDIDATE_VERIFY_AT_RUNTIME
AOLcoIkQDgM,libSceAgcDriver,libSceAgcDriver,FUNC,1,IMPLEMENTED_HLE,1,sceAgcDriverQueryResourceRegistrationUserMemoryRequirements,src\SharpEmu.Libs\Agc\AgcExports.cs,sceAgcDriverQueryResourceRegistrationUserMemoryRequirements,ALREADY_HLE
F0Y42t-3e18,libSceAgcDriver,libSceAgcDriver,FUNC,1,IMPLEMENTED_HLE,1,sceAgcDriverInitResourceRegistration,src\SharpEmu.Libs\Agc\AgcExports.cs,sceAgcDriverInitResourceRegistration,ALREADY_HLE
uJziRsODk1c,libSceAgcDriver,libSceAgcDriver,FUNC,1,IMPLEMENTED_HLE,1,sceAgcDriverGetResourceRegistrationMaxNameLength,src\SharpEmu.Libs\Agc\AgcExports.cs,sceAgcDriverGetResourceRegistrationMaxNameLength,ALREADY_HLE
X-Nm5KLREeg,libSceAgcDriver,libSceAgcDriver,FUNC,1,IMPLEMENTED_HLE,1,sceAgcDriverRegisterOwner,src\SharpEmu.Libs\Agc\AgcExports.cs,sceAgcDriverRegisterOwner,ALREADY_HLE
W5z4eZrjEas,libSceAgcDriver,libSceAgcDriver,FUNC,1,IMPLEMENTED_HLE,1,sceAgcDriverRegisterResource,src\SharpEmu.Libs\Agc\AgcExports.cs,sceAgcDriverRegisterResource,ALREADY_HLE
emP3ckeS2uo,libSceAgcDriver,libSceAgcDriver,FUNC,1,NO_HLE_EXPORT,0,,,sceAgcDriverRegisterGdsResource,HLE_CANDIDATE_VERIFY_AT_RUNTIME
pWLG7WOpVcw,libSceAgcDriver,libSceAgcDriver,FUNC,1,IMPLEMENTED_HLE,1,sceAgcDriverUnregisterResource,src\SharpEmu.Libs\Agc\AgcExports.cs,sceAgcDriverUnregisterResource,ALREADY_HLE
ZLJk9r2+2Aw,libSceAgcDriver,libSceAgcDriver,FUNC,1,IMPLEMENTED_HLE,1,sceAgcDriverUnregisterOwnerAndResources,src\SharpEmu.Libs\Agc\AgcExports.cs,sceAgcDriverUnregisterOwnerAndResources,ALREADY_HLE
SCoAN5fYlUM,libSceAgcDriver,libSceAgcDriver,FUNC,1,IMPLEMENTED_HLE,1,sceAgcDriverUnregisterAllResourcesForOwner,src\SharpEmu.Libs\Agc\AgcExports.cs,sceAgcDriverUnregisterAllResourcesForOwner,ALREADY_HLE
U9ueyEhSkF4,libSceAgcDriver,libSceAgcDriver,FUNC,1,IMPLEMENTED_HLE,1,sceAgcDriverRegisterDefaultOwner,src\SharpEmu.Libs\Agc\AgcExports.cs,sceAgcDriverRegisterDefaultOwner,ALREADY_HLE
F0ZXt5q0ZTA,libSceAgcDriver,libSceAgcDriver,FUNC,1,IMPLEMENTED_HLE,1,sceAgcDriverGetDefaultOwner,src\SharpEmu.Libs\Agc\AgcExports.cs,sceAgcDriverGetDefaultOwner,ALREADY_HLE
5l3IfCFJxBs,libSceAgcDriver,libSceAgcDriver,FUNC,1,NO_HLE_EXPORT,0,,,sceAgcDriverFindResourcesPublic,HLE_CANDIDATE_VERIFY_AT_RUNTIME
M9yBzRKkjPc,libSceAgcDriver,libSceAgcDriver,FUNC,1,NO_HLE_EXPORT,0,,,sceAgcDriverGetResourceName,HLE_CANDIDATE_VERIFY_AT_RUNTIME
rI9lNAXPMIw,libSceAgcDriver,libSceAgcDriver,FUNC,1,NO_HLE_EXPORT,0,,,sceAgcDriverGetResourceType,HLE_CANDIDATE_VERIFY_AT_RUNTIME
NghWEUXp1qM,libSceAgcDriver,libSceAgcDriver,FUNC,1,NO_HLE_EXPORT,0,,,sceAgcDriverGetResourceBaseAddressAndSizeInBytes,HLE_CANDIDATE_VERIFY_AT_RUNTIME
ls4jfY576lw,libSceAgcDriver,libSceAgcDriver,FUNC,1,NO_HLE_EXPORT,0,,,sceAgcDriverGetResourceUserData,HLE_CANDIDATE_VERIFY_AT_RUNTIME
VOMSpd9+vxU,libSceAgcDriver,libSceAgcDriver,FUNC,1,NO_HLE_EXPORT,0,,,sceAgcDriverSetResourceUserData,HLE_CANDIDATE_VERIFY_AT_RUNTIME
mXn+K9E-wOA,libSceAgcDriver,libSceAgcDriver,FUNC,1,NO_HLE_EXPORT,0,,,sceAgcDriverGetResourceShaderGuid,HLE_CANDIDATE_VERIFY_AT_RUNTIME
LepGrgk77sM,libSceAgcDriver,libSceAgcDriver,FUNC,1,NO_HLE_EXPORT,0,,,sceAgcDriverGetOwnerName,HLE_CANDIDATE_VERIFY_AT_RUNTIME
T6xuVw0KUJo,libSceAgc,libSceAgc,FUNC,1,NO_HLE_EXPORT,0,,,sceAgcDebugRaiseException,HLE_CANDIDATE_VERIFY_AT_RUNTIME
f3dg2CSgRKY,libSceAgc,libSceAgc,FUNC,1,IMPLEMENTED_HLE,1,sceAgcCreateShader,src\SharpEmu.Libs\Agc\AgcExports.cs,sceAgcCreateShader,ALREADY_HLE
dolOmWH+huQ,libSceAgc,libSceAgc,FUNC,1,IMPLEMENTED_HLE,1,sceAgcGetFusedShaderSize,src\SharpEmu.Libs\Agc\AgcExports.cs,,ALREADY_HLE
fd5Bp5tGTgo,libSceAgc,libSceAgc,FUNC,1,IMPLEMENTED_HLE,1,sceAgcFuseShaderHalves,src\SharpEmu.Libs\Agc\AgcExports.cs,,ALREADY_HLE
HV4j+E0MBHE,libSceAgc,libSceAgc,FUNC,1,IMPLEMENTED_HLE,1,sceAgcCreateInterpolantMapping,src\SharpEmu.Libs\Agc\AgcExports.cs,,ALREADY_HLE
k0E7vkgqAuE,libSceAgc,libSceAgc,FUNC,1,NO_HLE_EXPORT,0,,,,HLE_CANDIDATE_VERIFY_AT_RUNTIME
D9sr1xGUriE,libSceAgc,libSceAgc,FUNC,1,IMPLEMENTED_HLE,1,sceAgcCreatePrimState,src\SharpEmu.Libs\Agc\AgcExports.cs,sceAgcCreatePrimState,ALREADY_HLE
Y3ymLfZ1384,libSceAgc,libSceAgc,FUNC,1,NO_HLE_EXPORT,0,,,sceAgcUpdatePrimState,HLE_CANDIDATE_VERIFY_AT_RUNTIME
NKIzURsgV7I,libSceAgc,libSceAgc,FUNC,1,NO_HLE_EXPORT,0,,,sceAgcGetGsOversubscription,HLE_CANDIDATE_VERIFY_AT_RUNTIME
ICkECTBxrMw,libSceAgc,libSceAgc,FUNC,1,NO_HLE_EXPORT,0,,,sceAgcGetGsPrimPayload,HLE_CANDIDATE_VERIFY_AT_RUNTIME
w1KFAHVqpaU,libSceAgc,libSceAgc,FUNC,1,IMPLEMENTED_HLE,1,sceAgcCbBranch,src\SharpEmu.Libs\Agc\AgcExports.cs,sceAgcCbBranch,ALREADY_HLE
k3GhuSNmBLU,libSceAgc,libSceAgc,FUNC,1,IMPLEMENTED_HLE,1,sceAgcCbDispatch,src\SharpEmu.Libs\Agc\AgcExports.cs,sceAgcCbDispatch,ALREADY_HLE
7toV+elXqNM,libSceAgc,libSceAgc,FUNC,1,NO_HLE_EXPORT,0,,,sceAgcCbCondWrite,HLE_CANDIDATE_VERIFY_AT_RUNTIME
wr23dPKyWc0,libSceAgc,libSceAgc,FUNC,1,IMPLEMENTED_HLE,1,sceAgcCbReleaseMem,src\SharpEmu.Libs\Agc\AgcExports.cs,sceAgcCbReleaseMem,ALREADY_HLE
LtTouSCZjHM,libSceAgc,libSceAgc,FUNC,1,IMPLEMENTED_HLE,1,sceAgcCbNop,src\SharpEmu.Libs\Agc\AgcExports.cs,sceAgcCbNop,ALREADY_HLE
n2fD4A+pb+g,libSceAgc,libSceAgc,FUNC,1,IMPLEMENTED_HLE,1,sceAgcCbSetShRegisterRangeDirect,src\SharpEmu.Libs\Agc\AgcExports.cs,sceAgcCbSetShRegisterRangeDirect,ALREADY_HLE
MDLD5Ly94Xk,libSceAgc,libSceAgc,FUNC,1,NO_HLE_EXPORT,0,,,sceAgcCbSetUcRegisterRangeDirect,HLE_CANDIDATE_VERIFY_AT_RUNTIME
UZbQjYAwwXM,libSceAgc,libSceAgc,FUNC,1,IMPLEMENTED_HLE,1,sceAgcCbSetShRegistersDirect,src\SharpEmu.Libs\Agc\AgcExports.cs,sceAgcCbSetShRegistersDirect,ALREADY_HLE
03RZmELWWzw,libSceAgc,libSceAgc,FUNC,1,NO_HLE_EXPORT,0,,,sceAgcCbSetUcRegistersDirect,HLE_CANDIDATE_VERIFY_AT_RUNTIME
6nths4DHNrs,libSceAgc,libSceAgc,FUNC,1,NO_HLE_EXPORT,0,,,sceAgcCbMemsetExclusive,HLE_CANDIDATE_VERIFY_AT_RUNTIME
Abendgtz+3o,libSceAgc,libSceAgc,FUNC,1,IMPLEMENTED_HLE,1,sceAgcCbDispatchGetSize,src\SharpEmu.Libs\Agc\AgcGraphicsSizingV55Exports.cs,sceAgcCbDispatchGetSize,ALREADY_HLE
uZW-mqsxkrM,libSceAgc,libSceAgc,FUNC,1,IMPLEMENTED_HLE,1,sceAgcCbBranchGetSize,src\SharpEmu.Libs\Agc\AgcExports.cs,sceAgcCbBranchGetSize,ALREADY_HLE
FuVbkyKlf+s,libSceAgc,libSceAgc,FUNC,1,NO_HLE_EXPORT,0,,,sceAgcCbCondWriteGetSize,HLE_CANDIDATE_VERIFY_AT_RUNTIME
t7PlZ9nt5Lc,libSceAgc,libSceAgc,FUNC,1,IMPLEMENTED_HLE,1,sceAgcCbNopGetSize,src\SharpEmu.Libs\Agc\AgcExports.cs,sceAgcCbNopGetSize,ALREADY_HLE
hL7C0IRpWZI,libSceAgc,libSceAgc,FUNC,1,IMPLEMENTED_HLE,1,sceAgcCbQueueEndOfPipeActionGetSize,src\SharpEmu.Libs\Agc\AgcExports.cs,sceAgcCbQueueEndOfPipeActionGetSize,ALREADY_HLE
bxGoVxpdSPQ,libSceAgc,libSceAgc,FUNC,1,NO_HLE_EXPORT,0,,,sceAgcCbSetShRegisterRangeDirectGetSize,HLE_CANDIDATE_VERIFY_AT_RUNTIME
JOWmDrl+j20,libSceAgc,libSceAgc,FUNC,1,NO_HLE_EXPORT,0,,,sceAgcCbSetUcRegisterRangeDirectGetSize,HLE_CANDIDATE_VERIFY_AT_RUNTIME
yUBESvCCJ4I,libSceAgc,libSceAgc,FUNC,1,NO_HLE_EXPORT,0,,,sceAgcCbSetShRegistersDirectGetSize,HLE_CANDIDATE_VERIFY_AT_RUNTIME
TGEZzUWLbrc,libSceAgc,libSceAgc,FUNC,1,NO_HLE_EXPORT,0,,,sceAgcCbSetUcRegistersDirectGetSize,HLE_CANDIDATE_VERIFY_AT_RUNTIME
XKKuA6VkSRc,libSceAgc,libSceAgc,FUNC,1,NO_HLE_EXPORT,0,,,sceAgcAcbAtomicMem,HLE_CANDIDATE_VERIFY_AT_RUNTIME
KT-hTp-Ch14,libSceAgc,libSceAgc,FUNC,1,IMPLEMENTED_HLE,1,sceAgcAcbAcquireMem,src\SharpEmu.Libs\Agc\AgcExports.cs,sceAgcAcbAcquireMem,ALREADY_HLE
qyM2bxYFPAk,libSceAgc,libSceAgc,FUNC,1,NO_HLE_EXPORT,0,,,sceAgcAcbCondExec,HLE_CANDIDATE_VERIFY_AT_RUNTIME
qzMN2XKGA4k,libSceAgc,libSceAgc,FUNC,1,NO_HLE_EXPORT,0,,,sceAgcAcbCopyData,HLE_CANDIDATE_VERIFY_AT_RUNTIME
j3EtxFkSIhQ,libSceAgc,libSceAgc,FUNC,1,IMPLEMENTED_HLE,1,sceAgcAcbDispatchIndirect,src\SharpEmu.Libs\Agc\AgcExports.cs,sceAgcAcbDispatchIndirect,ALREADY_HLE
-RnpfpxIhec,libSceAgc,libSceAgc,FUNC,1,IMPLEMENTED_HLE,1,sceAgcAcbDmaData,src\SharpEmu.Libs\Agc\AgcExports.cs,sceAgcAcbDmaData,ALREADY_HLE
cFazmnXpJOE,libSceAgc,libSceAgc,FUNC,1,IMPLEMENTED_HLE,1,sceAgcAcbEventWrite,src\SharpEmu.Libs\Agc\AgcExports.cs,sceAgcAcbEventWrite,ALREADY_HLE
e1DFTg+Sd8U,libSceAgc,libSceAgc,FUNC,1,IMPLEMENTED_HLE,1,sceAgcAcbJump,src\SharpEmu.Libs\Agc\AgcExports.cs,sceAgcAcbJump,ALREADY_HLE
eZ4+17OQz4Q,libSceAgc,libSceAgc,FUNC,1,IMPLEMENTED_HLE,1,sceAgcAcbWriteData,src\SharpEmu.Libs\Agc\AgcExports.cs,sceAgcAcbWriteData,ALREADY_HLE
htn36gPnBk4,libSceAgc,libSceAgc,FUNC,1,IMPLEMENTED_HLE,1,sceAgcAcbWaitRegMem,src\SharpEmu.Libs\Agc\AgcExports.cs,sceAgcAcbWaitRegMem,ALREADY_HLE
GPbUp9jXQa8,libSceAgc,libSceAgc,FUNC,1,NO_HLE_EXPORT,0,,,sceAgcAcbWaitUntilSafeForRendering,HLE_CANDIDATE_VERIFY_AT_RUNTIME
DwICrVxerkY,libSceAgc,libSceAgc,FUNC,1,NO_HLE_EXPORT,0,,,sceAgcAcbRewind,HLE_CANDIDATE_VERIFY_AT_RUNTIME
JrtiDtKeS38,libSceAgc,libSceAgc,FUNC,1,IMPLEMENTED_HLE,1,sceAgcAcbResetQueue,src\SharpEmu.Libs\Agc\AgcExports.cs,sceAgcAcbResetQueue,ALREADY_HLE
szG7hz2yEhA,libSceAgc,libSceAgc,FUNC,1,NO_HLE_EXPORT,0,,,sceAgcAcbPrimeUtcl2,HLE_CANDIDATE_VERIFY_AT_RUNTIME
gQkqkLttcpw,libSceAgc,libSceAgc,FUNC,1,NO_HLE_EXPORT,0,,,,HLE_CANDIDATE_VERIFY_AT_RUNTIME
xAeBOa0A3kk,libSceAgc,libSceAgc,FUNC,1,NO_HLE_EXPORT,0,,,sceAgcAcbSetMarker,HLE_CANDIDATE_VERIFY_AT_RUNTIME
pxx-GoOSdw4,libSceAgc,libSceAgc,FUNC,1,NO_HLE_EXPORT,0,,,sceAgcAcbSetMarkerSpan,HLE_CANDIDATE_VERIFY_AT_RUNTIME
cpCILPya5Zk,libSceAgc,libSceAgc,FUNC,1,IMPLEMENTED_HLE,1,sceAgcAcbPushMarker,src\SharpEmu.Libs\Agc\AgcExports.cs,sceAgcAcbPushMarker,ALREADY_HLE
8Kly1JrJUlw,libSceAgc,libSceAgc,FUNC,1,NO_HLE_EXPORT,0,,,sceAgcAcbPushMarkerSpan,HLE_CANDIDATE_VERIFY_AT_RUNTIME
6mFxkVqdmbQ,libSceAgc,libSceAgc,FUNC,1,IMPLEMENTED_HLE,1,sceAgcAcbPopMarker,src\SharpEmu.Libs\Agc\AgcExports.cs,sceAgcAcbPopMarker,ALREADY_HLE
ebixW91gpPw,libSceAgc,libSceAgc,FUNC,1,NO_HLE_EXPORT,0,,,sceAgcAcbSetFlip,HLE_CANDIDATE_VERIFY_AT_RUNTIME
hFQ9pUxoLQ4,libSceAgc,libSceAgc,FUNC,1,NO_HLE_EXPORT,0,,,sceAgcGetSemaphoreLabel,HLE_CANDIDATE_VERIFY_AT_RUNTIME
q4VuU-QsLOE,libSceAgc,libSceAgc,FUNC,1,NO_HLE_EXPORT,0,,,sceAgcAcbMemSemaphore,HLE_CANDIDATE_VERIFY_AT_RUNTIME
rVOmPz2RBlg,libSceAgc,libSceAgc,FUNC,1,NO_HLE_EXPORT,0,,,sceAgcAcbSetWorkloadsActive,HLE_CANDIDATE_VERIFY_AT_RUNTIME
opR1JeJZCBU,libSceAgc,libSceAgc,FUNC,1,NO_HLE_EXPORT,0,,,sceAgcAcbSetWorkloadComplete,HLE_CANDIDATE_VERIFY_AT_RUNTIME
FcgdDM3MB+k,libSceAgc,libSceAgc,FUNC,1,NO_HLE_EXPORT,0,,,sceAgcAcbSetWorkloadStreamInactive,HLE_CANDIDATE_VERIFY_AT_RUNTIME
ewobAQeMo5k,libSceAgc,libSceAgc,FUNC,1,IMPLEMENTED_HLE,1,sceAgcAcbAcquireMemGetSize,src\SharpEmu.Libs\Agc\AgcExports.cs,sceAgcAcbAcquireMemGetSize,ALREADY_HLE
hcIxS8pmXF4,libSceAgc,libSceAgc,FUNC,1,NO_HLE_EXPORT,0,,,sceAgcAcbAtomicGdsGetSize,HLE_CANDIDATE_VERIFY_AT_RUNTIME
da1Sm8-QDoU,libSceAgc,libSceAgc,FUNC,1,NO_HLE_EXPORT,0,,,sceAgcAcbAtomicMemGetSize,HLE_CANDIDATE_VERIFY_AT_RUNTIME
ozKzBP4aki4,libSceAgc,libSceAgc,FUNC,1,NO_HLE_EXPORT,0,,,sceAgcAcbCondExecGetSize,HLE_CANDIDATE_VERIFY_AT_RUNTIME
b-oySn+G2tE,libSceAgc,libSceAgc,FUNC,1,IMPLEMENTED_HLE,1,sceAgcAcbJumpGetSize,src\SharpEmu.Libs\Agc\AgcExports.cs,sceAgcAcbJumpGetSize,ALREADY_HLE
CbQh3DKMSno,libSceAgc,libSceAgc,FUNC,1,NO_HLE_EXPORT,0,,,sceAgcAcbCopyDataGetSize,HLE_CANDIDATE_VERIFY_AT_RUNTIME
M0ttm8h7SKA,libSceAgc,libSceAgc,FUNC,1,IMPLEMENTED_HLE,1,sceAgcAcbDmaDataGetSize,src\SharpEmu.Libs\Agc\AgcExports.cs,sceAgcAcbDmaDataGetSize,ALREADY_HLE
PxKWV2fVAps,libSceAgc,libSceAgc,FUNC,1,IMPLEMENTED_HLE,1,sceAgcAcbDispatchIndirectGetSize,src\SharpEmu.Libs\Agc\AgcGraphicsSizingV55Exports.cs,sceAgcAcbDispatchIndirectGetSize,ALREADY_HLE
Y-5vneiBtzk,libSceAgc,libSceAgc,FUNC,1,NO_HLE_EXPORT,0,,,sceAgcAcbEventWriteGetSize,HLE_CANDIDATE_VERIFY_AT_RUNTIME
eCjKaqeeQ5s,libSceAgc,libSceAgc,FUNC,1,NO_HLE_EXPORT,0,,,sceAgcAcbPrimeUtcl2GetSize,HLE_CANDIDATE_VERIFY_AT_RUNTIME
0ZOG0jc9nRg,libSceAgc,libSceAgc,FUNC,1,NO_HLE_EXPORT,0,,,sceAgcAcbRewindGetSize,HLE_CANDIDATE_VERIFY_AT_RUNTIME
idlaArvdXEs,libSceAgc,libSceAgc,FUNC,1,NO_HLE_EXPORT,0,,,sceAgcAcbWaitOnAddressGetSize,HLE_CANDIDATE_VERIFY_AT_RUNTIME
F8NLhWvFemI,libSceAgc,libSceAgc,FUNC,1,NO_HLE_EXPORT,0,,,sceAgcAcbQueueEndOfShaderActionGetSize,HLE_CANDIDATE_VERIFY_AT_RUNTIME
57labkp+rSQ,libSceAgc,libSceAgc,FUNC,1,IMPLEMENTED_HLE,1,sceAgcDcbAcquireMem,src\SharpEmu.Libs\Agc\AgcExports.cs,sceAgcDcbAcquireMem,ALREADY_HLE
1-gUn1PI4Sw,libSceAgc,libSceAgc,FUNC,1,NO_HLE_EXPORT,0,,,sceAgcDcbAtomicMem,HLE_CANDIDATE_VERIFY_AT_RUNTIME
qj7QZpgr9Uw,libSceAgc,libSceAgc,FUNC,1,IMPLEMENTED_HLE,1,sceAgcUnknownQj7QZpgr9Uw,src\SharpEmu.Libs\Agc\AgcExports.cs,,ALREADY_HLE
BIPexNBSGog,libSceAgc,libSceAgc,FUNC,1,NO_HLE_EXPORT,0,,,sceAgcDcbCondExec,HLE_CANDIDATE_VERIFY_AT_RUNTIME
xSAR0LTcRKM,libSceAgc,libSceAgc,FUNC,1,IMPLEMENTED_HLE,1,sceAgcDcbJump,src\SharpEmu.Libs\Agc\AgcExports.cs,sceAgcDcbJump,ALREADY_HLE
1rZSWUv1IRc,libSceAgc,libSceAgc,FUNC,1,NO_HLE_EXPORT,0,,,sceAgcDcbCopyData,HLE_CANDIDATE_VERIFY_AT_RUNTIME
WmAc2MEj6Io,libSceAgc,libSceAgc,FUNC,1,IMPLEMENTED_HLE,1,sceAgcDcbDmaData,src\SharpEmu.Libs\Agc\AgcExports.cs,sceAgcDcbDmaData,ALREADY_HLE
i1jyy49AjXU,libSceAgc,libSceAgc,FUNC,1,IMPLEMENTED_HLE,1,sceAgcDcbWriteData,src\SharpEmu.Libs\Agc\AgcExports.cs,sceAgcDcbWriteData,ALREADY_HLE
-HOOCn0JY48,libSceAgc,libSceAgc,FUNC,1,IMPLEMENTED_HLE,1,sceAgcDcbSetShRegistersIndirect,src\SharpEmu.Libs\Agc\AgcExports.cs,sceAgcDcbSetShRegistersIndirect,ALREADY_HLE
ZvwO9euwYzc,libSceAgc,libSceAgc,FUNC,1,IMPLEMENTED_HLE,1,sceAgcDcbSetCxRegistersIndirect,src\SharpEmu.Libs\Agc\AgcExports.cs,sceAgcDcbSetCxRegistersIndirect,ALREADY_HLE
hvUfkUIQcOE,libSceAgc,libSceAgc,FUNC,1,IMPLEMENTED_HLE,1,sceAgcDcbSetUcRegistersIndirect,src\SharpEmu.Libs\Agc\AgcExports.cs,sceAgcDcbSetUcRegistersIndirect,ALREADY_HLE
w4-d0n60hdo,libSceAgc,libSceAgc,FUNC,1,IMPLEMENTED_HLE,1,sceAgcDcbSetUcRegisterDirect,src\SharpEmu.Libs\Agc\AgcExports.cs,sceAgcDcbSetUcRegisterDirect,ALREADY_HLE
LHFXRrlTPD8,libSceAgc,libSceAgc,FUNC,1,IMPLEMENTED_HLE,1,sceAgcDcbSetCxRegisterDirect,src\SharpEmu.Libs\Agc\AgcExports.cs,sceAgcDcbSetCxRegisterDirect,ALREADY_HLE
pFLArOT53+w,libSceAgc,libSceAgc,FUNC,1,NO_HLE_EXPORT,0,,,sceAgcDcbSetShRegisterDirect,HLE_CANDIDATE_VERIFY_AT_RUNTIME
CtB+A9-VxO0,libSceAgc,libSceAgc,FUNC,1,IMPLEMENTED_HLE,1,sceAgcDcbDispatchIndirect,src\SharpEmu.Libs\Agc\AgcExports.cs,sceAgcDcbDispatchIndirect,ALREADY_HLE
Yw0jKSqop+E,libSceAgc,libSceAgc,FUNC,1,IMPLEMENTED_HLE,1,sceAgcDcbDrawIndexAuto,src\SharpEmu.Libs\Agc\AgcExports.cs,sceAgcDcbDrawIndexAuto,ALREADY_HLE
q88lQ+GP5Yk,libSceAgc,libSceAgc,FUNC,1,IMPLEMENTED_HLE,1,sceAgcDcbDrawIndex,src\SharpEmu.Libs\Agc\AgcExports.cs,sceAgcDcbDrawIndex,ALREADY_HLE
B+aG9DUnTKA,libSceAgc,libSceAgc,FUNC,1,IMPLEMENTED_HLE,1,sceAgcDcbDrawIndexOffset,src\SharpEmu.Libs\Agc\AgcExports.cs,sceAgcDcbDrawIndexOffset,ALREADY_HLE
1q1titRBL6o,libSceAgc,libSceAgc,FUNC,1,IMPLEMENTED_HLE,1,sceAgcDcbDrawIndirect,src\SharpEmu.Libs\Agc\AgcExports.cs,sceAgcDcbDrawIndirect,ALREADY_HLE
kUlvghKs-mA,libSceAgc,libSceAgc,FUNC,1,NO_HLE_EXPORT,0,,,sceAgcDcbDrawIndirectMulti,HLE_CANDIDATE_VERIFY_AT_RUNTIME
ypVBz4uPKcQ,libSceAgc,libSceAgc,FUNC,1,IMPLEMENTED_HLE,1,sceAgcDcbDrawIndexIndirectMulti,src\SharpEmu.Libs\Agc\AgcExports.cs,sceAgcDcbDrawIndexIndirectMulti,ALREADY_HLE
t1vNu082-jM,libSceAgc,libSceAgc,FUNC,1,IMPLEMENTED_HLE,1,sceAgcDcbDrawIndexIndirect,src\SharpEmu.Libs\Agc\AgcExports.cs,sceAgcDcbDrawIndexIndirect,ALREADY_HLE
Rlx+bykm0r0,libSceAgc,libSceAgc,FUNC,1,NO_HLE_EXPORT,0,,,sceAgcDcbDrawIndexMultiInstanced,HLE_CANDIDATE_VERIFY_AT_RUNTIME
aJf+j5yntiU,libSceAgc,libSceAgc,FUNC,1,IMPLEMENTED_HLE,1,sceAgcDcbEventWrite,src\SharpEmu.Libs\Agc\AgcExports.cs,sceAgcDcbEventWrite,ALREADY_HLE
vuSXe69VILM,libSceAgc,libSceAgc,FUNC,1,IMPLEMENTED_HLE,1,sceAgcDcbGetLodStats,src\SharpEmu.Libs\Agc\AgcExports.cs,sceAgcDcbGetLodStats,ALREADY_HLE
RmaJwLtc8rY,libSceAgc,libSceAgc,FUNC,1,IMPLEMENTED_HLE,1,sceAgcDcbSetBaseIndirectArgs,src\SharpEmu.Libs\Agc\AgcExports.cs,sceAgcDcbSetBaseIndirectArgs,ALREADY_HLE
-KRzWekV120,libSceAgc,libSceAgc,FUNC,1,IMPLEMENTED_HLE,1,sceAgcDriverUnknown_KRzWekV120,src\SharpEmu.Libs\Agc\AgcExports.cs,,ALREADY_HLE
l4fM9K-Lyks,libSceAgc,libSceAgc,FUNC,1,IMPLEMENTED_HLE,1,sceAgcDcbSetIndexBuffer,src\SharpEmu.Libs\Agc\AgcExports.cs,sceAgcDcbSetIndexBuffer,ALREADY_HLE
8N2tmT3jmC8,libSceAgc,libSceAgc,FUNC,1,IMPLEMENTED_HLE,1,sceAgcDcbSetIndexCount,src\SharpEmu.Libs\Agc\AgcExports.cs,sceAgcDcbSetIndexCount,ALREADY_HLE
tSBxhAPyytQ,libSceAgc,libSceAgc,FUNC,1,IMPLEMENTED_HLE,1,sceAgcDcbSetNumInstances,src\SharpEmu.Libs\Agc\AgcExports.cs,sceAgcDcbSetNumInstances,ALREADY_HLE
u2T2DiA5hRI,libSceAgc,libSceAgc,FUNC,1,IMPLEMENTED_HLE,1,sceAgcDcbStallCommandBufferParser,src\SharpEmu.Libs\Agc\AgcExports.cs,sceAgcDcbStallCommandBufferParser,ALREADY_HLE
VmW0Tdpy420,libSceAgc,libSceAgc,FUNC,1,IMPLEMENTED_HLE,1,sceAgcDcbWaitRegMem,src\SharpEmu.Libs\Agc\AgcExports.cs,sceAgcDcbWaitRegMem,ALREADY_HLE
zfcxg-ewMK8,libSceAgc,libSceAgc,FUNC,1,IMPLEMENTED_HLE,1,sceAgcDcbRewind,src\SharpEmu.Libs\Agc\AgcExports.cs,sceAgcDcbRewind,ALREADY_HLE
jt3pl7EN17o,libSceAgc,libSceAgc,FUNC,1,NO_HLE_EXPORT,0,,,sceAgcDcbPrimeUtcl2,HLE_CANDIDATE_VERIFY_AT_RUNTIME
TRO721eVt4g,libSceAgc,libSceAgc,FUNC,1,IMPLEMENTED_HLE,1,sceAgcDcbResetQueue,src\SharpEmu.Libs\Agc\AgcExports.cs,sceAgcDcbResetQueue,ALREADY_HLE
0o3VDdtA6nM,libSceAgc,libSceAgc,FUNC,1,NO_HLE_EXPORT,0,,,sceAgcDcbSetIndexIndirectArgs,HLE_CANDIDATE_VERIFY_AT_RUNTIME
bbFueFP+J4k,libSceAgc,libSceAgc,FUNC,1,IMPLEMENTED_HLE,1,sceAgcDcbSetPredication,src\SharpEmu.Libs\Agc\AgcExports.cs,sceAgcDcbSetPredication,ALREADY_HLE
zARR5aCmkoY,libSceAgc,libSceAgc,FUNC,1,NO_HLE_EXPORT,0,,,,HLE_CANDIDATE_VERIFY_AT_RUNTIME
MWiElSNE8j8,libSceAgc,libSceAgc,FUNC,1,IMPLEMENTED_HLE,1,sceAgcDcbWaitUntilSafeForRendering,src\SharpEmu.Libs\Agc\AgcExports.cs,sceAgcDcbWaitUntilSafeForRendering,ALREADY_HLE
QhCbS4X9Rl8,libSceAgc,libSceAgc,FUNC,1,NO_HLE_EXPORT,0,,,sceAgcDcbSetMarker,HLE_CANDIDATE_VERIFY_AT_RUNTIME
BYcSvEsINWU,libSceAgc,libSceAgc,FUNC,1,NO_HLE_EXPORT,0,,,sceAgcDcbSetMarkerSpan,HLE_CANDIDATE_VERIFY_AT_RUNTIME
+kSrjIVxKFE,libSceAgc,libSceAgc,FUNC,1,IMPLEMENTED_HLE,1,sceAgcDcbPushMarker,src\SharpEmu.Libs\Agc\AgcExports.cs,sceAgcDcbPushMarker,ALREADY_HLE
N7M3+N-sBCw,libSceAgc,libSceAgc,FUNC,1,NO_HLE_EXPORT,0,,,sceAgcDcbPushMarkerSpan,HLE_CANDIDATE_VERIFY_AT_RUNTIME
H7uZqCoNuWk,libSceAgc,libSceAgc,FUNC,1,IMPLEMENTED_HLE,1,sceAgcDcbPopMarker,src\SharpEmu.Libs\Agc\AgcExports.cs,sceAgcDcbPopMarker,ALREADY_HLE
YUeqkyT7mEQ,libSceAgc,libSceAgc,FUNC,1,IMPLEMENTED_HLE,1,sceAgcDcbSetFlip,src\SharpEmu.Libs\Agc\AgcExports.cs,sceAgcDcbSetFlip,ALREADY_HLE
G0jrLdvEqDw,libSceAgc,libSceAgc,FUNC,1,NO_HLE_EXPORT,0,,,sceAgcDcbMemSemaphore,HLE_CANDIDATE_VERIFY_AT_RUNTIME
LFSPFmGc9Hg,libSceAgc,libSceAgc,FUNC,1,NO_HLE_EXPORT,0,,,sceAgcDcbSetWorkloadsActive,HLE_CANDIDATE_VERIFY_AT_RUNTIME
hEK26Wdny6s,libSceAgc,libSceAgc,FUNC,1,NO_HLE_EXPORT,0,,,sceAgcDcbSetWorkloadComplete,HLE_CANDIDATE_VERIFY_AT_RUNTIME
FneFypEDRgY,libSceAgc,libSceAgc,FUNC,1,NO_HLE_EXPORT,0,,,sceAgcDcbSetWorkloadStreamInactive,HLE_CANDIDATE_VERIFY_AT_RUNTIME
nNlUtdDDvZ0,libSceAgc,libSceAgc,FUNC,1,NO_HLE_EXPORT,0,,,sceAgcDcbSetShRegistersIndirectGetSize,HLE_CANDIDATE_VERIFY_AT_RUNTIME
GBCh3zCihoU,libSceAgc,libSceAgc,FUNC,1,NO_HLE_EXPORT,0,,,sceAgcDcbSetCxRegistersIndirectGetSize,HLE_CANDIDATE_VERIFY_AT_RUNTIME
UQGTw4xRlcM,libSceAgc,libSceAgc,FUNC,1,NO_HLE_EXPORT,0,,,sceAgcDcbSetUcRegistersIndirectGetSize,HLE_CANDIDATE_VERIFY_AT_RUNTIME
QhPDD513V0w,libSceAgc,libSceAgc,FUNC,1,NO_HLE_EXPORT,0,,,sceAgcDcbSetShRegisterDirectGetSize,HLE_CANDIDATE_VERIFY_AT_RUNTIME
1DeUNpRIDDA,libSceAgc,libSceAgc,FUNC,1,NO_HLE_EXPORT,0,,,sceAgcDcbSetCxRegisterDirectGetSize,HLE_CANDIDATE_VERIFY_AT_RUNTIME
aP1Ki9G3++4,libSceAgc,libSceAgc,FUNC,1,IMPLEMENTED_HLE,1,sceAgcDcbSetUcRegisterDirectGetSize,src\SharpEmu.Libs\Agc\AgcExports.cs,sceAgcDcbSetUcRegisterDirectGetSize,ALREADY_HLE
-vnlTPPXPrw,libSceAgc,libSceAgc,FUNC,1,IMPLEMENTED_HLE,1,sceAgcDcbAcquireMemGetSize,src\SharpEmu.Libs\Agc\AgcExports.cs,sceAgcDcbAcquireMemGetSize,ALREADY_HLE
1tB0xkLNjcw,libSceAgc,libSceAgc,FUNC,1,NO_HLE_EXPORT,0,,,sceAgcDcbAtomicGdsGetSize,HLE_CANDIDATE_VERIFY_AT_RUNTIME
oz6zQq1JwCE,libSceAgc,libSceAgc,FUNC,1,NO_HLE_EXPORT,0,,,sceAgcDcbAtomicMemGetSize,HLE_CANDIDATE_VERIFY_AT_RUNTIME
ou16V5hh5sg,libSceAgc,libSceAgc,FUNC,1,NO_HLE_EXPORT,0,,,sceAgcDcbCondExecGetSize,HLE_CANDIDATE_VERIFY_AT_RUNTIME
H6vHS5cidSA,libSceAgc,libSceAgc,FUNC,1,NO_HLE_EXPORT,0,,,sceAgcDcbContextStateOpGetSize,HLE_CANDIDATE_VERIFY_AT_RUNTIME
VEGu4dixjUg,libSceAgc,libSceAgc,FUNC,1,IMPLEMENTED_HLE,1,sceAgcDcbJumpGetSize,src\SharpEmu.Libs\Agc\AgcExports.cs,sceAgcDcbJumpGetSize,ALREADY_HLE
b5u0Jzm8TF8,libSceAgc,libSceAgc,FUNC,1,NO_HLE_EXPORT,0,,,sceAgcDcbCopyDataGetSize,HLE_CANDIDATE_VERIFY_AT_RUNTIME
2ccJz9LQI+w,libSceAgc,libSceAgc,FUNC,1,IMPLEMENTED_HLE,1,sceAgcDcbDmaDataGetSize,src\SharpEmu.Libs\Agc\AgcExports.cs,sceAgcDcbDmaDataGetSize,ALREADY_HLE
p9tI+yTvx68,libSceAgc,libSceAgc,FUNC,1,NO_HLE_EXPORT,0,,,sceAgcDcbWriteDataGetSize,HLE_CANDIDATE_VERIFY_AT_RUNTIME
zg6u-N6Otxs,libSceAgc,libSceAgc,FUNC,1,NO_HLE_EXPORT,0,,,sceAgcDcbQueueEndOfShaderActionGetSize,HLE_CANDIDATE_VERIFY_AT_RUNTIME
w8HVkEeXPv8,libSceAgc,libSceAgc,FUNC,1,IMPLEMENTED_HLE,1,sceAgcDcbDispatchIndirectGetSize,src\SharpEmu.Libs\Agc\AgcGraphicsSizingV55Exports.cs,sceAgcDcbDispatchIndirectGetSize,ALREADY_HLE
WrdP9Zxx3lQ,libSceAgc,libSceAgc,FUNC,1,IMPLEMENTED_HLE,1,sceAgcDcbDrawIndexAutoGetSize,src\SharpEmu.Libs\Agc\AgcGraphicsSizingV55Exports.cs,sceAgcDcbDrawIndexAutoGetSize,ALREADY_HLE
6ee9Hd3EWXQ,libSceAgc,libSceAgc,FUNC,1,NO_HLE_EXPORT,0,,,sceAgcDcbDrawIndexGetSize,HLE_CANDIDATE_VERIFY_AT_RUNTIME
qMlfB1ZhMDc,libSceAgc,libSceAgc,FUNC,1,IMPLEMENTED_HLE,1,sceAgcDcbDrawIndexOffsetGetSize,src\SharpEmu.Libs\Agc\AgcGraphicsSizingV55Exports.cs,sceAgcDcbDrawIndexOffsetGetSize,ALREADY_HLE
cxPZ4Wgvdj8,libSceAgc,libSceAgc,FUNC,1,IMPLEMENTED_HLE,1,sceAgcDcbDrawIndirectGetSize,src\SharpEmu.Libs\Agc\AgcGraphicsSizingV55Exports.cs,sceAgcDcbDrawIndirectGetSize,ALREADY_HLE
pYoKs3lPy88,libSceAgc,libSceAgc,FUNC,1,NO_HLE_EXPORT,0,,,sceAgcDcbDrawIndirectMultiGetSize,HLE_CANDIDATE_VERIFY_AT_RUNTIME
r98I08t+LOg,libSceAgc,libSceAgc,FUNC,1,IMPLEMENTED_HLE,1,sceAgcDcbDrawIndexIndirectMultiGetSize,src\SharpEmu.Libs\Agc\AgcExports.cs,sceAgcDcbDrawIndexIndirectMultiGetSize,ALREADY_HLE
mStuvI0zOtc,libSceAgc,libSceAgc,FUNC,1,IMPLEMENTED_HLE,1,sceAgcDcbDrawIndexIndirectGetSize,src\SharpEmu.Libs\Agc\AgcExports.cs,sceAgcDcbDrawIndexIndirectGetSize,ALREADY_HLE
mR9j7+SfM34,libSceAgc,libSceAgc,FUNC,1,NO_HLE_EXPORT,0,,,sceAgcDcbDrawIndexMultiInstancedGetSize,HLE_CANDIDATE_VERIFY_AT_RUNTIME
C4l9fB17t8w,libSceAgc,libSceAgc,FUNC,1,IMPLEMENTED_HLE,1,sceAgcDcbEventWriteGetSize,src\SharpEmu.Libs\Agc\AgcGraphicsSizingV55Exports.cs,sceAgcDcbEventWriteGetSize,ALREADY_HLE
rUuVjyR+Rd4,libSceAgc,libSceAgc,FUNC,1,IMPLEMENTED_HLE,1,sceAgcDcbGetLodStatsGetSize,src\SharpEmu.Libs\Agc\AgcExports.cs,sceAgcDcbGetLodStatsGetSize,ALREADY_HLE
9S4noWrUI0s,libSceAgc,libSceAgc,FUNC,1,NO_HLE_EXPORT,0,,,sceAgcDcbSetBaseDispatchIndirectArgsGetSize,HLE_CANDIDATE_VERIFY_AT_RUNTIME
MMlmJAL7N5w,libSceAgc,libSceAgc,FUNC,1,NO_HLE_EXPORT,0,,,sceAgcDcbSetBaseDrawIndirectArgsGetSize,HLE_CANDIDATE_VERIFY_AT_RUNTIME
ca4KPvp0qLQ,libSceAgc,libSceAgc,FUNC,1,IMPLEMENTED_HLE,1,sceAgcDcbSetIndexSizeGetSize,src\SharpEmu.Libs\Agc\AgcGraphicsSizingV55Exports.cs,sceAgcDcbSetIndexSizeGetSize,ALREADY_HLE
j4emHHndCPY,libSceAgc,libSceAgc,FUNC,1,IMPLEMENTED_HLE,1,sceAgcDcbSetIndexBufferGetSize,src\SharpEmu.Libs\Agc\AgcGraphicsSizingV55Exports.cs,sceAgcDcbSetIndexBufferGetSize,ALREADY_HLE
mljzuGDZRQ4,libSceAgc,libSceAgc,FUNC,1,IMPLEMENTED_HLE,1,sceAgcDcbSetIndexCountGetSize,src\SharpEmu.Libs\Agc\AgcExports.cs,sceAgcDcbSetIndexCountGetSize,ALREADY_HLE
6DFuRKT4C9w,libSceAgc,libSceAgc,FUNC,1,IMPLEMENTED_HLE,1,sceAgcDcbSetNumInstancesGetSize,src\SharpEmu.Libs\Agc\AgcGraphicsSizingV55Exports.cs,sceAgcDcbSetNumInstancesGetSize,ALREADY_HLE
+u6dKSLWM2o,libSceAgc,libSceAgc,FUNC,1,IMPLEMENTED_HLE,1,sceAgcDcbStallCommandBufferParserGetSize,src\SharpEmu.Libs\Agc\AgcExports.cs,sceAgcDcbStallCommandBufferParserGetSize,ALREADY_HLE
43WJ08sSugE,libSceAgc,libSceAgc,FUNC,1,NO_HLE_EXPORT,0,,,sceAgcDcbWaitOnAddressGetSize,HLE_CANDIDATE_VERIFY_AT_RUNTIME
QIXCsbipds0,libSceAgc,libSceAgc,FUNC,1,IMPLEMENTED_HLE,1,sceAgcDcbRewindGetSize,src\SharpEmu.Libs\Agc\AgcExports.cs,sceAgcDcbRewindGetSize,ALREADY_HLE
ms1xVoZ-Vwc,libSceAgc,libSceAgc,FUNC,1,NO_HLE_EXPORT,0,,,sceAgcDcbBeginOcclusionQueryGetSize,HLE_CANDIDATE_VERIFY_AT_RUNTIME
P1CugZ99Uzc,libSceAgc,libSceAgc,FUNC,1,NO_HLE_EXPORT,0,,,sceAgcDcbEndOcclusionQueryGetSize,HLE_CANDIDATE_VERIFY_AT_RUNTIME
XN+Iuu7XsM8,libSceAgc,libSceAgc,FUNC,1,NO_HLE_EXPORT,0,,,sceAgcDcbSetZPassPredicationEnableGetSize,HLE_CANDIDATE_VERIFY_AT_RUNTIME
yheJGN-ay+A,libSceAgc,libSceAgc,FUNC,1,NO_HLE_EXPORT,0,,,sceAgcDcbSetBoolPredicationEnableGetSize,HLE_CANDIDATE_VERIFY_AT_RUNTIME
vLrBL8DQiz8,libSceAgc,libSceAgc,FUNC,1,NO_HLE_EXPORT,0,,,sceAgcDcbSetPredicationDisableGetSize,HLE_CANDIDATE_VERIFY_AT_RUNTIME
KjPeVduz6jU,libSceAgc,libSceAgc,FUNC,1,NO_HLE_EXPORT,0,,,sceAgcDcbPrimeUtcl2GetSize,HLE_CANDIDATE_VERIFY_AT_RUNTIME
AFIh8SQkYlQ,libSceAgc,libSceAgc,FUNC,1,NO_HLE_EXPORT,0,,,sceAgcDcbSetIndexIndirectArgsGetSize,HLE_CANDIDATE_VERIFY_AT_RUNTIME
7Wa3aeJgeVU,libSceAgc,libSceAgc,FUNC,1,NO_HLE_EXPORT,0,,,,HLE_CANDIDATE_VERIFY_AT_RUNTIME
rP5xLdOf26k,libSceAgc,libSceAgc,FUNC,1,NO_HLE_EXPORT,0,,,,HLE_CANDIDATE_VERIFY_AT_RUNTIME
GXBlM-ekzrI,libSceAgc,libSceAgc,FUNC,1,NO_HLE_EXPORT,0,,,sceAgcBranchPatchSetCompareAddress,HLE_CANDIDATE_VERIFY_AT_RUNTIME
Ikfdt-rIqCE,libSceAgc,libSceAgc,FUNC,1,IMPLEMENTED_HLE,1,sceUnknownIkfdt,src\SharpEmu.Libs\Stubs\GameServiceStubs.cs,,ALREADY_HLE
Qrj4c+61z4A,libSceAgc,libSceAgc,FUNC,1,IMPLEMENTED_HLE,1,sceAgcSetShRegIndirectPatchSetAddress,src\SharpEmu.Libs\Agc\AgcExports.cs,sceAgcSetShRegIndirectPatchSetAddress,ALREADY_HLE
nCUgItdN2ms,libSceAgc,libSceAgc,FUNC,1,NO_HLE_EXPORT,0,,,sceAgcSetShRegIndirectPatchSetNumRegisters,HLE_CANDIDATE_VERIFY_AT_RUNTIME
z2duB-hHQSM,libSceAgc,libSceAgc,FUNC,1,IMPLEMENTED_HLE,1,sceAgcSetShRegIndirectPatchAddRegisters,src\SharpEmu.Libs\Agc\AgcExports.cs,sceAgcSetShRegIndirectPatchAddRegisters,ALREADY_HLE
vcmNN+AAXnY,libSceAgc,libSceAgc,FUNC,1,IMPLEMENTED_HLE,1,sceAgcSetCxRegIndirectPatchSetAddress,src\SharpEmu.Libs\Agc\AgcExports.cs,sceAgcSetCxRegIndirectPatchSetAddress,ALREADY_HLE
whb1RL7K4Ss,libSceAgc,libSceAgc,FUNC,1,NO_HLE_EXPORT,0,,,sceAgcSetCxRegIndirectPatchSetNumRegisters,HLE_CANDIDATE_VERIFY_AT_RUNTIME
d-6uF9sZDIU,libSceAgc,libSceAgc,FUNC,1,IMPLEMENTED_HLE,1,sceAgcSetCxRegIndirectPatchAddRegisters,src\SharpEmu.Libs\Agc\AgcExports.cs,sceAgcSetCxRegIndirectPatchAddRegisters,ALREADY_HLE
6lNcCp+fxi4,libSceAgc,libSceAgc,FUNC,1,IMPLEMENTED_HLE,1,sceAgcSetUcRegIndirectPatchSetAddress,src\SharpEmu.Libs\Agc\AgcExports.cs,sceAgcSetUcRegIndirectPatchSetAddress,ALREADY_HLE
fRG-JOH5+sI,libSceAgc,libSceAgc,FUNC,1,NO_HLE_EXPORT,0,,,sceAgcSetUcRegIndirectPatchSetNumRegisters,HLE_CANDIDATE_VERIFY_AT_RUNTIME
vRoArM9zaIk,libSceAgc,libSceAgc,FUNC,1,IMPLEMENTED_HLE,1,sceAgcSetUcRegIndirectPatchAddRegisters,src\SharpEmu.Libs\Agc\AgcExports.cs,sceAgcSetUcRegIndirectPatchAddRegisters,ALREADY_HLE
ORWsxIbk4TE,libSceAgc,libSceAgc,FUNC,1,NO_HLE_EXPORT,0,,,sceAgcCondExecPatchSetEnd,HLE_CANDIDATE_VERIFY_AT_RUNTIME
YWTKOju587o,libSceAgc,libSceAgc,FUNC,1,NO_HLE_EXPORT,0,,,sceAgcCondExecPatchSetCommandAddress,HLE_CANDIDATE_VERIFY_AT_RUNTIME
k-JpyR2dYAM,libSceAgc,libSceAgc,FUNC,1,NO_HLE_EXPORT,0,,,sceAgcAsyncCondExecPatchSetEnd,HLE_CANDIDATE_VERIFY_AT_RUNTIME
3ZWa3AoyWZQ,libSceAgc,libSceAgc,FUNC,1,NO_HLE_EXPORT,0,,,sceAgcAsyncCondExecPatchSetCommandAddress,HLE_CANDIDATE_VERIFY_AT_RUNTIME
ziVA3whp3p4,libSceAgc,libSceAgc,FUNC,1,IMPLEMENTED_HLE,1,sceAgcRewindPatchSetRewindState,src\SharpEmu.Libs\Agc\AgcExports.cs,sceAgcRewindPatchSetRewindState,ALREADY_HLE
eWaWyFegzgQ,libSceAgc,libSceAgc,FUNC,1,NO_HLE_EXPORT,0,,,sceAgcAsyncRewindPatchSetRewindState,HLE_CANDIDATE_VERIFY_AT_RUNTIME
w6Dj1VJt5qY,libSceAgc,libSceAgc,FUNC,1,IMPLEMENTED_HLE,1,sceAgcSetPacketPredication,src\SharpEmu.Libs\Agc\AgcExports.cs,sceAgcSetPacketPredication,ALREADY_HLE
n8vgpaQg6dA,libSceAgc,libSceAgc,FUNC,1,NO_HLE_EXPORT,0,,,sceAgcSetRangePredication,HLE_CANDIDATE_VERIFY_AT_RUNTIME
Lkf86B98qPc,libSceAgc,libSceAgc,FUNC,1,NO_HLE_EXPORT,0,,,sceAgcGetPacketSize,HLE_CANDIDATE_VERIFY_AT_RUNTIME
K2mciNVxUCE,libSceAgc,libSceAgc,FUNC,1,NO_HLE_EXPORT,0,,,sceAgcSetNop,HLE_CANDIDATE_VERIFY_AT_RUNTIME
V++UgBtQhn0,libSceAgc,libSceAgc,FUNC,1,IMPLEMENTED_HLE,1,sceAgcGetDataPacketPayloadAddress,src\SharpEmu.Libs\Agc\AgcExports.cs,,ALREADY_HLE
s+VGAMDQ0AQ,libSceAgc,libSceAgc,FUNC,1,NO_HLE_EXPORT,0,,,sceAgcGetDataPacketPayloadRange,HLE_CANDIDATE_VERIFY_AT_RUNTIME
IxYiarKlXxM,libSceAgc,libSceAgc,FUNC,1,IMPLEMENTED_HLE,1,sceAgcDmaDataPatchSetDstAddressOrOffset,src\SharpEmu.Libs\Agc\AgcExports.cs,sceAgcDmaDataPatchSetDstAddressOrOffset,ALREADY_HLE
cdDRpqcFGbU,libSceAgc,libSceAgc,FUNC,1,IMPLEMENTED_HLE,1,sceAgcDmaDataPatchSetSrcAddressOrOffsetOrImmediate,src\SharpEmu.Libs\Agc\AgcExports.cs,sceAgcDmaDataPatchSetSrcAddressOrOffsetOrImmediate,ALREADY_HLE
3KDcnM3lrcU,libSceAgc,libSceAgc,FUNC,1,IMPLEMENTED_HLE,1,sceAgcWaitRegMemPatchAddress,src\SharpEmu.Libs\Agc\AgcExports.cs,sceAgcWaitRegMemPatchAddress,ALREADY_HLE
n485EBnIWmk,libSceAgc,libSceAgc,FUNC,1,IMPLEMENTED_HLE,1,sceAgcWaitRegMemPatchCompareFunction,src\SharpEmu.Libs\Agc\AgcExports.cs,sceAgcWaitRegMemPatchCompareFunction,ALREADY_HLE
7nOoijNPvEU,libSceAgc,libSceAgc,FUNC,1,IMPLEMENTED_HLE,1,sceAgcWaitRegMemPatchReference,src\SharpEmu.Libs\Agc\AgcExports.cs,sceAgcWaitRegMemPatchReference,ALREADY_HLE
0fWWK5uG9rQ,libSceAgc,libSceAgc,FUNC,1,IMPLEMENTED_HLE,1,sceAgcQueueEndOfPipeActionPatchAddress,src\SharpEmu.Libs\Agc\AgcExports.cs,sceAgcQueueEndOfPipeActionPatchAddress,ALREADY_HLE
J8YCgfKAMQs,libSceAgc,libSceAgc,FUNC,1,IMPLEMENTED_HLE,1,sceAgcQueueEndOfPipeActionPatchGcrCntl,src\SharpEmu.Libs\Agc\AgcExports.cs,sceAgcQueueEndOfPipeActionPatchGcrCntl,ALREADY_HLE
MlEw1feXcjg,libSceAgc,libSceAgc,FUNC,1,IMPLEMENTED_HLE,1,sceAgcQueueEndOfPipeActionPatchData,src\SharpEmu.Libs\Agc\AgcExports.cs,sceAgcQueueEndOfPipeActionPatchData,ALREADY_HLE
T9fjQIINoeE,libSceAgc,libSceAgc,FUNC,1,IMPLEMENTED_HLE,1,sceAgcQueueEndOfPipeActionPatchType,src\SharpEmu.Libs\Agc\AgcExports.cs,sceAgcQueueEndOfPipeActionPatchType,ALREADY_HLE
W0WEyog0f74,libSceAgc,libSceAgc,FUNC,1,NO_HLE_EXPORT,0,,,sceAgcAcquireMemSetEngine,HLE_CANDIDATE_VERIFY_AT_RUNTIME
fPSCdQxgpSw,libSceAgc,libSceAgc,FUNC,1,IMPLEMENTED_HLE,1,sceAgcWriteDataPatchSetAddressOrOffset,src\SharpEmu.Libs\Agc\AgcExports.cs,sceAgcWriteDataPatchSetAddressOrOffset,ALREADY_HLE
eAy8eGNsCuU,libSceAgc,libSceAgc,FUNC,1,IMPLEMENTED_HLE,1,sceAgcWriteDataPatchSetCachePolicy,src\SharpEmu.Libs\Agc\AgcExports.cs,sceAgcWriteDataPatchSetCachePolicy,ALREADY_HLE
tmy-+rBpspY,libSceAgc,libSceAgc,FUNC,1,IMPLEMENTED_HLE,1,sceAgcWriteDataPatchSetDst,src\SharpEmu.Libs\Agc\AgcExports.cs,sceAgcWriteDataPatchSetDst,ALREADY_HLE
d4NZIlguzv0,libSceAgc,libSceAgc,FUNC,1,NO_HLE_EXPORT,0,,,sceAgcAsyncWriteDataPatchSetAddressOrOffset,HLE_CANDIDATE_VERIFY_AT_RUNTIME
y5K5tPktiL8,libSceAgc,libSceAgc,FUNC,1,NO_HLE_EXPORT,0,,,sceAgcAsyncWriteDataPatchSetCachePolicy,HLE_CANDIDATE_VERIFY_AT_RUNTIME
EJBA4dbmvfg,libSceAgc,libSceAgc,FUNC,1,NO_HLE_EXPORT,0,,,sceAgcAsyncWriteDataPatchSetDst,HLE_CANDIDATE_VERIFY_AT_RUNTIME
8aI7R7WaOlc,libSceAmpr,libSceAmpr,FUNC,1,IMPLEMENTED_HLE,1,sceAmprCommandBufferConstructor,src\SharpEmu.Libs\Ampr\AmprExports.cs,sceAmprCommandBufferConstructor,ALREADY_HLE
GuchCTefuZw,libSceAmpr,libSceAmpr,FUNC,1,IMPLEMENTED_HLE,1,sceAmprCommandBufferDestructor,src\SharpEmu.Libs\Ampr\AmprExports.cs,sceAmprCommandBufferDestructor,ALREADY_HLE
baQO9ez2gL4,libSceAmpr,libSceAmpr,FUNC,1,IMPLEMENTED_HLE,1,sceAmprCommandBufferReset,src\SharpEmu.Libs\Ampr\AmprExports.cs,sceAmprCommandBufferReset,ALREADY_HLE
N-FSPA4S3nI,libSceAmpr,libSceAmpr,FUNC,1,IMPLEMENTED_HLE,1,sceAmprCommandBufferSetBuffer,src\SharpEmu.Libs\Ampr\AmprExports.cs,sceAmprCommandBufferSetBuffer,ALREADY_HLE
ULvXMDz56po,libSceAmpr,libSceAmpr,FUNC,1,IMPLEMENTED_HLE,1,sceAmprCommandBufferClearBuffer,src\SharpEmu.Libs\Ampr\AmprExports.cs,sceAmprCommandBufferClearBuffer,ALREADY_HLE
VEDMaQmJZng,libSceAmpr,libSceAmpr,FUNC,1,NO_HLE_EXPORT,0,,,sceAmprCommandBufferGetType,HLE_CANDIDATE_VERIFY_AT_RUNTIME
tZDDEo2tE5k,libSceAmpr,libSceAmpr,FUNC,1,IMPLEMENTED_HLE,1,sceAmprCommandBufferGetSize,src\SharpEmu.Libs\Ampr\AmprExports.cs,sceAmprCommandBufferGetSize,ALREADY_HLE
RPCAhx-aabE,libSceAmpr,libSceAmpr,FUNC,1,IMPLEMENTED_HLE,1,sceAmprCommandBufferGetBufferBaseAddress,src\SharpEmu.Libs\Ampr\AmprExports.cs,sceAmprCommandBufferGetBufferBaseAddress,ALREADY_HLE
gzndltBEzWc,libSceAmpr,libSceAmpr,FUNC,1,IMPLEMENTED_HLE,1,sceAmprCommandBufferGetNumCommands,src\SharpEmu.Libs\Ampr\AmprExports.cs,sceAmprCommandBufferGetNumCommands,ALREADY_HLE
GnxKOHEawhk,libSceAmpr,libSceAmpr,FUNC,1,IMPLEMENTED_HLE,1,sceAmprCommandBufferGetCurrentOffset,src\SharpEmu.Libs\Ampr\AmprExports.cs,sceAmprCommandBufferGetCurrentOffset,ALREADY_HLE
DLfoNxTFNVk,libSceAmpr,libSceAmpr,FUNC,1,NO_HLE_EXPORT,0,,,sceAmprCommandBufferWaitOnAddress_04_00,HLE_CANDIDATE_VERIFY_AT_RUNTIME
cQb8Zr8Q0Y0,libSceAmpr,libSceAmpr,FUNC,1,NO_HLE_EXPORT,0,,,sceAmprCommandBufferWaitOnCounter_04_00,HLE_CANDIDATE_VERIFY_AT_RUNTIME
j0+3uJMxYJY,libSceAmpr,libSceAmpr,FUNC,1,IMPLEMENTED_HLE,1,sceAmprCommandBufferWriteAddress_04_00,src\SharpEmu.Libs\Ampr\AmprExports.cs,sceAmprCommandBufferWriteAddress_04_00,ALREADY_HLE
bt3LHR9xjK4,libSceAmpr,libSceAmpr,FUNC,1,NO_HLE_EXPORT,0,,,sceAmprCommandBufferWriteAddressFromTimeCounter_04_00,HLE_CANDIDATE_VERIFY_AT_RUNTIME
t4ExS+SwLjs,libSceAmpr,libSceAmpr,FUNC,1,NO_HLE_EXPORT,0,,,sceAmprCommandBufferWriteAddressFromCounter_04_00,HLE_CANDIDATE_VERIFY_AT_RUNTIME
enZm-6GjWqw,libSceAmpr,libSceAmpr,FUNC,1,NO_HLE_EXPORT,0,,,sceAmprCommandBufferWriteAddressFromCounterPair_04_00,HLE_CANDIDATE_VERIFY_AT_RUNTIME
jK+yuYCI7MA,libSceAmpr,libSceAmpr,FUNC,1,NO_HLE_EXPORT,0,,,sceAmprCommandBufferWriteCounter_04_00,HLE_CANDIDATE_VERIFY_AT_RUNTIME
H896Pt-yB4I,libSceAmpr,libSceAmpr,FUNC,1,IMPLEMENTED_HLE,1,sceAmprCommandBufferWriteKernelEventQueue_04_00,src\SharpEmu.Libs\Ampr\AmprExports.cs,sceAmprCommandBufferWriteKernelEventQueue_04_00,ALREADY_HLE
GmOguNIsuKk,libSceAmpr,libSceAmpr,FUNC,1,NO_HLE_EXPORT,0,,,sceAmprCommandBufferConstructNop,HLE_CANDIDATE_VERIFY_AT_RUNTIME
tNn5WBkta60,libSceAmpr,libSceAmpr,FUNC,1,NO_HLE_EXPORT,0,,,sceAmprCommandBufferNop,HLE_CANDIDATE_VERIFY_AT_RUNTIME
pFQ9UHpO52s,libSceAmpr,libSceAmpr,FUNC,1,NO_HLE_EXPORT,0,,,sceAmprCommandBufferNopWithData,HLE_CANDIDATE_VERIFY_AT_RUNTIME
4UkZbYKVF7c,libSceAmpr,libSceAmpr,FUNC,1,NO_HLE_EXPORT,0,,,sceAmprCommandBufferConstructMarker,HLE_CANDIDATE_VERIFY_AT_RUNTIME
sWbST0oQKsc,libSceAmpr,libSceAmpr,FUNC,1,NO_HLE_EXPORT,0,,,sceAmprCommandBufferSetMarkerWithColor,HLE_CANDIDATE_VERIFY_AT_RUNTIME
4quckD2y7Pg,libSceAmpr,libSceAmpr,FUNC,1,NO_HLE_EXPORT,0,,,sceAmprCommandBufferSetMarker,HLE_CANDIDATE_VERIFY_AT_RUNTIME
f12ObAMEi9A,libSceAmpr,libSceAmpr,FUNC,1,NO_HLE_EXPORT,0,,,sceAmprCommandBufferPushMarkerWithColor,HLE_CANDIDATE_VERIFY_AT_RUNTIME
dXPaz65HNmk,libSceAmpr,libSceAmpr,FUNC,1,NO_HLE_EXPORT,0,,,sceAmprCommandBufferPushMarker,HLE_CANDIDATE_VERIFY_AT_RUNTIME
mv0O8Zg0woU,libSceAmpr,libSceAmpr,FUNC,1,NO_HLE_EXPORT,0,,,sceAmprCommandBufferPopMarker,HLE_CANDIDATE_VERIFY_AT_RUNTIME
a8uLzYY--tM,libSceAmpr,libSceAmpr,FUNC,1,IMPLEMENTED_HLE,1,sceAmprAprCommandBufferConstructor,src\SharpEmu.Libs\Ampr\AmprExports.cs,sceAmprAprCommandBufferConstructor,ALREADY_HLE
Qs1xtplKo0U,libSceAmpr,libSceAmpr,FUNC,1,IMPLEMENTED_HLE,1,sceAmprAprCommandBufferDestructor,src\SharpEmu.Libs\Ampr\AmprExports.cs,sceAmprAprCommandBufferDestructor,ALREADY_HLE
mQ16-QdKv7k,libSceAmpr,libSceAmpr,FUNC,1,IMPLEMENTED_HLE,1,sceAmprAprCommandBufferReadFile,src\SharpEmu.Libs\Ampr\AmprExports.cs,sceAmprAprCommandBufferReadFile,ALREADY_HLE
mZSbNJVJpV8,libSceAmpr,libSceAmpr,FUNC,1,NO_HLE_EXPORT,0,,,sceAmprAprCommandBufferReadFileGather,HLE_CANDIDATE_VERIFY_AT_RUNTIME
Jg-AgkdJHkk,libSceAmpr,libSceAmpr,FUNC,1,NO_HLE_EXPORT,0,,,sceAmprAprCommandBufferReadFileScatter,HLE_CANDIDATE_VERIFY_AT_RUNTIME
BVmR1H8l+XI,libSceAmpr,libSceAmpr,FUNC,1,NO_HLE_EXPORT,0,,,sceAmprAprCommandBufferReadFileGatherScatter,HLE_CANDIDATE_VERIFY_AT_RUNTIME
YPxkUDhgoNI,libSceAmpr,libSceAmpr,FUNC,1,NO_HLE_EXPORT,0,,,sceAmprAprCommandBufferResetGatherScatterState,HLE_CANDIDATE_VERIFY_AT_RUNTIME
Eul7AGEpjLo,libSceAmpr,libSceAmpr,FUNC,1,NO_HLE_EXPORT,0,,,sceAmprAprCommandBufferMapBegin,HLE_CANDIDATE_VERIFY_AT_RUNTIME
bFEs0Gs6D2A,libSceAmpr,libSceAmpr,FUNC,1,NO_HLE_EXPORT,0,,,sceAmprAprCommandBufferMapDirectBegin,HLE_CANDIDATE_VERIFY_AT_RUNTIME
X169CE6G3Y4,libSceAmpr,libSceAmpr,FUNC,1,NO_HLE_EXPORT,0,,,sceAmprAprCommandBufferMapEnd,HLE_CANDIDATE_VERIFY_AT_RUNTIME
WT-5NKy42fw,libkernel,libkernel,FUNC,1,IMPLEMENTED_HLE,1,sceKernelAprResolveFilepathsToIds,src\SharpEmu.Libs\Kernel\KernelMemoryCompatExports.cs,sceKernelAprResolveFilepathsToIds,ALREADY_HLE
gEpBkcwxUjw,libkernel,libkernel,FUNC,1,IMPLEMENTED_HLE,1,sceKernelAprResolveFilepathsToIdsAndFileSizes,src\SharpEmu.Libs\Kernel\KernelMemoryCompatExports.cs,sceKernelAprResolveFilepathsToIdsAndFileSizes,ALREADY_HLE
i3HWvW35jao,libkernel,libkernel,FUNC,1,NO_HLE_EXPORT,0,,,sceKernelAprResolveFilepathsWithPrefixToIds,HLE_CANDIDATE_VERIFY_AT_RUNTIME
w5fcCG+t31g,libkernel,libkernel,FUNC,1,IMPLEMENTED_HLE,1,sceKernelAprResolveFilepathsWithPrefixToIdsAndFileSizes,src\SharpEmu.Libs\Kernel\KernelMemoryCompatExports.cs,sceKernelAprResolveFilepathsWithPrefixToIdsAndFileSizes,ALREADY_HLE
eYAh2vlCY-U,libkernel,libkernel,FUNC,1,NO_HLE_EXPORT,0,,,sceKernelAprResolveFilepathsToIdsForEach,HLE_CANDIDATE_VERIFY_AT_RUNTIME
QzB4O+bJQyA,libkernel,libkernel,FUNC,1,NO_HLE_EXPORT,0,,,sceKernelAprResolveFilepathsToIdsAndFileSizesForEach,HLE_CANDIDATE_VERIFY_AT_RUNTIME
VB-BtuIW8Xc,libkernel,libkernel,FUNC,1,NO_HLE_EXPORT,0,,,sceKernelAprResolveFilepathsWithPrefixToIdsForEach,HLE_CANDIDATE_VERIFY_AT_RUNTIME
C+Khtbbx2g8,libkernel,libkernel,FUNC,1,NO_HLE_EXPORT,0,,,sceKernelAprResolveFilepathsWithPrefixToIdsAndFileSizesForEach,HLE_CANDIDATE_VERIFY_AT_RUNTIME
WvEu7yl3Ivg,libkernel,libkernel,FUNC,1,NO_HLE_EXPORT,0,,,sceKernelAprGetFileSize,HLE_CANDIDATE_VERIFY_AT_RUNTIME
ApkYaHb8Sek,libkernel,libkernel,FUNC,1,IMPLEMENTED_HLE,1,sceKernelAprGetFileStat,src\SharpEmu.Libs\Kernel\KernelMemoryCompatExports.cs,sceKernelAprGetFileStat,ALREADY_HLE
eE4Szl8sil8,libkernel,libkernel,FUNC,1,IMPLEMENTED_HLE,1,sceKernelAprSubmitCommandBuffer,src\SharpEmu.Libs\Kernel\KernelAprCompatExports.cs,sceKernelAprSubmitCommandBuffer,ALREADY_HLE
qvMUCyyaCSI,libkernel,libkernel,FUNC,1,IMPLEMENTED_HLE,1,sceKernelAprSubmitCommandBufferAndGetId,src\SharpEmu.Libs\Kernel\KernelAprCompatExports.cs,sceKernelAprSubmitCommandBufferAndGetId,ALREADY_HLE
ASoW5WE-UPo,libkernel,libkernel,FUNC,1,IMPLEMENTED_HLE,1,sceKernelAprSubmitCommandBufferAndGetResult,src\SharpEmu.Libs\Kernel\KernelAprCompatExports.cs,sceKernelAprSubmitCommandBufferAndGetResult,ALREADY_HLE
rqwFKI4PAiM,libkernel,libkernel,FUNC,1,IMPLEMENTED_HLE,1,sceKernelAprWaitCommandBuffer,src\SharpEmu.Libs\Kernel\KernelAprCompatExports.cs,sceKernelAprWaitCommandBuffer,ALREADY_HLE
0BMj1hgG+kE,libSceAmpr,libSceAmpr,FUNC,1,NO_HLE_EXPORT,0,,,sceAmprMeasureCommandSizeWaitOnAddress_04_00,HLE_CANDIDATE_VERIFY_AT_RUNTIME
ClnsFLLLcss,libSceAmpr,libSceAmpr,FUNC,1,NO_HLE_EXPORT,0,,,sceAmprMeasureCommandSizeWaitOnCounter_04_00,HLE_CANDIDATE_VERIFY_AT_RUNTIME
4fgtGfXDrFc,libSceAmpr,libSceAmpr,FUNC,1,IMPLEMENTED_HLE,1,sceAmprMeasureCommandSizeWriteAddress_04_00,src\SharpEmu.Libs\Ampr\AmprExports.cs,sceAmprMeasureCommandSizeWriteAddress_04_00,ALREADY_HLE
gAtc79UTt5E,libSceAmpr,libSceAmpr,FUNC,1,NO_HLE_EXPORT,0,,,sceAmprMeasureCommandSizeWriteAddressFromTimeCounter_04_00,HLE_CANDIDATE_VERIFY_AT_RUNTIME
JYd9g9L+TmE,libSceAmpr,libSceAmpr,FUNC,1,NO_HLE_EXPORT,0,,,sceAmprMeasureCommandSizeWriteAddressFromCounter_04_00,HLE_CANDIDATE_VERIFY_AT_RUNTIME
2Hw8gjMdwSY,libSceAmpr,libSceAmpr,FUNC,1,NO_HLE_EXPORT,0,,,sceAmprMeasureCommandSizeWriteAddressFromCounterPair_04_00,HLE_CANDIDATE_VERIFY_AT_RUNTIME
I-Qm+MEso5c,libSceAmpr,libSceAmpr,FUNC,1,NO_HLE_EXPORT,0,,,sceAmprMeasureCommandSizeWriteCounter_04_00,HLE_CANDIDATE_VERIFY_AT_RUNTIME
sSAUCCU1dv4,libSceAmpr,libSceAmpr,FUNC,1,IMPLEMENTED_HLE,1,sceAmprMeasureCommandSizeWriteKernelEventQueue_04_00,src\SharpEmu.Libs\Ampr\AmprExports.cs,sceAmprMeasureCommandSizeWriteKernelEventQueue_04_00,ALREADY_HLE
NNIZ-FMyz3M,libSceAmpr,libSceAmpr,FUNC,1,NO_HLE_EXPORT,0,,,sceAmprMeasureCommandSizeNop,HLE_CANDIDATE_VERIFY_AT_RUNTIME
Xp85BP3+BBI,libSceAmpr,libSceAmpr,FUNC,1,NO_HLE_EXPORT,0,,,sceAmprMeasureCommandSizeNopWithData,HLE_CANDIDATE_VERIFY_AT_RUNTIME
vWU-odnS+fU,libSceAmpr,libSceAmpr,FUNC,1,IMPLEMENTED_HLE,1,sceAmprMeasureCommandSizeReadFile,src\SharpEmu.Libs\Ampr\AmprExports.cs,sceAmprMeasureCommandSizeReadFile,ALREADY_HLE
qesF88X4DRg,libSceAmpr,libSceAmpr,FUNC,1,NO_HLE_EXPORT,0,,,sceAmprMeasureCommandSizeReadFileGather,HLE_CANDIDATE_VERIFY_AT_RUNTIME
7nXGDGMXSqo,libSceAmpr,libSceAmpr,FUNC,1,NO_HLE_EXPORT,0,,,sceAmprMeasureCommandSizeReadFileScatter,HLE_CANDIDATE_VERIFY_AT_RUNTIME
DXmgc5op8Yw,libSceAmpr,libSceAmpr,FUNC,1,NO_HLE_EXPORT,0,,,sceAmprMeasureCommandSizeReadFileGatherScatter,HLE_CANDIDATE_VERIFY_AT_RUNTIME
rddQYXM0CjM,libSceAmpr,libSceAmpr,FUNC,1,NO_HLE_EXPORT,0,,,sceAmprMeasureCommandSizeResetGatherScatterState,HLE_CANDIDATE_VERIFY_AT_RUNTIME
kdFImtTD0hc,libSceAmpr,libSceAmpr,FUNC,1,NO_HLE_EXPORT,0,,,sceAmprMeasureCommandSizeMapBegin,HLE_CANDIDATE_VERIFY_AT_RUNTIME
qvbdJc7bG+s,libSceAmpr,libSceAmpr,FUNC,1,NO_HLE_EXPORT,0,,,sceAmprMeasureCommandSizeMapDirectBegin,HLE_CANDIDATE_VERIFY_AT_RUNTIME
iwTNhyaemnw,libSceAmpr,libSceAmpr,FUNC,1,NO_HLE_EXPORT,0,,,sceAmprMeasureCommandSizeMapEnd,HLE_CANDIDATE_VERIFY_AT_RUNTIME
tmfr97+ED5I,libSceAmpr,libSceAmpr,FUNC,1,NO_HLE_EXPORT,0,,,sceAmprMeasureCommandSizeSetMarkerWithColor,HLE_CANDIDATE_VERIFY_AT_RUNTIME
VGkEj4d6-Kg,libSceAmpr,libSceAmpr,FUNC,1,NO_HLE_EXPORT,0,,,sceAmprMeasureCommandSizeSetMarker,HLE_CANDIDATE_VERIFY_AT_RUNTIME
3OfeY4pzDV0,libSceAmpr,libSceAmpr,FUNC,1,NO_HLE_EXPORT,0,,,sceAmprMeasureCommandSizePushMarkerWithColor,HLE_CANDIDATE_VERIFY_AT_RUNTIME
0RdLmAh7WVo,libSceAmpr,libSceAmpr,FUNC,1,NO_HLE_EXPORT,0,,,sceAmprMeasureCommandSizePushMarker,HLE_CANDIDATE_VERIFY_AT_RUNTIME
pbnNnahE8vk,libSceAmpr,libSceAmpr,FUNC,1,NO_HLE_EXPORT,0,,,sceAmprMeasureCommandSizePopMarker,HLE_CANDIDATE_VERIFY_AT_RUNTIME
w21YgGGNtBk,libSceNet,libSceNet,FUNC,1,NO_HLE_EXPORT,0,,,sceNetEpollAbort,HLE_CANDIDATE_VERIFY_AT_RUNTIME
zJGf8xjFnQE,libSceNet,libSceNet,FUNC,1,NO_HLE_EXPORT,0,,,sceNetSocketAbort,HLE_CANDIDATE_VERIFY_AT_RUNTIME
DOwXL+FQMEY,libSceSsl,libSceSsl,FUNC,1,NO_HLE_EXPORT,0,,,sceSslGetSerialNumber,HLE_CANDIDATE_VERIFY_AT_RUNTIME
EY28T2bkN7k,libSceHttp,libSceHttp,FUNC,1,NO_HLE_EXPORT,0,,,sceHttpAddRequestHeader,HLE_CANDIDATE_VERIFY_AT_RUNTIME
4I8vEpuEhZ8,libSceHttp,libSceHttp,FUNC,1,IMPLEMENTED_HLE,1,sceHttpDeleteTemplate,src\SharpEmu.Libs\Network\HttpExports.cs,sceHttpDeleteTemplate,ALREADY_HLE
6381dWF+xsQ,libSceHttp,libSceHttp,FUNC,1,NO_HLE_EXPORT,0,,,sceHttpCreateEpoll,HLE_CANDIDATE_VERIFY_AT_RUNTIME
htyBOoWeS58,libSceHttp,libSceHttp,FUNC,1,NO_HLE_EXPORT,0,,,sceHttpsSetSslCallback,HLE_CANDIDATE_VERIFY_AT_RUNTIME
P5pdoykPYTk,libSceHttp,libSceHttp,FUNC,1,NO_HLE_EXPORT,0,,,sceHttpReadData,HLE_CANDIDATE_VERIFY_AT_RUNTIME
P6A3ytpsiYc,libSceHttp,libSceHttp,FUNC,1,NO_HLE_EXPORT,0,,,sceHttpDeleteConnection,HLE_CANDIDATE_VERIFY_AT_RUNTIME
-xm7kZQNpHI,libSceHttp,libSceHttp,FUNC,1,NO_HLE_EXPORT,0,,,sceHttpSetEpoll,HLE_CANDIDATE_VERIFY_AT_RUNTIME
0a2TBNfE3BU,libSceHttp,libSceHttp,FUNC,1,NO_HLE_EXPORT,0,,,sceHttpGetStatusCode,HLE_CANDIDATE_VERIFY_AT_RUNTIME
qISjDHrxONc,libSceHttp,libSceHttp,FUNC,1,NO_HLE_EXPORT,0,,,sceHttpWaitRequest,HLE_CANDIDATE_VERIFY_AT_RUNTIME
qgxDBjorUxs,libSceHttp,libSceHttp,FUNC,1,NO_HLE_EXPORT,0,,,sceHttpCreateConnectionWithURL,HLE_CANDIDATE_VERIFY_AT_RUNTIME
Ik-KpLTlf7Q,libSceHttp,libSceHttp,FUNC,1,IMPLEMENTED_HLE,1,sceHttpTerm,src\SharpEmu.Libs\Network\HttpExports.cs,sceHttpTerm,ALREADY_HLE
yuO2H2Uvnos,libSceHttp,libSceHttp,FUNC,1,NO_HLE_EXPORT,0,,,sceHttpGetResponseContentLength,HLE_CANDIDATE_VERIFY_AT_RUNTIME
wYhXVfS2Et4,libSceHttp,libSceHttp,FUNC,1,NO_HLE_EXPORT,0,,,sceHttpDestroyEpoll,HLE_CANDIDATE_VERIFY_AT_RUNTIME
59tL1AQBb8U,libSceHttp,libSceHttp,FUNC,1,NO_HLE_EXPORT,0,,,sceHttpUnsetEpoll,HLE_CANDIDATE_VERIFY_AT_RUNTIME
s2-NPIvz+iA,libSceHttp,libSceHttp,FUNC,1,NO_HLE_EXPORT,0,,,sceHttpSetNonblock,HLE_CANDIDATE_VERIFY_AT_RUNTIME
PDxS48xGQLs,libSceHttp,libSceHttp,FUNC,1,NO_HLE_EXPORT,0,,,sceHttpSetChunkedTransferEnabled,HLE_CANDIDATE_VERIFY_AT_RUNTIME
qe7oZ+v4PWA,libSceHttp,libSceHttp,FUNC,1,NO_HLE_EXPORT,0,,,sceHttpDeleteRequest,HLE_CANDIDATE_VERIFY_AT_RUNTIME
A9cVMUtEp4Y,libSceHttp,libSceHttp,FUNC,1,IMPLEMENTED_HLE,1,sceHttpInit,src\SharpEmu.Libs\Network\HttpExports.cs,sceHttpInit,ALREADY_HLE
Aeu5wVKkF9w,libSceHttp,libSceHttp,FUNC,1,NO_HLE_EXPORT,0,,,sceHttpCreateRequestWithURL,HLE_CANDIDATE_VERIFY_AT_RUNTIME
hvG6GfBMXg8,libSceHttp,libSceHttp,FUNC,1,NO_HLE_EXPORT,0,,,sceHttpAbortRequest,HLE_CANDIDATE_VERIFY_AT_RUNTIME
0gYjPTR-6cY,libSceHttp,libSceHttp,FUNC,1,IMPLEMENTED_HLE,1,sceHttpCreateTemplate,src\SharpEmu.Libs\Network\HttpExports.cs,sceHttpCreateTemplate,ALREADY_HLE
1e2BNwI-XzE,libSceHttp,libSceHttp,FUNC,1,NO_HLE_EXPORT,0,,,sceHttpSendRequest,HLE_CANDIDATE_VERIFY_AT_RUNTIME
Xs9hdiD7sAA,libkernel,libScePosix,FUNC,1,IMPLEMENTED_HLE,1,pthread_setschedparam,src\SharpEmu.Libs\Kernel\KernelPthreadExtendedCompatExports.cs,pthread_setschedparam,ALREADY_HLE
FIs3-UQT9sg,libkernel,libScePosix,FUNC,1,IMPLEMENTED_HLE,1,pthread_getschedparam,src\SharpEmu.Libs\Kernel\KernelPthreadExtendedCompatExports.cs,pthread_getschedparam,ALREADY_HLE
EotR8a3ASf4,libkernel,libScePosix,FUNC,1,IMPLEMENTED_HLE,1,pthread_self,src\SharpEmu.Libs\Kernel\KernelPthreadCompatExports.cs,pthread_self,ALREADY_HLE
ekNvsT22rsY,libSceAudioOut,libSceAudioOut,FUNC,1,IMPLEMENTED_HLE,1,sceAudioOutOpen,src\SharpEmu.Libs\Audio\AudioOutExports.cs,sceAudioOutOpen,ALREADY_HLE
b+uAV89IlxE,libSceAudioOut,libSceAudioOut,FUNC,1,IMPLEMENTED_HLE,1,sceAudioOutSetVolume,src\SharpEmu.Libs\Audio\AudioOutExports.cs,sceAudioOutSetVolume,ALREADY_HLE
s1--uE9mBFw,libSceAudioOut,libSceAudioOut,FUNC,1,IMPLEMENTED_HLE,1,sceAudioOutClose,src\SharpEmu.Libs\Audio\AudioOutExports.cs,sceAudioOutClose,ALREADY_HLE
QOQtbeDqsT4,libSceAudioOut,libSceAudioOut,FUNC,1,IMPLEMENTED_HLE,1,sceAudioOutOutput,src\SharpEmu.Libs\Audio\AudioOutExports.cs,sceAudioOutOutput,ALREADY_HLE
uJ3m8INuikg,libSceAjm,libSceAjm,FUNC,1,IMPLEMENTED_HLE,1,sceAjmBatchJobClearContext,src\SharpEmu.Libs\Audio\AjmExports.cs,sceAjmBatchJobClearContext,ALREADY_HLE
Z9NVCesiP0Q,libSceAjm,libSceAjm,FUNC,1,IMPLEMENTED_HLE,1,sceAjmBatchJobRunSplit,src\SharpEmu.Libs\Audio\AjmExports.cs,sceAjmBatchJobRunSplit,ALREADY_HLE
-qLsfDAywIY,libSceAjm,libSceAjm,FUNC,1,IMPLEMENTED_HLE,1,sceAjmBatchWait,src\SharpEmu.Libs\Audio\AjmExports.cs,sceAjmBatchWait,ALREADY_HLE
MmpF1XsQiHw,libSceAjm,libSceAjm,FUNC,1,IMPLEMENTED_HLE,1,sceAjmBatchInitialize,src\SharpEmu.Libs\Audio\AjmExports.cs,sceAjmBatchInitialize,ALREADY_HLE
eDFeTyi+G3Y,libSceAjm,libSceAjm,FUNC,1,NO_HLE_EXPORT,0,,,sceAjmDecMp3ParseFrame,HLE_CANDIDATE_VERIFY_AT_RUNTIME
bkRHEYG6lEM,libSceAjm,libSceAjm,FUNC,1,IMPLEMENTED_HLE,1,sceAjmMemoryRegister,src\SharpEmu.Libs\Audio\AjmExports.cs,sceAjmMemoryRegister,ALREADY_HLE
MHur6qCsUus,libSceAjm,libSceAjm,FUNC,1,IMPLEMENTED_HLE,1,sceAjmFinalize,src\SharpEmu.Libs\Audio\AjmExports.cs,sceAjmFinalize,ALREADY_HLE
AxoDrINp4J8,libSceAjm,libSceAjm,FUNC,1,IMPLEMENTED_HLE,1,sceAjmInstanceCreate,src\SharpEmu.Libs\Audio\AjmExports.cs,sceAjmInstanceCreate,ALREADY_HLE
ezM2OhNxzck,libSceAjm,libSceAjm,FUNC,1,IMPLEMENTED_HLE,1,sceAjmBatchJobInitialize,src\SharpEmu.Libs\Audio\AjmExports.cs,sceAjmBatchJobInitialize,ALREADY_HLE
WfAiBW8Wcek,libSceAjm,libSceAjm,FUNC,1,NO_HLE_EXPORT,0,,,sceAjmBatchErrorDump,HLE_CANDIDATE_VERIFY_AT_RUNTIME
1t3ixYNXyuc,libSceAjm,libSceAjm,FUNC,1,IMPLEMENTED_HLE,1,sceAjmDecAt9ParseConfigData,src\SharpEmu.Libs\Audio\AjmExports.cs,sceAjmDecAt9ParseConfigData,ALREADY_HLE
Wi7DtlLV+KI,libSceAjm,libSceAjm,FUNC,1,IMPLEMENTED_HLE,1,sceAjmModuleUnregister,src\SharpEmu.Libs\Audio\AjmExports.cs,sceAjmModuleUnregister,ALREADY_HLE
3cAg7xN995U,libSceAjm,libSceAjm,FUNC,1,IMPLEMENTED_HLE,1,sceAjmBatchJobGetStatistics,src\SharpEmu.Libs\Audio\AjmExports.cs,sceAjmBatchJobGetStatistics,ALREADY_HLE
pIpGiaYkHkM,libSceAjm,libSceAjm,FUNC,1,IMPLEMENTED_HLE,1,sceAjmMemoryUnregister,src\SharpEmu.Libs\Audio\AjmExports.cs,sceAjmMemoryUnregister,ALREADY_HLE
SkEwpiu3tZg,libSceAjm,libSceAjm,FUNC,1,IMPLEMENTED_HLE,1,sceAjmBatchJobSetGaplessDecode,src\SharpEmu.Libs\Audio\AjmExports.cs,sceAjmBatchJobSetGaplessDecode,ALREADY_HLE
Q3dyFuwGn64,libSceAjm,libSceAjm,FUNC,1,IMPLEMENTED_HLE,1,sceAjmModuleRegister,src\SharpEmu.Libs\Audio\AjmExports.cs,sceAjmModuleRegister,ALREADY_HLE
RbLbuKv8zho,libSceAjm,libSceAjm,FUNC,1,IMPLEMENTED_HLE,1,sceAjmInstanceDestroy,src\SharpEmu.Libs\Audio\AjmExports.cs,sceAjmInstanceDestroy,ALREADY_HLE
dl+4eHSzUu4,libSceAjm,libSceAjm,FUNC,1,IMPLEMENTED_HLE,1,sceAjmInitialize,src\SharpEmu.Libs\Ajm\AjmExports.cs,sceAjmInitialize,ALREADY_HLE
5tOfnaClcqM,libSceAjm,libSceAjm,FUNC,1,IMPLEMENTED_HLE,1,sceAjmBatchStart,src\SharpEmu.Libs\Audio\AjmExports.cs,sceAjmBatchStart,ALREADY_HLE
JGgj7Uvrl+A,libkernel,libkernel,FUNC,1,IMPLEMENTED_HLE,1,scePthreadCondBroadcast,src\SharpEmu.Libs\Kernel\KernelPthreadCompatExports.cs,scePthreadCondBroadcast,ALREADY_HLE
1tKyG7RlMJo,libkernel,libkernel,FUNC,1,IMPLEMENTED_HLE,1,scePthreadGetprio,src\SharpEmu.Libs\Kernel\KernelPthreadExtendedCompatExports.cs,scePthreadGetprio,ALREADY_HLE
-2IRUCO--PM,libkernel,libkernel,FUNC,1,IMPLEMENTED_HLE,1,sceKernelReadTsc,src\SharpEmu.Libs\Kernel\KernelRuntimeCompatExports.cs,sceKernelReadTsc,ALREADY_HLE
2X5agFjKxMc,libc,libc,FUNC,1,IMPLEMENTED_HLE,1,calloc,src\SharpEmu.Libs\Kernel\KernelMemoryCompatExports.cs,calloc,ALREADY_HLE
-QgqOT5u2Vk,libc,libc,FUNC,1,NO_HLE_EXPORT,0,,,_Assert,NATIVE_PRX_OR_DATA_VERIFY_AT_RUNTIME
pDmme7Bgm6E,libSceAudioOut,libSceAudioOut2,FUNC,1,IMPLEMENTED_HLE,1,sceAudioOut2ContextQueryMemory,src\SharpEmu.Libs\Audio\AudioOut2Exports.cs,sceAudioOut2ContextQueryMemory,ALREADY_HLE
aII9h5nli9U,libSceAudioOut,libSceAudioOut2,FUNC,1,IMPLEMENTED_HLE,1,sceAudioOut2ContextPush,src\SharpEmu.Libs\Audio\AudioOut2Exports.cs,sceAudioOut2ContextPush,ALREADY_HLE
R7d0F1g2qsU,libSceAudioOut,libSceAudioOut2,FUNC,1,IMPLEMENTED_HLE,1,sceAudioOut2ContextGetQueueLevel,src\SharpEmu.Libs\Audio\AudioOut2Exports.cs,sceAudioOut2ContextGetQueueLevel,ALREADY_HLE
cd+Rtw+D1x8,libSceAudioOut,libSceAudioOut2,FUNC,1,IMPLEMENTED_HLE,1,sceAudioOut2PortDestroy,src\SharpEmu.Libs\Audio\AudioOut2Exports.cs,sceAudioOut2PortDestroy,ALREADY_HLE
xywYcRB7nbQ,libSceAudioOut,libSceAudioOut2,FUNC,1,IMPLEMENTED_HLE,1,sceAudioOut2UserCreate,src\SharpEmu.Libs\Audio\AudioOut2Exports.cs,sceAudioOut2UserCreate,ALREADY_HLE
t5YrizufpQc,libSceAudioOut,libSceAudioOut2,FUNC,1,IMPLEMENTED_HLE,1,sceAudioOut2ContextResetParam,src\SharpEmu.Libs\Audio\AudioOut2Exports.cs,sceAudioOut2ContextResetParam,ALREADY_HLE
JK2wamZPzwM,libSceAudioOut,libSceAudioOut2,FUNC,1,IMPLEMENTED_HLE,1,sceAudioOut2PortCreate,src\SharpEmu.Libs\Audio\AudioOut2Exports.cs,sceAudioOut2PortCreate,ALREADY_HLE
g2tViFIohHE,libSceAudioOut,libSceAudioOut2,FUNC,1,IMPLEMENTED_HLE,1,sceAudioOut2Initialize,src\SharpEmu.Libs\Audio\AudioOut2Exports.cs,sceAudioOut2Initialize,ALREADY_HLE
DImz2Ft9E2g,libSceAudioOut,libSceAudioOut2,FUNC,1,IMPLEMENTED_HLE,1,sceAudioOut2GetSpeakerInfo,src\SharpEmu.Libs\Audio\AudioOut2Exports.cs,sceAudioOut2GetSpeakerInfo,ALREADY_HLE
gatEUKG+Ea4,libSceAudioOut,libSceAudioOut2,FUNC,1,IMPLEMENTED_HLE,1,sceAudioOut2PortGetState,src\SharpEmu.Libs\Audio\AudioOut2Exports.cs,sceAudioOut2PortGetState,ALREADY_HLE
PE2zHMqLSHs,libSceAudioOut,libSceAudioOut2,FUNC,1,IMPLEMENTED_HLE,1,sceAudioOut2ContextAdvance,src\SharpEmu.Libs\Audio\AudioOut2Exports.cs,sceAudioOut2ContextAdvance,ALREADY_HLE
0x6o1VVAYSY,libSceAudioOut,libSceAudioOut2,FUNC,1,IMPLEMENTED_HLE,1,sceAudioOut2ContextCreate,src\SharpEmu.Libs\Audio\AudioOut2Exports.cs,sceAudioOut2ContextCreate,ALREADY_HLE
8XTArSPyWHk,libSceAudioOut,libSceAudioOut2,FUNC,1,IMPLEMENTED_HLE,1,sceAudioOut2PortSetAttributes,src\SharpEmu.Libs\Audio\AudioOut2Exports.cs,sceAudioOut2PortSetAttributes,ALREADY_HLE
IaZXJ9M79uo,libSceAudioOut,libSceAudioOut2,FUNC,1,IMPLEMENTED_HLE,1,sceAudioOut2UserDestroy,src\SharpEmu.Libs\Audio\AudioOut2Exports.cs,sceAudioOut2UserDestroy,ALREADY_HLE
on6ZH7Abo10,libSceAudioOut,libSceAudioOut2,FUNC,1,IMPLEMENTED_HLE,1,sceAudioOut2ContextDestroy,src\SharpEmu.Libs\Audio\AudioOut2Exports.cs,sceAudioOut2ContextDestroy,ALREADY_HLE
lA94ZgT+vMM,libc,libc,FUNC,1,IMPLEMENTED_HLE,1,__isnanf,src\SharpEmu.Libs\LibcCompat\RuntimePosixRemainingExportsV54.cs,__isnanf,ALREADY_HLE
rDMyAf1Jhug,libc,libc,FUNC,1,IMPLEMENTED_HLE,1,__isinff,src\SharpEmu.Libs\LibcCompat\RuntimePosixRemainingExportsV54.cs,__isinff,ALREADY_HLE
St9nbxSoezk,libc,libc,FUNC,1,NO_HLE_EXPORT,0,,,clearerr,NATIVE_PRX_OR_DATA_VERIFY_AT_RUNTIME
LxcEU+ICu8U,libc,libc,FUNC,1,IMPLEMENTED_HLE,1,feof,src\SharpEmu.Libs\LibcStdioExports.cs,feof,ALREADY_HLE
x1X76arYMxU,libkernel,libkernel,FUNC,1,IMPLEMENTED_HLE,1,scePthreadAttrGet,src\SharpEmu.Libs\Kernel\KernelPthreadExtendedCompatExports.cs,scePthreadAttrGet,ALREADY_HLE
Ru36fiTtJzA,libkernel,libkernel,FUNC,1,IMPLEMENTED_HLE,1,scePthreadAttrGetstackaddr,src\SharpEmu.Libs\Kernel\KernelPthreadExtendedCompatExports.cs,scePthreadAttrGetstackaddr,ALREADY_HLE
EI-5-jlq2dE,libkernel,libkernel,FUNC,1,IMPLEMENTED_HLE,1,scePthreadGetthreadid,src\SharpEmu.Libs\Kernel\KernelPthreadCompatExports.cs,scePthreadGetthreadid,ALREADY_HLE
5TgME6AYty4,libkernel,libkernel,FUNC,1,NO_HLE_EXPORT,0,,,sceKernelAioDeleteRequest,HLE_CANDIDATE_VERIFY_AT_RUNTIME
2pOuoWoCxdk,libkernel,libkernel,FUNC,1,NO_HLE_EXPORT,0,,,sceKernelAioPollRequest,HLE_CANDIDATE_VERIFY_AT_RUNTIME
HgX7+AORI58,libkernel,libkernel,FUNC,1,NO_HLE_EXPORT,0,,,sceKernelAioSubmitReadCommands,HLE_CANDIDATE_VERIFY_AT_RUNTIME
4J2sUJmuHZQ,libkernel,libkernel,FUNC,1,IMPLEMENTED_HLE,1,sceKernelGetProcessTime,src\SharpEmu.Libs\Kernel\KernelRuntimeCompatExports.cs,sceKernelGetProcessTime,ALREADY_HLE
waPcxYiR3WA,libkernel,libkernel,FUNC,1,IMPLEMENTED_HLE,1,scePthreadCondattrDestroy,src\SharpEmu.Libs\Kernel\KernelPthreadCompatExports.cs,scePthreadCondattrDestroy,ALREADY_HLE
m5-2bsNfv7s,libkernel,libkernel,FUNC,1,IMPLEMENTED_HLE,1,scePthreadCondattrInit,src\SharpEmu.Libs\Kernel\KernelPthreadCompatExports.cs,scePthreadCondattrInit,ALREADY_HLE
cQke9UuBQOk,libkernel,libkernel,FUNC,1,IMPLEMENTED_HLE,1,sceKernelMunmap,src\SharpEmu.Libs\Kernel\KernelMemoryCompatExports.cs,sceKernelMunmap,ALREADY_HLE
8fe55ktlNVo,libSceAcm,libSceAcm,FUNC,1,IMPLEMENTED_HLE,1,sceAcmBatchStartBuffers,src\SharpEmu.Libs\Acm\AcmExports.cs,sceAcmBatchStartBuffers,ALREADY_HLE
RLN3gRlXJLE,libSceAcm,libSceAcm,FUNC,1,IMPLEMENTED_HLE,1,sceAcmBatchWait,src\SharpEmu.Libs\Acm\AcmExports.cs,sceAcmBatchWait,ALREADY_HLE
ZIXln2K3XMk,libSceAcm,libSceAcm,FUNC,1,IMPLEMENTED_HLE,1,sceAcmContextCreate,src\SharpEmu.Libs\Acm\AcmExports.cs,sceAcmContextCreate,ALREADY_HLE
jBgBjAj02R8,libSceAcm,libSceAcm,FUNC,1,IMPLEMENTED_HLE,1,sceAcmContextDestroy,src\SharpEmu.Libs\Acm\AcmExports.cs,sceAcmContextDestroy,ALREADY_HLE
u70oWo92SYQ,libSceAcm,libSceAcm,FUNC,1,IMPLEMENTED_HLE,1,sceAcm_ConvReverb_SharedInput,src\SharpEmu.Libs\Acm\AcmExports.cs,sceAcm_ConvReverb_SharedInput,ALREADY_HLE
3WVD91e12ZQ,libScePsml,libScePsml,FUNC,1,IMPLEMENTED_HLE,1,scePsmlMfsrInit,src\SharpEmu.Libs\Psml\PsmlExports.cs,scePsmlMfsrInit,ALREADY_HLE
+2KpvixvL6E,libScePsml,libScePsml,FUNC,1,IMPLEMENTED_HLE,1,scePsmlMfsrGetSharedResourcesInitRequirement,src\SharpEmu.Libs\Psml\PsmlExports.cs,scePsmlMfsrGetSharedResourcesInitRequirement,ALREADY_HLE
eWoKNeB6V-k,libScePsml,libScePsml,FUNC,1,IMPLEMENTED_HLE,1,scePsmlMfsrCreateSharedResources,src\SharpEmu.Libs\Psml\PsmlExports.cs,scePsmlMfsrCreateSharedResources,ALREADY_HLE
jEevBXmagOQ,libScePsml,libScePsml,FUNC,1,NO_HLE_EXPORT,0,,,scePsmlMfsrReleaseSharedResources,HLE_CANDIDATE_VERIFY_AT_RUNTIME
ArakEpzsZo0,libScePsml,libScePsml,FUNC,1,IMPLEMENTED_HLE,1,scePsmlMfsrGetContextBufferRequirement800M3_2,src\SharpEmu.Libs\Psml\PsmlExports.cs,scePsmlMfsrGetContextBufferRequirement800M3_2,ALREADY_HLE
gxv3i+MTEzU,libScePsml,libScePsml,FUNC,1,IMPLEMENTED_HLE,1,scePsmlMfsrCreateContext800M3_2,src\SharpEmu.Libs\Psml\PsmlExports.cs,scePsmlMfsrCreateContext800M3_2,ALREADY_HLE
JaLBe0P3jSU,libScePsml,libScePsml,FUNC,1,NO_HLE_EXPORT,0,,,scePsmlMfsrReleaseContext,HLE_CANDIDATE_VERIFY_AT_RUNTIME
AHalTX9wFZY,libScePsml,libScePsml,FUNC,1,IMPLEMENTED_HLE,1,scePsmlMfsrGetDispatchMfsrPacketSizeInDwords,src\SharpEmu.Libs\Psml\PsmlExports.cs,scePsmlMfsrGetDispatchMfsrPacketSizeInDwords,ALREADY_HLE
RUNLFro+qok,libScePsml,libScePsml,FUNC,1,IMPLEMENTED_HLE,1,scePsmlMfsrGetDispatchMfsrPacket900,src\SharpEmu.Libs\Psml\PsmlExports.cs,scePsmlMfsrGetDispatchMfsrPacket900,ALREADY_HLE
GHna9-DvnUk,libScePsml,libScePsml,FUNC,1,NO_HLE_EXPORT,0,,,scePsmlMfsrGetMipmapBias,HLE_CANDIDATE_VERIFY_AT_RUNTIME
GJY0MvuTcs8,libScePsml,libScePsml,FUNC,1,NO_HLE_EXPORT,0,,,scePsmlMfsrRequestCapture,HLE_CANDIDATE_VERIFY_AT_RUNTIME
LXq+6mIxpCw,libScePsml,libScePsml,FUNC,1,NO_HLE_EXPORT,0,,,scePsmlMfsrIsCaptureInProgress,HLE_CANDIDATE_VERIFY_AT_RUNTIME
FSGaTQze0UY,libScePsml,libScePsml,FUNC,1,NO_HLE_EXPORT,0,,,scePsmlMfsrSelectConfig,HLE_CANDIDATE_VERIFY_AT_RUNTIME
