"NID","FullSymbol","RelocationRefCount","DirectSysAbiExportCurrent","CurrentSourceFiles","PriorStatus"
"+-n4S512l+M","+-n4S512l+M#l#l","1","True","src\SharpEmu.Libs\Np\V47ExportsPart04.cs","DIRECT_SYSABI_EXPORT_PRESENT"
"+0jo0J7h4CM","+0jo0J7h4CM#l#l","1","False","","NO_DIRECT_EXPORT_NOT_PROVEN_MISSING"
"+28jc0bl0ao","+28jc0bl0ao#l#l","1","True","src\SharpEmu.Libs\Np\V48ExportsPart05.cs","DIRECT_SYSABI_EXPORT_PRESENT"
"+631th1Z4DU","+631th1Z4DU#l#l","1","True","src\SharpEmu.Libs\Np\NpCppWebApiV44Exports.cs","DIRECT_SYSABI_EXPORT_PRESENT"
"+6Xo+7GdUGM","+6Xo+7GdUGM#l#l","1","True","src\SharpEmu.Libs\Np\V49ExportsPart01.cs","DIRECT_SYSABI_EXPORT_PRESENT"
"+8CQKp-kv0E","+8CQKp-kv0E#l#l","1","False","","NO_DIRECT_EXPORT_NOT_PROVEN_MISSING"
"+BzXYkqYeLE","+BzXYkqYeLE#3#N","1","True","src\SharpEmu.Libs\Kernel\KernelPthreadExtendedCompatExports.cs","DIRECT_SYSABI_EXPORT_PRESENT"
"+DSNphhYdd4","+DSNphhYdd4#l#l","1","True","src\SharpEmu.Libs\Np\V46ExportsPart17.cs","DIRECT_SYSABI_EXPORT_PRESENT"
"+IzYTiwKX6Q","+IzYTiwKX6Q#l#l","1","True","src\SharpEmu.Libs\Np\V48ExportsPart05.cs","DIRECT_SYSABI_EXPORT_PRESENT"
"+JJtgAjVwF8","+JJtgAjVwF8#l#l","1","False","","NO_DIRECT_EXPORT_NOT_PROVEN_MISSING"
"+L98PIbGttk","+L98PIbGttk#3#N","1","True","src\SharpEmu.Libs\Kernel\KernelPthreadExtendedCompatExports.cs","DIRECT_SYSABI_EXPORT_PRESENT"
"+MCXJlWdi+s","+MCXJlWdi+s#1#1","1","False","","NO_DIRECT_EXPORT_NOT_PROVEN_MISSING"
"+Mu9H5-Ao7Q","+Mu9H5-Ao7Q#l#l","1","True","src\SharpEmu.Libs\Np\V47ExportsPart17.cs","DIRECT_SYSABI_EXPORT_PRESENT"
"+P6FRGH4LfA","+P6FRGH4LfA#4#3","1","True","src\SharpEmu.Libs\Kernel\KernelMemoryCompatExports.cs","DIRECT_SYSABI_EXPORT_PRESENT"
"+T8Xo6LtFJI","+T8Xo6LtFJI#A#B","1","False","","NO_DIRECT_EXPORT_NOT_PROVEN_MISSING"
"+TN0oRTBxJQ","+TN0oRTBxJQ#A#B","1","False","","NO_DIRECT_EXPORT_NOT_PROVEN_MISSING"
"+Ts4tkJjqS8","+Ts4tkJjqS8#l#l","1","True","src\SharpEmu.Libs\Np\V50ExportsPart04.cs","DIRECT_SYSABI_EXPORT_PRESENT"
"+W7fL6PWOhw","+W7fL6PWOhw#l#l","1","False","","NO_DIRECT_EXPORT_NOT_PROVEN_MISSING"
"+WfrdXY7Fxs","+WfrdXY7Fxs#l#l","1","False","","NO_DIRECT_EXPORT_NOT_PROVEN_MISSING"
"+Xe2-TJDSJg","+Xe2-TJDSJg#l#l","1","False","","NO_DIRECT_EXPORT_NOT_PROVEN_MISSING"
"+YcFwKDAR+w","+YcFwKDAR+w#l#l","1","False","","NO_DIRECT_EXPORT_NOT_PROVEN_MISSING"
"+bKHGz+nfxA","+bKHGz+nfxA#l#l","1","False","","NO_DIRECT_EXPORT_NOT_PROVEN_MISSING"
"+cHQSR34crs","+cHQSR34crs#l#l","1","True","src\SharpEmu.Libs\Np\V50ExportsPart01.cs","DIRECT_SYSABI_EXPORT_PRESENT"
"+e3Bdk+MqN8","+e3Bdk+MqN8#l#l","1","True","src\SharpEmu.Libs\Np\NpCppWebApiV44Exports.cs","DIRECT_SYSABI_EXPORT_PRESENT"
"+eCt8SuNJt8","+eCt8SuNJt8#l#l","1","True","src\SharpEmu.Libs\Np\V46ExportsPart06.cs","DIRECT_SYSABI_EXPORT_PRESENT"
"+f3mpQWp5pU","+f3mpQWp5pU#l#l","1","False","","NO_DIRECT_EXPORT_NOT_PROVEN_MISSING"
"+gSMGXHgrPU","+gSMGXHgrPU#l#l","1","True","src\SharpEmu.Libs\Np\V47ExportsPart07.cs","DIRECT_SYSABI_EXPORT_PRESENT"
"+gVsgubDJyc","+gVsgubDJyc#l#l","1","False","","NO_DIRECT_EXPORT_NOT_PROVEN_MISSING"
"+h-B9CYtwQc","+h-B9CYtwQc#l#l","1","True","src\SharpEmu.Libs\Np\V46ExportsPart17.cs","DIRECT_SYSABI_EXPORT_PRESENT"
"+htBBgi85YA","+htBBgi85YA#l#l","1","True","src\SharpEmu.Libs\Np\V46ExportsPart19.cs","DIRECT_SYSABI_EXPORT_PRESENT"
"+iAOE3jCnkk","+iAOE3jCnkk#A#B","1","False","","NO_DIRECT_EXPORT_NOT_PROVEN_MISSING"
"+iXDFPESNGs","+iXDFPESNGs#l#l","1","True","src\SharpEmu.Libs\Np\V46ExportsPart18.cs","DIRECT_SYSABI_EXPORT_PRESENT"
"+k2KKLVS+t8","+k2KKLVS+t8#l#l","1","True","src\SharpEmu.Libs\Np\V46ExportsPart14.cs","DIRECT_SYSABI_EXPORT_PRESENT"
"+kE3dyEXHQQ","+kE3dyEXHQQ#l#l","1","False","","NO_DIRECT_EXPORT_NOT_PROVEN_MISSING"
"+kSrjIVxKFE","+kSrjIVxKFE#B#C","1","True","src\SharpEmu.Libs\Agc\AgcExports.cs","DIRECT_SYSABI_EXPORT_PRESENT"
"+ljJoKsr054","+ljJoKsr054#l#l","1","True","src\SharpEmu.Libs\Np\V48ExportsPart07.cs","DIRECT_SYSABI_EXPORT_PRESENT"
"+o9816YQhqQ","+o9816YQhqQ#m#m","1","True","src\SharpEmu.Libs\Np\NpWebApi2Exports.cs","DIRECT_SYSABI_EXPORT_PRESENT"
"+oKFbYmGql8","+oKFbYmGql8#l#l","1","True","src\SharpEmu.Libs\Np\V50ExportsPart01.cs","DIRECT_SYSABI_EXPORT_PRESENT"
"+oqyRiwxW18","+oqyRiwxW18#l#l","1","True","src\SharpEmu.Libs\Np\NpCppWebApiV44Exports.cs","DIRECT_SYSABI_EXPORT_PRESENT"
"+qitMEbkSWk","+qitMEbkSWk#4#3","1","False","","NO_DIRECT_EXPORT_NOT_PROVEN_MISSING"
"+r0zCIliT6c","+r0zCIliT6c#l#l","1","False","","NO_DIRECT_EXPORT_NOT_PROVEN_MISSING"
"+r3rMFwItV4","+r3rMFwItV4#3#N","1","True","src\SharpEmu.Libs\Kernel\KernelGraphicsResourceIoV55Exports.cs","DIRECT_SYSABI_EXPORT_PRESENT"
"+rWjmNf5G5E","+rWjmNf5G5E#l#l","1","True","src\SharpEmu.Libs\Np\V50ExportsPart01.cs","DIRECT_SYSABI_EXPORT_PRESENT"
"+u6dKSLWM2o","+u6dKSLWM2o#B#C","1","True","src\SharpEmu.Libs\Agc\AgcExports.cs","DIRECT_SYSABI_EXPORT_PRESENT"
"+wCt7fCijgk","+wCt7fCijgk#j#j","1","True","src\SharpEmu.Libs\Network\Http2Exports.cs","NO_DIRECT_EXPORT_NOT_PROVEN_MISSING"
"+yqjab2fUJA","+yqjab2fUJA#Q#R","1","True","src\SharpEmu.Libs\Np\NpManagerExports.cs","DIRECT_SYSABI_EXPORT_PRESENT"
"-0Vv7HKZaBM","-0Vv7HKZaBM#l#l","1","False","","NO_DIRECT_EXPORT_NOT_PROVEN_MISSING"
"-4GCfYdNF1s","-4GCfYdNF1s#X#Y","1","True","src\SharpEmu.Libs\Ime\ImeExports.cs","DIRECT_SYSABI_EXPORT_PRESENT"
"-4qn5SHAuoQ","-4qn5SHAuoQ#l#l","1","True","src\SharpEmu.Libs\Np\V48ExportsPart08.cs","DIRECT_SYSABI_EXPORT_PRESENT"
"-AuznSOJ2AQ","-AuznSOJ2AQ#l#l","1","False","","NO_DIRECT_EXPORT_NOT_PROVEN_MISSING"
"-CUwqF53QR0","-CUwqF53QR0#l#l","1","False","","NO_DIRECT_EXPORT_NOT_PROVEN_MISSING"
"-D8MD+5yuAw","-D8MD+5yuAw#l#l","1","False","","NO_DIRECT_EXPORT_NOT_PROVEN_MISSING"
"-DDmi3EClBw","-DDmi3EClBw#l#l","1","True","src\SharpEmu.Libs\Np\V46ExportsPart15.cs","DIRECT_SYSABI_EXPORT_PRESENT"
"-DG+cSNIXSk","-DG+cSNIXSk#l#l","1","False","","NO_DIRECT_EXPORT_NOT_PROVEN_MISSING"
"-EL6-8BIXf4","-EL6-8BIXf4#l#l","1","False","","NO_DIRECT_EXPORT_NOT_PROVEN_MISSING"
"-HOOCn0JY48","-HOOCn0JY48#B#C","1","True","src\SharpEmu.Libs\Agc\AgcExports.cs","DIRECT_SYSABI_EXPORT_PRESENT"
"-KRzWekV120","-KRzWekV120#B#C","1","True","src\SharpEmu.Libs\Agc\AgcExports.cs","DIRECT_SYSABI_EXPORT_PRESENT"
"-KwWzv43lB8","-KwWzv43lB8#l#l","1","False","","NO_DIRECT_EXPORT_NOT_PROVEN_MISSING"
"-NWoybNRyYQ","-NWoybNRyYQ#l#l","1","False","","NO_DIRECT_EXPORT_NOT_PROVEN_MISSING"
"-P6FNMzk2Kc","-P6FNMzk2Kc#4#3","1","True","src\SharpEmu.Libs\LibcCompat\LibcMathCompilerRuntimeExports.cs","DIRECT_SYSABI_EXPORT_PRESENT"
"-PXuTfPzcT4","-PXuTfPzcT4#l#l","1","True","src\SharpEmu.Libs\Np\V50ExportsPart03.cs","DIRECT_SYSABI_EXPORT_PRESENT"
"-PimsYZDKEQ","-PimsYZDKEQ#l#l","1","False","","NO_DIRECT_EXPORT_NOT_PROVEN_MISSING"
"-Q1-u1a7p0g","-Q1-u1a7p0g#P#Q","1","True","src\SharpEmu.Libs\PlayGo\PlayGoExports.cs","DIRECT_SYSABI_EXPORT_PRESENT"
"-QRPOVJU4aU","-QRPOVJU4aU#l#l","1","False","","NO_DIRECT_EXPORT_NOT_PROVEN_MISSING"
"-QkxkxtVpvI","-QkxkxtVpvI#l#l","1","True","src\SharpEmu.Libs\Np\V47ExportsPart13.cs","DIRECT_SYSABI_EXPORT_PRESENT"
"-RJWNMK3fC8","-RJWNMK3fC8#P#Q","1","True","src\SharpEmu.Libs\PlayGo\PlayGoExports.cs","DIRECT_SYSABI_EXPORT_PRESENT"
"-RnpfpxIhec","-RnpfpxIhec#B#C","1","True","src\SharpEmu.Libs\Agc\AgcExports.cs","DIRECT_SYSABI_EXPORT_PRESENT"
"-TOuuAQ-buE","-TOuuAQ-buE#G#H","1","True","src\SharpEmu.Libs\Ngs2\Ngs2Exports.cs","DIRECT_SYSABI_EXPORT_PRESENT"
"-UjDJUZo-yA","-UjDJUZo-yA#l#l","1","False","","NO_DIRECT_EXPORT_NOT_PROVEN_MISSING"
"-V9te34p1MI","-V9te34p1MI#l#l","1","False","","NO_DIRECT_EXPORT_NOT_PROVEN_MISSING"
"-Wreprtu0Qs","-Wreprtu0Qs#3#N","1","True","src\SharpEmu.Libs\Kernel\KernelPthreadExtendedCompatExports.cs","DIRECT_SYSABI_EXPORT_PRESENT"
"-XNfwZTFkWw","-XNfwZTFkWw#l#l","1","True","src\SharpEmu.Libs\Np\V46ExportsPart20.cs","DIRECT_SYSABI_EXPORT_PRESENT"
"-ZR+hG7aDHw","-ZR+hG7aDHw#3#N","1","False","","NO_DIRECT_EXPORT_NOT_PROVEN_MISSING"
"-bI+1NDXkHM","-bI+1NDXkHM#l#l","1","True","src\SharpEmu.Libs\Np\V48ExportsPart04.cs","DIRECT_SYSABI_EXPORT_PRESENT"
"-dN5muz7ECM","-dN5muz7ECM#l#l","1","False","","NO_DIRECT_EXPORT_NOT_PROVEN_MISSING"
"-eQNdfNjpDM","-eQNdfNjpDM#l#l","1","True","src\SharpEmu.Libs\Np\V48ExportsPart08.cs","DIRECT_SYSABI_EXPORT_PRESENT"
"-hJRce8wn1U","-hJRce8wn1U#o#o","1","True","src\SharpEmu.Libs\Json\JsonExports.cs","DIRECT_SYSABI_EXPORT_PRESENT"
"-haXZfTh0pg","-haXZfTh0pg#l#l","1","False","","NO_DIRECT_EXPORT_NOT_PROVEN_MISSING"
"-m1cU01p3fY","-m1cU01p3fY#l#l","1","False","","NO_DIRECT_EXPORT_NOT_PROVEN_MISSING"
"-mDsLsqwkO0","-mDsLsqwkO0#l#l","1","True","src\SharpEmu.Libs\Np\V46ExportsPart10.cs","DIRECT_SYSABI_EXPORT_PRESENT"
"-p6Rz-s2DY8","-p6Rz-s2DY8#l#l","1","False","","NO_DIRECT_EXPORT_NOT_PROVEN_MISSING"
"-q5NR3+q2MM","-q5NR3+q2MM#l#l","1","False","","NO_DIRECT_EXPORT_NOT_PROVEN_MISSING"
"-qLsfDAywIY","-qLsfDAywIY#I#J","1","True","src\SharpEmu.Libs\Audio\AjmExports.cs","DIRECT_SYSABI_EXPORT_PRESENT"
"-t8eK4WxVIo","-t8eK4WxVIo#l#l","1","True","src\SharpEmu.Libs\Np\V47ExportsPart07.cs","DIRECT_SYSABI_EXPORT_PRESENT"
"-uzJDP09EZA","-uzJDP09EZA#l#l","1","False","","NO_DIRECT_EXPORT_NOT_PROVEN_MISSING"
"-v66AtHKMFw","-v66AtHKMFw#l#l","1","True","src\SharpEmu.Libs\Np\V46ExportsPart17.cs","DIRECT_SYSABI_EXPORT_PRESENT"
"-vnlTPPXPrw","-vnlTPPXPrw#B#C","1","True","src\SharpEmu.Libs\Agc\AgcExports.cs","DIRECT_SYSABI_EXPORT_PRESENT"
"-xm7kZQNpHI","-xm7kZQNpHI#O#P","1","True","src\SharpEmu.Libs\Network\HttpExports.cs","NO_DIRECT_EXPORT_NOT_PROVEN_MISSING"
"0+l4QSWCM4E","0+l4QSWCM4E#p#p","1","False","","NO_DIRECT_EXPORT_NOT_PROVEN_MISSING"
"0-KXaS70xy4","0-KXaS70xy4#M#N","1","True","src\SharpEmu.Libs\Kernel\KernelPthreadExtendedCompatExports.cs","DIRECT_SYSABI_EXPORT_PRESENT"
"01G-VXcZ1LM","01G-VXcZ1LM#l#l","1","False","","NO_DIRECT_EXPORT_NOT_PROVEN_MISSING"
"02gbYCyrzhk","02gbYCyrzhk#l#l","1","False","","NO_DIRECT_EXPORT_NOT_PROVEN_MISSING"
"03RZmELWWzw","03RZmELWWzw#B#C","1","False","","NO_DIRECT_EXPORT_NOT_PROVEN_MISSING"
"05E7yxe+58U","05E7yxe+58U#l#l","1","False","","NO_DIRECT_EXPORT_NOT_PROVEN_MISSING"
"05OxhjjEjKg","05OxhjjEjKg#l#l","1","True","src\SharpEmu.Libs\Np\V46ExportsPart14.cs","DIRECT_SYSABI_EXPORT_PRESENT"
"0B44XhgWEI8","0B44XhgWEI8#l#l","1","True","src\SharpEmu.Libs\Np\V46ExportsPart18.cs","DIRECT_SYSABI_EXPORT_PRESENT"
"0BMj1hgG+kE","0BMj1hgG+kE#5#4","1","False","","NO_DIRECT_EXPORT_NOT_PROVEN_MISSING"
"0BortfYmQRk","0BortfYmQRk#l#l","2","False","","NO_DIRECT_EXPORT_NOT_PROVEN_MISSING"
"0Cq8ipKr9n0","0Cq8ipKr9n0#3#N","1","False","","NO_DIRECT_EXPORT_NOT_PROVEN_MISSING"
"0D4-FVvEikw","0D4-FVvEikw#M#N","1","False","","NO_DIRECT_EXPORT_NOT_PROVEN_MISSING"
"0ELeILzx6IU","0ELeILzx6IU#l#l","1","True","src\SharpEmu.Libs\Np\V50ExportsPart02.cs","DIRECT_SYSABI_EXPORT_PRESENT"
"0HBYxYAjmf0","0HBYxYAjmf0#g#g","1","True","src\SharpEmu.Libs\Stubs\GameServiceStubs.cs","DIRECT_SYSABI_EXPORT_PRESENT"
"0IL1keINExQ","0IL1keINExQ#c#c","1","True","src\SharpEmu.Libs\Stubs\GameServiceStubs.cs","DIRECT_SYSABI_EXPORT_PRESENT"
"0K1yQ6Lv-Yc","0K1yQ6Lv-Yc#N#O","1","True","src\SharpEmu.Libs\Network\SslExports.cs","DIRECT_SYSABI_EXPORT_PRESENT"
"0PT319lwTJ8","0PT319lwTJ8#l#l","2","False","","NO_DIRECT_EXPORT_NOT_PROVEN_MISSING"
"0PWWUoAJ5AQ","0PWWUoAJ5AQ#l#l","1","False","","NO_DIRECT_EXPORT_NOT_PROVEN_MISSING"
"0RGtfPgW4AU","0RGtfPgW4AU#l#l","1","False","","NO_DIRECT_EXPORT_NOT_PROVEN_MISSING"
"0RdLmAh7WVo","0RdLmAh7WVo#5#4","1","False","","NO_DIRECT_EXPORT_NOT_PROVEN_MISSING"
"0TyVk4MSLt0","0TyVk4MSLt0#M#N","1","True","src\SharpEmu.Libs\Kernel\KernelPthreadCompatExports.cs","DIRECT_SYSABI_EXPORT_PRESENT"
"0UJ6QCPKLD0","0UJ6QCPKLD0#l#l","1","False","","NO_DIRECT_EXPORT_NOT_PROVEN_MISSING"
"0UNp2Ey5bw4","0UNp2Ey5bw4#l#l","1","True","src\SharpEmu.Libs\Np\NpCppWebApiV45Exports.cs","DIRECT_SYSABI_EXPORT_PRESENT"
"0VfDaogUQB8","0VfDaogUQB8#l#l","1","True","src\SharpEmu.Libs\Np\V50ExportsPart03.cs","DIRECT_SYSABI_EXPORT_PRESENT"
"0WMHDb5Dt94","0WMHDb5Dt94#4#3","1","True","src\SharpEmu.Libs\LibcCompat\LibcMemoryStringExports.cs","DIRECT_SYSABI_EXPORT_PRESENT"
"0XcSBCn-4So","0XcSBCn-4So#l#l","1","True","src\SharpEmu.Libs\Np\NpCppWebApiV45Exports.cs","DIRECT_SYSABI_EXPORT_PRESENT"
"0Xo9g4goDXU","0Xo9g4goDXU#5#4","1","True","src\SharpEmu.Libs\Ampr\AmprExports.cs","DIRECT_SYSABI_EXPORT_PRESENT"
"0YED2+p7aiI","0YED2+p7aiI#l#l","1","False","","NO_DIRECT_EXPORT_NOT_PROVEN_MISSING"
"0ZOG0jc9nRg","0ZOG0jc9nRg#B#C","1","False","","NO_DIRECT_EXPORT_NOT_PROVEN_MISSING"
"0a2TBNfE3BU","0a2TBNfE3BU#O#P","1","True","src\SharpEmu.Libs\Network\HttpExports.cs","NO_DIRECT_EXPORT_NOT_PROVEN_MISSING"
"0aR2aWmQal4","0aR2aWmQal4#b#b","1","False","","NO_DIRECT_EXPORT_NOT_PROVEN_MISSING"
"0blWarRALu4","0blWarRALu4#l#l","1","True","src\SharpEmu.Libs\Np\V46ExportsPart14.cs","DIRECT_SYSABI_EXPORT_PRESENT"
"0cBgduPRR+M","0cBgduPRR+M#F#G","1","False","","NO_DIRECT_EXPORT_NOT_PROVEN_MISSING"
"0cHb7R21ttg","0cHb7R21ttg#l#l","1","False","","NO_DIRECT_EXPORT_NOT_PROVEN_MISSING"
"0f5+eBcgB14","0f5+eBcgB14#l#l","1","False","","NO_DIRECT_EXPORT_NOT_PROVEN_MISSING"
"0fWWK5uG9rQ","0fWWK5uG9rQ#B#C","1","True","src\SharpEmu.Libs\Agc\AgcExports.cs","DIRECT_SYSABI_EXPORT_PRESENT"
"0fy7OoflkxE","0fy7OoflkxE#l#l","1","False","","NO_DIRECT_EXPORT_NOT_PROVEN_MISSING"
"0gYjPTR-6cY","0gYjPTR-6cY#O#P","1","True","src\SharpEmu.Libs\Network\HttpExports.cs","DIRECT_SYSABI_EXPORT_PRESENT"
"0i331fsne3g","0i331fsne3g#l#l","1","True","src\SharpEmu.Libs\Np\V46ExportsPart17.cs","DIRECT_SYSABI_EXPORT_PRESENT"
"0j0VGxauPyk","0j0VGxauPyk#l#l","1","False","","NO_DIRECT_EXPORT_NOT_PROVEN_MISSING"
"0jei2te6zqo","0jei2te6zqo#l#l","1","True","src\SharpEmu.Libs\Np\V50ExportsPart04.cs","DIRECT_SYSABI_EXPORT_PRESENT"
"0juFlJ9R6ss","0juFlJ9R6ss#l#l","1","False","","NO_DIRECT_EXPORT_NOT_PROVEN_MISSING"
"0lz+-52BAGY","0lz+-52BAGY#l#l","1","False","","NO_DIRECT_EXPORT_NOT_PROVEN_MISSING"
"0nV21JjYCH8","0nV21JjYCH8#4#3","1","True","src\SharpEmu.Libs\Kernel\KernelMemoryCompatExports.cs","DIRECT_SYSABI_EXPORT_PRESENT"
"0o3VDdtA6nM","0o3VDdtA6nM#B#C","1","False","","NO_DIRECT_EXPORT_NOT_PROVEN_MISSING"
"0oIoKcDA0Fw","0oIoKcDA0Fw#l#l","1","False","","NO_DIRECT_EXPORT_NOT_PROVEN_MISSING"
"0onIrKx9NIE","0onIrKx9NIE#O#P","1","False","","NO_DIRECT_EXPORT_NOT_PROVEN_MISSING"
"0pwb8fOBwpQ","0pwb8fOBwpQ#l#l","1","False","","NO_DIRECT_EXPORT_NOT_PROVEN_MISSING"
"0uuqgRz9qfo","0uuqgRz9qfo#4#3","1","False","","NO_DIRECT_EXPORT_NOT_PROVEN_MISSING"
"0zZqWJ1vWtY","0zZqWJ1vWtY#l#l","1","False","","NO_DIRECT_EXPORT_NOT_PROVEN_MISSING"
"1-LFLmRFxxM","1-LFLmRFxxM#3#N","1","True","src\SharpEmu.Libs\Kernel\KernelMemoryCompatExports.cs","DIRECT_SYSABI_EXPORT_PRESENT"
"1-gUn1PI4Sw","1-gUn1PI4Sw#B#C","1","False","","NO_DIRECT_EXPORT_NOT_PROVEN_MISSING"
"12wOHk8ywb0","12wOHk8ywb0#3#N","1","True","src\SharpEmu.Libs\Kernel\KernelSemaphoreCompatExports.cs","DIRECT_SYSABI_EXPORT_PRESENT"
"13KoEaVmuJ8","13KoEaVmuJ8#l#l","1","False","","NO_DIRECT_EXPORT_NOT_PROVEN_MISSING"
"1471ajPzxh0","1471ajPzxh0#M#N","1","True","src\SharpEmu.Libs\Kernel\KernelPthreadExtendedCompatExports.cs","DIRECT_SYSABI_EXPORT_PRESENT"
"15qvbsddabA","15qvbsddabA#l#l","1","False","","NO_DIRECT_EXPORT_NOT_PROVEN_MISSING"
"188x57JYp0g","188x57JYp0g#3#N","1","True","src\SharpEmu.Libs\Kernel\KernelSemaphoreCompatExports.cs","DIRECT_SYSABI_EXPORT_PRESENT"
"18B2NS1y9UU","18B2NS1y9UU#C#D","1","True","src\SharpEmu.Libs\Rtc\RtcExports.cs","DIRECT_SYSABI_EXPORT_PRESENT"
"1Ae30UkB0f8","1Ae30UkB0f8#l#l","1","True","src\SharpEmu.Libs\Np\V46ExportsPart19.cs","DIRECT_SYSABI_EXPORT_PRESENT"
"1CXuBSTalPk","1CXuBSTalPk#l#l","1","False","","NO_DIRECT_EXPORT_NOT_PROVEN_MISSING"
"1D0H2KNjshE","1D0H2KNjshE#4#3","1","True","src\SharpEmu.Libs\LibcCompat\LibcMathCompilerRuntimeExports.cs","DIRECT_SYSABI_EXPORT_PRESENT"
"1DeUNpRIDDA","1DeUNpRIDDA#B#C","1","False","","NO_DIRECT_EXPORT_NOT_PROVEN_MISSING"
"1G3lF1Gg1k8","1G3lF1Gg1k8#3#N","1","True","src\SharpEmu.Libs\Kernel\KernelExports.cs","DIRECT_SYSABI_EXPORT_PRESENT"
"1JV7Mv590Cc","1JV7Mv590Cc#l#l","1","True","src\SharpEmu.Libs\Np\V46ExportsPart14.cs","DIRECT_SYSABI_EXPORT_PRESENT"
"1Li76cHWOz0","1Li76cHWOz0#l#l","1","True","src\SharpEmu.Libs\Np\V50ExportsPart03.cs","DIRECT_SYSABI_EXPORT_PRESENT"
"1NFlJKXWi-I","1NFlJKXWi-I#l#l","1","True","src\SharpEmu.Libs\Np\V48ExportsPart06.cs","DIRECT_SYSABI_EXPORT_PRESENT"
"1OLgvahaSco","1OLgvahaSco#m#m","1","False","","NO_DIRECT_EXPORT_NOT_PROVEN_MISSING"
"1Pk0qZQGeWo","1Pk0qZQGeWo#4#3","1","False","","NO_DIRECT_EXPORT_NOT_PROVEN_MISSING"
"1QjhKxrsOB8","1QjhKxrsOB8#v#v","1","True","src\SharpEmu.Libs\Font\FontExports.cs","DIRECT_SYSABI_EXPORT_PRESENT"
"1TDo-ImqkJc","1TDo-ImqkJc#4#3","1","False","","NO_DIRECT_EXPORT_NOT_PROVEN_MISSING"
"1Z-ZRnYadZk","1Z-ZRnYadZk#l#l","1","False","","NO_DIRECT_EXPORT_NOT_PROVEN_MISSING"
"1ZOjxb5kVLs","1ZOjxb5kVLs#l#l","1","False","","NO_DIRECT_EXPORT_NOT_PROVEN_MISSING"
"1bf+c7ebx0A","1bf+c7ebx0A#l#l","1","True","src\SharpEmu.Libs\Np\NpCppWebApiV45Exports.cs","DIRECT_SYSABI_EXPORT_PRESENT"
"1crJbUuDMoE","1crJbUuDMoE#l#l","1","True","src\SharpEmu.Libs\Np\V50ExportsPart04.cs","DIRECT_SYSABI_EXPORT_PRESENT"
"1e2BNwI-XzE","1e2BNwI-XzE#O#P","1","True","src\SharpEmu.Libs\Network\HttpExports.cs","NO_DIRECT_EXPORT_NOT_PROVEN_MISSING"
"1fyEy3F+G+g","1fyEy3F+G+g#l#l","1","True","src\SharpEmu.Libs\Np\V46ExportsPart13.cs","DIRECT_SYSABI_EXPORT_PRESENT"
"1hVd+ogdk94","1hVd+ogdk94#l#l","1","False","","NO_DIRECT_EXPORT_NOT_PROVEN_MISSING"
"1iq5Jtw4jVs","1iq5Jtw4jVs#l#l","1","True","src\SharpEmu.Libs\Np\V46ExportsPart10.cs","DIRECT_SYSABI_EXPORT_PRESENT"
"1jfXLRVzisc","1jfXLRVzisc#3#N","1","True","src\SharpEmu.Libs\Kernel\KernelRuntimeCompatExports.cs","DIRECT_SYSABI_EXPORT_PRESENT"
"1mecP7RgI2A","1mecP7RgI2A#4#3","1","False","","NO_DIRECT_EXPORT_NOT_PROVEN_MISSING"
"1n37q1Bvc5Y","1n37q1Bvc5Y#W#X","1","True","src\SharpEmu.Libs\SystemService\SystemServiceExports.cs","DIRECT_SYSABI_EXPORT_PRESENT"
"1nafvh3INrY","1nafvh3INrY#l#l","1","True","src\SharpEmu.Libs\Np\NpCppWebApiV44Exports.cs","DIRECT_SYSABI_EXPORT_PRESENT"
"1q1titRBL6o","1q1titRBL6o#B#C","1","True","src\SharpEmu.Libs\Agc\AgcExports.cs","DIRECT_SYSABI_EXPORT_PRESENT"
"1rZSWUv1IRc","1rZSWUv1IRc#B#C","1","False","","NO_DIRECT_EXPORT_NOT_PROVEN_MISSING"
"1tB0xkLNjcw","1tB0xkLNjcw#B#C","1","False","","NO_DIRECT_EXPORT_NOT_PROVEN_MISSING"
"1uJgoVq3bQU","1uJgoVq3bQU#4#3","1","False","","NO_DIRECT_EXPORT_NOT_PROVEN_MISSING"
"1wpCXuFzH10","1wpCXuFzH10#l#l","1","False","","NO_DIRECT_EXPORT_NOT_PROVEN_MISSING"
"1xxcMiGu2fo","1xxcMiGu2fo#L#M","1","True","src\SharpEmu.Libs\UserService\UserServiceExports.cs","DIRECT_SYSABI_EXPORT_PRESENT"
"203JffNGrbg","203JffNGrbg#l#l","1","True","src\SharpEmu.Libs\Np\V46ExportsPart19.cs","DIRECT_SYSABI_EXPORT_PRESENT"
"23Bii2HafS4","23Bii2HafS4#l#l","1","False","","NO_DIRECT_EXPORT_NOT_PROVEN_MISSING"
"23LRUSvYu1M","23LRUSvYu1M#B#C","1","True","src\SharpEmu.Libs\Agc\AgcExports.cs","DIRECT_SYSABI_EXPORT_PRESENT"
"26SufKG5x4M","26SufKG5x4M#l#l","1","False","","NO_DIRECT_EXPORT_NOT_PROVEN_MISSING"
"26wN8Yjf9Fk","26wN8Yjf9Fk#l#l","1","False","","NO_DIRECT_EXPORT_NOT_PROVEN_MISSING"
"27bAgiJmOh0","27bAgiJmOh0#M#N","1","True","src\SharpEmu.Libs\Kernel\KernelPthreadCompatExports.cs","DIRECT_SYSABI_EXPORT_PRESENT"
"29DLZns5UrA","29DLZns5UrA#l#l","1","True","src\SharpEmu.Libs\Np\V46ExportsPart11.cs","DIRECT_SYSABI_EXPORT_PRESENT"
"2AA9QT1IUgs","2AA9QT1IUgs#l#l","1","True","src\SharpEmu.Libs\Np\V50ExportsPart03.cs","DIRECT_SYSABI_EXPORT_PRESENT"
"2AE+1w-vUeo","2AE+1w-vUeo#l#l","1","True","src\SharpEmu.Libs\Np\V46ExportsPart14.cs","DIRECT_SYSABI_EXPORT_PRESENT"
"2CWmJOoGoLA","2CWmJOoGoLA#l#l","1","True","src\SharpEmu.Libs\Np\V46ExportsPart16.cs","DIRECT_SYSABI_EXPORT_PRESENT"
"2HRyZzguZzs","2HRyZzguZzs#l#l","1","False","","NO_DIRECT_EXPORT_NOT_PROVEN_MISSING"
"2HSrPeSIBV0","2HSrPeSIBV0#l#l","1","False","","NO_DIRECT_EXPORT_NOT_PROVEN_MISSING"
"2HnmKiLmV6s","2HnmKiLmV6s#4#3","1","True","src\SharpEmu.Libs\LibcCompat\LibcRuntimeExpansionV46Exports.cs","DIRECT_SYSABI_EXPORT_PRESENT"
"2Hw8gjMdwSY","2Hw8gjMdwSY#5#4","1","False","","NO_DIRECT_EXPORT_NOT_PROVEN_MISSING"
"2Jm85HW8qAw","2Jm85HW8qAw#l#l","1","True","src\SharpEmu.Libs\Np\V50ExportsPart04.cs","DIRECT_SYSABI_EXPORT_PRESENT"
"2JtWUUiYBXs","2JtWUUiYBXs#B#C","1","True","src\SharpEmu.Libs\Agc\AgcExports.cs","DIRECT_SYSABI_EXPORT_PRESENT"
"2MOy+rUfuhQ","2MOy+rUfuhQ#M#N","1","True","src\SharpEmu.Libs\Kernel\KernelPthreadCompatExports.cs","DIRECT_SYSABI_EXPORT_PRESENT"
"2Of0f+3mhhE","2Of0f+3mhhE#3#N","1","True","src\SharpEmu.Libs\Kernel\KernelPthreadCompatExports.cs","DIRECT_SYSABI_EXPORT_PRESENT"
"2Q0z6rnBrTE","2Q0z6rnBrTE#M#N","1","True","src\SharpEmu.Libs\Kernel\KernelPthreadExtendedCompatExports.cs","DIRECT_SYSABI_EXPORT_PRESENT"
"2Tb92quprl0","2Tb92quprl0#3#N","1","True","src\SharpEmu.Libs\Kernel\KernelPthreadCompatExports.cs","DIRECT_SYSABI_EXPORT_PRESENT"
"2V-RL56o5cU","2V-RL56o5cU#l#l","1","True","src\SharpEmu.Libs\Np\V46ExportsPart19.cs","DIRECT_SYSABI_EXPORT_PRESENT"
"2VXjgJz9nqs","2VXjgJz9nqs#l#l","1","False","","NO_DIRECT_EXPORT_NOT_PROVEN_MISSING"
"2WE3BTYVwKM","2WE3BTYVwKM#4#3","1","True","src\SharpEmu.Libs\LibcCompat\LibcMathCompilerRuntimeExports.cs","DIRECT_SYSABI_EXPORT_PRESENT"
"2X5agFjKxMc","2X5agFjKxMc#4#3","1","True","src\SharpEmu.Libs\Kernel\KernelMemoryCompatExports.cs","DIRECT_SYSABI_EXPORT_PRESENT"
"2Z+PpY6CaJg","2Z+PpY6CaJg#M#N","1","True","src\SharpEmu.Libs\Kernel\KernelPthreadCompatExports.cs","DIRECT_SYSABI_EXPORT_PRESENT"
"2Z5KCpQoPoI","2Z5KCpQoPoI#l#l","1","True","src\SharpEmu.Libs\Np\V46ExportsPart17.cs","DIRECT_SYSABI_EXPORT_PRESENT"
"2bAMWBUewu0","2bAMWBUewu0#l#l","1","True","src\SharpEmu.Libs\Np\V48ExportsPart06.cs","DIRECT_SYSABI_EXPORT_PRESENT"
"2ccJz9LQI+w","2ccJz9LQI+w#B#C","1","True","src\SharpEmu.Libs\Agc\AgcExports.cs","DIRECT_SYSABI_EXPORT_PRESENT"
"2d4md5rdtQc","2d4md5rdtQc#l#l","1","False","","NO_DIRECT_EXPORT_NOT_PROVEN_MISSING"
"2eoKrZYhFTw","2eoKrZYhFTw#l#l","1","True","src\SharpEmu.Libs\Np\V50ExportsPart01.cs","DIRECT_SYSABI_EXPORT_PRESENT"
"2gTQ81js94I","2gTQ81js94I#l#l","1","True","src\SharpEmu.Libs\Np\V46ExportsPart05.cs","DIRECT_SYSABI_EXPORT_PRESENT"
"2gbcltk3swE","2gbcltk3swE#4#3","1","False","","NO_DIRECT_EXPORT_NOT_PROVEN_MISSING"
"2i6dhi0NrH8","2i6dhi0NrH8#l#l","1","True","src\SharpEmu.Libs\Np\V46ExportsPart14.cs","DIRECT_SYSABI_EXPORT_PRESENT"
"2iNYrcGDF6g","2iNYrcGDF6g#l#l","2","True","src\SharpEmu.Libs\Np\V50ExportsPart03.cs","DIRECT_SYSABI_EXPORT_PRESENT"
"2mKX2Spso7I","2mKX2Spso7I#E#F","1","True","src\SharpEmu.Libs\Network\NetExports.cs","DIRECT_SYSABI_EXPORT_PRESENT"
"2mjk15s2JDg","2mjk15s2JDg#l#l","1","True","src\SharpEmu.Libs\Np\V46ExportsPart04.cs","DIRECT_SYSABI_EXPORT_PRESENT"
"2naa5fV2BkU","2naa5fV2BkU#l#l","1","False","","NO_DIRECT_EXPORT_NOT_PROVEN_MISSING"
"2sWzhYqFH4E","2sWzhYqFH4E#4#3","1","False","","NO_DIRECT_EXPORT_NOT_PROVEN_MISSING"
"2tKQl4YDP2o","2tKQl4YDP2o#l#l","1","True","src\SharpEmu.Libs\Np\V46ExportsPart10.cs","DIRECT_SYSABI_EXPORT_PRESENT"
"2teIv3bTDTA","2teIv3bTDTA#l#l","1","True","src\SharpEmu.Libs\Np\V50ExportsPart03.cs","DIRECT_SYSABI_EXPORT_PRESENT"
"2vDqwBlpF-o","2vDqwBlpF-o#4#3","1","True","src\SharpEmu.Libs\LibcCompat\LibcRuntimeExpansionV46Exports.cs","DIRECT_SYSABI_EXPORT_PRESENT"
"2vz0NwZVQ2Q","2vz0NwZVQ2Q#l#l","1","True","src\SharpEmu.Libs\Np\V46ExportsPart17.cs","DIRECT_SYSABI_EXPORT_PRESENT"
"3+UPM-9E6xY","3+UPM-9E6xY#4#3","1","True","src\SharpEmu.Libs\LibcCompat\LibcMemoryStringExports.cs","DIRECT_SYSABI_EXPORT_PRESENT"
"304ooNZxWDY","304ooNZxWDY#E#F","1","False","","NO_DIRECT_EXPORT_NOT_PROVEN_MISSING"
"30Vzv4jmzxc","30Vzv4jmzxc#l#l","1","False","","NO_DIRECT_EXPORT_NOT_PROVEN_MISSING"
"30jjAlUhKRU","30jjAlUhKRU#l#l","1","True","src\SharpEmu.Libs\Np\V46ExportsPart14.cs","DIRECT_SYSABI_EXPORT_PRESENT"
"34nH7v2xvNQ","34nH7v2xvNQ#4#3","1","False","","NO_DIRECT_EXPORT_NOT_PROVEN_MISSING"
"36FCNqdy-fE","36FCNqdy-fE#l#l","1","True","src\SharpEmu.Libs\Np\V48ExportsPart08.cs","DIRECT_SYSABI_EXPORT_PRESENT"
"36UasLgAHg8","36UasLgAHg8#l#l","1","True","src\SharpEmu.Libs\Np\NpCppWebApiV44Exports.cs","DIRECT_SYSABI_EXPORT_PRESENT"
"37N6qDFqSjs","37N6qDFqSjs#l#l","1","False","","NO_DIRECT_EXPORT_NOT_PROVEN_MISSING"
"39WxhR-ePew","39WxhR-ePew#I#J","1","True","src\SharpEmu.Libs\Audio\AjmExports.cs","DIRECT_SYSABI_EXPORT_PRESENT"
"3A2X6OCHtnA","3A2X6OCHtnA#5#4","1","True","src\SharpEmu.Libs\Ampr\AmprExports.cs","DIRECT_SYSABI_EXPORT_PRESENT"
"3AyTaWcF-H8","3AyTaWcF-H8#A#B","1","False","","NO_DIRECT_EXPORT_NOT_PROVEN_MISSING"
"3CHi1K1wsCQ","3CHi1K1wsCQ#E#F","1","False","","NO_DIRECT_EXPORT_NOT_PROVEN_MISSING"
"3EI-OSJ65Xc","3EI-OSJ65Xc#m#m","1","True","src\SharpEmu.Libs\Np\NpWebApi2Exports.cs","NO_DIRECT_EXPORT_NOT_PROVEN_MISSING"
"3EZDHVOP7vk","3EZDHVOP7vk#l#l","1","False","","NO_DIRECT_EXPORT_NOT_PROVEN_MISSING"
"3GPpjQdAMTw","3GPpjQdAMTw#4#3","1","True","src\SharpEmu.Libs\CxxAbiExports.cs","DIRECT_SYSABI_EXPORT_PRESENT"
"3JCe3lCbQ8A","3JCe3lCbQ8A#j#j","1","True","src\SharpEmu.Libs\Network\Http2Exports.cs","DIRECT_SYSABI_EXPORT_PRESENT"
"3KDcnM3lrcU","3KDcnM3lrcU#B#C","1","True","src\SharpEmu.Libs\Agc\AgcExports.cs","DIRECT_SYSABI_EXPORT_PRESENT"
"3L1hfNaKKJE","3L1hfNaKKJE#l#l","1","True","src\SharpEmu.Libs\Np\V46ExportsPart18.cs","DIRECT_SYSABI_EXPORT_PRESENT"
"3LFVKmoavF4","3LFVKmoavF4#l#l","1","True","src\SharpEmu.Libs\Np\V46ExportsPart19.cs","DIRECT_SYSABI_EXPORT_PRESENT"
"3OdRkSjOcog","3OdRkSjOcog#v#v","1","True","src\SharpEmu.Libs\Font\FontExports.cs","DIRECT_SYSABI_EXPORT_PRESENT"
"3OfeY4pzDV0","3OfeY4pzDV0#5#4","1","False","","NO_DIRECT_EXPORT_NOT_PROVEN_MISSING"
"3RQ5aQfnstU","3RQ5aQfnstU#W#X","1","True","src\SharpEmu.Libs\SystemService\SystemServiceExports.cs","DIRECT_SYSABI_EXPORT_PRESENT"
"3Tt9zL3tkoc","3Tt9zL3tkoc#m#m","1","False","","NO_DIRECT_EXPORT_NOT_PROVEN_MISSING"
"3TyDpOiEZnQ","3TyDpOiEZnQ#l#l","1","True","src\SharpEmu.Libs\Np\V46ExportsPart15.cs","DIRECT_SYSABI_EXPORT_PRESENT"
"3ZWa3AoyWZQ","3ZWa3AoyWZQ#B#C","1","False","","NO_DIRECT_EXPORT_NOT_PROVEN_MISSING"
"3Zl8BePTh9Y","3Zl8BePTh9Y#Q#R","1","True","src\SharpEmu.Libs\Np\NpManagerExports.cs","DIRECT_SYSABI_EXPORT_PRESENT"
"3bjEFf8OhTs","3bjEFf8OhTs#l#l","1","True","src\SharpEmu.Libs\Np\V50ExportsPart01.cs","DIRECT_SYSABI_EXPORT_PRESENT"
"3c1SP6vjqcs","3c1SP6vjqcs#l#l","1","True","src\SharpEmu.Libs\Np\V50ExportsPart01.cs","DIRECT_SYSABI_EXPORT_PRESENT"
"3e+4Iv7IJ8U","3e+4Iv7IJ8U#M#N","1","False","","NO_DIRECT_EXPORT_NOT_PROVEN_MISSING"
"3ey06DTa90A","3ey06DTa90A#l#l","1","False","","NO_DIRECT_EXPORT_NOT_PROVEN_MISSING"
"3fL9p8rBpUc","3fL9p8rBpUc#l#l","1","False","","NO_DIRECT_EXPORT_NOT_PROVEN_MISSING"
"3iNVb-F3hUk","3iNVb-F3hUk#l#l","1","True","src\SharpEmu.Libs\Np\V48ExportsPart04.cs","DIRECT_SYSABI_EXPORT_PRESENT"
"3kg7rT0NQIs","3kg7rT0NQIs#3#N","1","True","src\SharpEmu.Libs\Kernel\KernelExports.cs","DIRECT_SYSABI_EXPORT_PRESENT"
"3nl2tr-OsCI","3nl2tr-OsCI#l#l","1","False","","NO_DIRECT_EXPORT_NOT_PROVEN_MISSING"
"3pCNbVM11UA","3pCNbVM11UA#G#H","1","False","","NO_DIRECT_EXPORT_NOT_PROVEN_MISSING"
"3qMDe77-7-E","3qMDe77-7-E#l#l","1","True","src\SharpEmu.Libs\Np\V48ExportsPart04.cs","DIRECT_SYSABI_EXPORT_PRESENT"
"3rK86aObY4E","3rK86aObY4E#l#l","1","True","src\SharpEmu.Libs\Np\V46ExportsPart15.cs","DIRECT_SYSABI_EXPORT_PRESENT"
"3tKIuacq5jc","3tKIuacq5jc#l#l","1","False","","NO_DIRECT_EXPORT_NOT_PROVEN_MISSING"
"3xUXnmUkXfo","3xUXnmUkXfo#o#o","1","False","","NO_DIRECT_EXPORT_NOT_PROVEN_MISSING"
"3xoP69U8NGs","3xoP69U8NGs#l#l","1","False","","NO_DIRECT_EXPORT_NOT_PROVEN_MISSING"
"3yxLpdKD0RA","3yxLpdKD0RA#4#3","1","False","","NO_DIRECT_EXPORT_NOT_PROVEN_MISSING"
"4+h9EzwKF4I","4+h9EzwKF4I#3#N","1","True","src\SharpEmu.Libs\Kernel\KernelPthreadExtendedCompatExports.cs","DIRECT_SYSABI_EXPORT_PRESENT"
"40BxQHhkVGI","40BxQHhkVGI#l#l","1","False","","NO_DIRECT_EXPORT_NOT_PROVEN_MISSING"
"43WJ08sSugE","43WJ08sSugE#B#C","1","False","","NO_DIRECT_EXPORT_NOT_PROVEN_MISSING"
"449uAhTZ1oc","449uAhTZ1oc#l#l","2","True","src\SharpEmu.Libs\Np\V50ExportsPart03.cs","DIRECT_SYSABI_EXPORT_PRESENT"
"45ggEzakPJQ","45ggEzakPJQ#E#F","1","True","src\SharpEmu.Libs\Network\NetExports.cs","DIRECT_SYSABI_EXPORT_PRESENT"
"47JlRwShq3M","47JlRwShq3M#l#l","1","True","src\SharpEmu.Libs\Np\V47ExportsPart14.cs","DIRECT_SYSABI_EXPORT_PRESENT"
"47UAEuQl+iI","47UAEuQl+iI#p#p","1","True","src\SharpEmu.Libs\Stubs\GameServiceStubs.cs","DIRECT_SYSABI_EXPORT_PRESENT"
"48vx--WiBLU","48vx--WiBLU#l#l","1","True","src\SharpEmu.Libs\Np\V46ExportsPart15.cs","DIRECT_SYSABI_EXPORT_PRESENT"
"4AAcTU9R3XM","4AAcTU9R3XM#P#Q","1","True","src\SharpEmu.Libs\PlayGo\PlayGoExports.cs","DIRECT_SYSABI_EXPORT_PRESENT"
"4AFThLW28xQ","4AFThLW28xQ#l#l","1","False","","NO_DIRECT_EXPORT_NOT_PROVEN_MISSING"
"4C7We-mJFQI","4C7We-mJFQI#l#l","1","False","","NO_DIRECT_EXPORT_NOT_PROVEN_MISSING"
"4DhGHHZbPhk","4DhGHHZbPhk#l#l","1","False","","NO_DIRECT_EXPORT_NOT_PROVEN_MISSING"
"4Fu8tHW+u-k","4Fu8tHW+u-k#p#p","1","False","","NO_DIRECT_EXPORT_NOT_PROVEN_MISSING"
"4GdlGMgWm2Y","4GdlGMgWm2Y#l#l","1","False","","NO_DIRECT_EXPORT_NOT_PROVEN_MISSING"
"4I8vEpuEhZ8","4I8vEpuEhZ8#O#P","1","True","src\SharpEmu.Libs\Network\HttpExports.cs","DIRECT_SYSABI_EXPORT_PRESENT"
"4IzqhhUQ3nk","4IzqhhUQ3nk#q#q","1","True","src\SharpEmu.Libs\Stubs\GameServiceStubs.cs","DIRECT_SYSABI_EXPORT_PRESENT"
"4J2sUJmuHZQ","4J2sUJmuHZQ#3#N","1","True","src\SharpEmu.Libs\Kernel\KernelRuntimeCompatExports.cs","DIRECT_SYSABI_EXPORT_PRESENT"
"4LFb2ce6BJI","4LFb2ce6BJI#l#l","1","False","","NO_DIRECT_EXPORT_NOT_PROVEN_MISSING"
"4MuLwBniwNY","4MuLwBniwNY#l#l","1","True","src\SharpEmu.Libs\Np\V46ExportsPart18.cs","DIRECT_SYSABI_EXPORT_PRESENT"
"4Qn1ujWQLUQ","4Qn1ujWQLUQ#l#l","1","True","src\SharpEmu.Libs\Np\V47ExportsPart04.cs","DIRECT_SYSABI_EXPORT_PRESENT"
"4SSJ+cn+Pvg","4SSJ+cn+Pvg#5#4","1","True","src\SharpEmu.Libs\Ampr\AmprExports.cs","DIRECT_SYSABI_EXPORT_PRESENT"
"4TGeM5jD7x0","4TGeM5jD7x0#l#l","1","True","src\SharpEmu.Libs\Np\NpCppWebApiV44Exports.cs","DIRECT_SYSABI_EXPORT_PRESENT"
"4TiZy24yFoQ","4TiZy24yFoQ#l#l","1","False","","NO_DIRECT_EXPORT_NOT_PROVEN_MISSING"
"4UkZbYKVF7c","4UkZbYKVF7c#5#4","1","False","","NO_DIRECT_EXPORT_NOT_PROVEN_MISSING"
"4V0H+brwuCU","4V0H+brwuCU#l#l","1","False","","NO_DIRECT_EXPORT_NOT_PROVEN_MISSING"
"4VRZ2RXGspA","4VRZ2RXGspA#l#l","1","False","","NO_DIRECT_EXPORT_NOT_PROVEN_MISSING"
"4VUDXmoiZeQ","4VUDXmoiZeQ#l#l","1","True","src\SharpEmu.Libs\Np\V47ExportsPart03.cs","DIRECT_SYSABI_EXPORT_PRESENT"
"4Wq-RRWM+q0","4Wq-RRWM+q0#l#l","1","False","","NO_DIRECT_EXPORT_NOT_PROVEN_MISSING"
"4XkrdavSRUg","4XkrdavSRUg#l#l","1","False","","NO_DIRECT_EXPORT_NOT_PROVEN_MISSING"
"4afM3Xt0+Ig","4afM3Xt0+Ig#l#l","1","False","","NO_DIRECT_EXPORT_NOT_PROVEN_MISSING"
"4czppHBiriw","4czppHBiriw#3#N","1","True","src\SharpEmu.Libs\Kernel\KernelSemaphoreCompatExports.cs","DIRECT_SYSABI_EXPORT_PRESENT"
"4eahqnUQCls","4eahqnUQCls#l#l","1","True","src\SharpEmu.Libs\Np\V47ExportsPart07.cs","DIRECT_SYSABI_EXPORT_PRESENT"
"4ephroQdYfA","4ephroQdYfA#l#l","1","True","src\SharpEmu.Libs\Np\NpCppWebApiV44Exports.cs","DIRECT_SYSABI_EXPORT_PRESENT"
"4fgtGfXDrFc","4fgtGfXDrFc#5#4","1","True","src\SharpEmu.Libs\Ampr\AmprExports.cs","DIRECT_SYSABI_EXPORT_PRESENT"
"4g9GjN7SKoM","4g9GjN7SKoM#l#l","1","True","src\SharpEmu.Libs\Np\V50ExportsPart02.cs","DIRECT_SYSABI_EXPORT_PRESENT"
"4llLk7YJRTE","4llLk7YJRTE#p#p","1","True","src\SharpEmu.Libs\Np\NpUniversalDataSystemExports.cs","DIRECT_SYSABI_EXPORT_PRESENT"
"4mBPHrRMft8","4mBPHrRMft8#l#l","1","True","src\SharpEmu.Libs\Np\V50ExportsPart01.cs","DIRECT_SYSABI_EXPORT_PRESENT"
"4n51s0zEf0c","4n51s0zEf0c#M#N","1","True","src\SharpEmu.Libs\Kernel\KernelSocketCompatExports.cs","DIRECT_SYSABI_EXPORT_PRESENT"
"4quckD2y7Pg","4quckD2y7Pg#5#4","1","False","","NO_DIRECT_EXPORT_NOT_PROVEN_MISSING"
"4qwDUAMxe4E","4qwDUAMxe4E#l#l","1","False","","NO_DIRECT_EXPORT_NOT_PROVEN_MISSING"
"4rK-OPl4dic","4rK-OPl4dic#l#l","1","True","src\SharpEmu.Libs\Np\V50ExportsPart03.cs","DIRECT_SYSABI_EXPORT_PRESENT"
"4rpx-P+kdJQ","4rpx-P+kdJQ#l#l","1","True","src\SharpEmu.Libs\Np\V47ExportsPart08.cs","DIRECT_SYSABI_EXPORT_PRESENT"
"4tPhsP6FpDI","4tPhsP6FpDI#T#U","1","True","src\SharpEmu.Libs\SaveData\SaveDataDialogExports.cs","DIRECT_SYSABI_EXPORT_PRESENT"
"4wSze92BhLI","4wSze92BhLI#3#N","1","True","src\SharpEmu.Libs\Kernel\KernelMemoryCompatExports.cs","DIRECT_SYSABI_EXPORT_PRESENT"
"4yhgTW7UB6c","4yhgTW7UB6c#l#l","1","False","","NO_DIRECT_EXPORT_NOT_PROVEN_MISSING"
"4zrm6VrgIAw","4zrm6VrgIAw#o#o","1","True","src\SharpEmu.Libs\Json\JsonExports.cs","DIRECT_SYSABI_EXPORT_PRESENT"
"50oxAQ8IzrQ","50oxAQ8IzrQ#l#l","1","True","src\SharpEmu.Libs\Np\V48ExportsPart06.cs","DIRECT_SYSABI_EXPORT_PRESENT"
"52AlYvq+dmk","52AlYvq+dmk#l#l","1","True","src\SharpEmu.Libs\Np\V50ExportsPart02.cs","DIRECT_SYSABI_EXPORT_PRESENT"
"52NcYU9+lEo","52NcYU9+lEo#3#N","1","False","","NO_DIRECT_EXPORT_NOT_PROVEN_MISSING"
"53DH+ZDnTP4","53DH+ZDnTP4#l#l","1","False","","NO_DIRECT_EXPORT_NOT_PROVEN_MISSING"
"56NYbWlyAPE","56NYbWlyAPE#l#l","1","False","","NO_DIRECT_EXPORT_NOT_PROVEN_MISSING"
"56QLTqx911s","56QLTqx911s#p#p","1","False","","NO_DIRECT_EXPORT_NOT_PROVEN_MISSING"
"56eZPuFnFFo","56eZPuFnFFo#l#l","1","True","src\SharpEmu.Libs\Np\V46ExportsPart15.cs","DIRECT_SYSABI_EXPORT_PRESENT"
"57ST1U27ZxY","57ST1U27ZxY#l#l","1","True","src\SharpEmu.Libs\Np\V46ExportsPart07.cs","DIRECT_SYSABI_EXPORT_PRESENT"
"57labkp+rSQ","57labkp+rSQ#B#C","1","True","src\SharpEmu.Libs\Agc\AgcExports.cs","DIRECT_SYSABI_EXPORT_PRESENT"
"58HnTZbC0+k","58HnTZbC0+k#l#l","1","False","","NO_DIRECT_EXPORT_NOT_PROVEN_MISSING"
"5A1JkOFCwqg","5A1JkOFCwqg#l#l","1","True","src\SharpEmu.Libs\Np\V46ExportsPart19.cs","DIRECT_SYSABI_EXPORT_PRESENT"
"5A1ghKVPits","5A1ghKVPits#l#l","1","True","src\SharpEmu.Libs\Np\V50ExportsPart03.cs","DIRECT_SYSABI_EXPORT_PRESENT"
"5AZPp99ogrc","5AZPp99ogrc#o#o","1","False","","NO_DIRECT_EXPORT_NOT_PROVEN_MISSING"
"5CdQTZIQPxM","5CdQTZIQPxM#A#B","1","False","","NO_DIRECT_EXPORT_NOT_PROVEN_MISSING"
"5EQz9BE0cRE","5EQz9BE0cRE#l#l","1","False","","NO_DIRECT_EXPORT_NOT_PROVEN_MISSING"
"5F7D2WLcblc","5F7D2WLcblc#l#l","1","True","src\SharpEmu.Libs\Np\V50ExportsPart01.cs","DIRECT_SYSABI_EXPORT_PRESENT"
"5HZxpDKT1Xs","5HZxpDKT1Xs#l#l","1","False","","NO_DIRECT_EXPORT_NOT_PROVEN_MISSING"
"5HeaBTx0AVA","5HeaBTx0AVA#l#l","1","False","","NO_DIRECT_EXPORT_NOT_PROVEN_MISSING"
"5IkBkh+MZYw","5IkBkh+MZYw#l#l","1","True","src\SharpEmu.Libs\Np\V46ExportsPart17.cs","DIRECT_SYSABI_EXPORT_PRESENT"
"5JmzZt8twAo","5JmzZt8twAo#o#o","1","False","","NO_DIRECT_EXPORT_NOT_PROVEN_MISSING"
"5KRRH0MFHz4","5KRRH0MFHz4#l#l","1","False","","NO_DIRECT_EXPORT_NOT_PROVEN_MISSING"
"5LZA+KPISVA","5LZA+KPISVA#O#P","1","False","","NO_DIRECT_EXPORT_NOT_PROVEN_MISSING"
"5Lf51jvohTQ","5Lf51jvohTQ#4#3","1","False","","NO_DIRECT_EXPORT_NOT_PROVEN_MISSING"
"5LiMEPuW0DQ","5LiMEPuW0DQ#2#2","1","False","","NO_DIRECT_EXPORT_NOT_PROVEN_MISSING"
"5LoVY9nQRTY","5LoVY9nQRTY#l#l","1","False","","NO_DIRECT_EXPORT_NOT_PROVEN_MISSING"
"5N6MwahrroM","5N6MwahrroM#l#l","1","True","src\SharpEmu.Libs\Np\V50ExportsPart03.cs","DIRECT_SYSABI_EXPORT_PRESENT"
"5OqszGpy7Mg","5OqszGpy7Mg#4#3","1","True","src\SharpEmu.Libs\LibcCompat\LibcRuntimeExpansionV46Exports.cs","DIRECT_SYSABI_EXPORT_PRESENT"
"5QJRueHuTBo","5QJRueHuTBo#l#l","1","True","src\SharpEmu.Libs\Np\V47ExportsPart17.cs","DIRECT_SYSABI_EXPORT_PRESENT"
"5RSKjWE2avA","5RSKjWE2avA#l#l","1","True","src\SharpEmu.Libs\Np\V46ExportsPart17.cs","DIRECT_SYSABI_EXPORT_PRESENT"
"5T8S3sCIl68","5T8S3sCIl68#l#l","1","True","src\SharpEmu.Libs\Np\V46ExportsPart18.cs","DIRECT_SYSABI_EXPORT_PRESENT"
"5TgME6AYty4","5TgME6AYty4#3#N","1","False","","NO_DIRECT_EXPORT_NOT_PROVEN_MISSING"
"5Tgg-rL58Cs","5Tgg-rL58Cs#l#l","1","True","src\SharpEmu.Libs\Np\V46ExportsPart19.cs","DIRECT_SYSABI_EXPORT_PRESENT"
"5TjaJwkLWxE","5TjaJwkLWxE#4#3","1","True","src\SharpEmu.Libs\LibcCompat\RuntimePosixRemainingExportsV54.cs","DIRECT_SYSABI_EXPORT_PRESENT"
"5TwSfklv4m8","5TwSfklv4m8#l#l","1","False","","NO_DIRECT_EXPORT_NOT_PROVEN_MISSING"
"5UV12de1fGo","5UV12de1fGo#l#l","1","True","src\SharpEmu.Libs\Np\V50ExportsPart01.cs","DIRECT_SYSABI_EXPORT_PRESENT"
"5W-tQqvnH+8","5W-tQqvnH+8#l#l","1","False","","NO_DIRECT_EXPORT_NOT_PROVEN_MISSING"
"5Xa2ACNECdo","5Xa2ACNECdo#4#3","1","True","src\SharpEmu.Libs\LibcCompat\LibcMemoryStringExports.cs","DIRECT_SYSABI_EXPORT_PRESENT"
"5ZmHq5-n58M","5ZmHq5-n58M#l#l","1","True","src\SharpEmu.Libs\Np\V48ExportsPart04.cs","DIRECT_SYSABI_EXPORT_PRESENT"
"5f9xDKxYjbY","5f9xDKxYjbY#l#l","1","True","src\SharpEmu.Libs\Np\V46ExportsPart16.cs","DIRECT_SYSABI_EXPORT_PRESENT"
"5hYCe5D5m8E","5hYCe5D5m8E#l#l","1","False","","NO_DIRECT_EXPORT_NOT_PROVEN_MISSING"
"5jNubw4vlAA","5jNubw4vlAA#4#3","1","True","src\SharpEmu.Libs\Kernel\KernelMemoryCompatExports.cs","DIRECT_SYSABI_EXPORT_PRESENT"
"5l3IfCFJxBs","5l3IfCFJxBs#A#B","1","False","","NO_DIRECT_EXPORT_NOT_PROVEN_MISSING"
"5p8LHGPi5oc","5p8LHGPi5oc#l#l","1","True","src\SharpEmu.Libs\Np\V47ExportsPart13.cs","DIRECT_SYSABI_EXPORT_PRESENT"
"5qBXmEPTZpI","5qBXmEPTZpI#l#l","1","False","","NO_DIRECT_EXPORT_NOT_PROVEN_MISSING"
"5s-tzz2VeoE","5s-tzz2VeoE#l#l","1","False","","NO_DIRECT_EXPORT_NOT_PROVEN_MISSING"
"5tOfnaClcqM","5tOfnaClcqM#I#J","1","True","src\SharpEmu.Libs\Audio\AjmExports.cs","DIRECT_SYSABI_EXPORT_PRESENT"
"5tW9QOKdw7g","5tW9QOKdw7g#l#l","1","True","src\SharpEmu.Libs\Np\V50ExportsPart03.cs","DIRECT_SYSABI_EXPORT_PRESENT"
"5txKfcMUAok","5txKfcMUAok#M#N","1","True","src\SharpEmu.Libs\Kernel\KernelPthreadCompatExports.cs","DIRECT_SYSABI_EXPORT_PRESENT"
"5wM1AxqBnvM","5wM1AxqBnvM#l#l","1","True","src\SharpEmu.Libs\Np\V48ExportsPart04.cs","DIRECT_SYSABI_EXPORT_PRESENT"
"5wjxESwX68I","5wjxESwX68I#c#c","1","True","src\SharpEmu.Libs\Share\ShareExports.cs","IMPLEMENTED_V1_8_12"
"5yHuiWXo2gg","5yHuiWXo2gg#o#o","1","True","src\SharpEmu.Libs\Json\JsonValueExports.cs","DIRECT_SYSABI_EXPORT_PRESENT"
"5zBnau1uIEo","5zBnau1uIEo#p#p","1","True","src\SharpEmu.Libs\Np\NpUniversalDataSystemExports.cs","DIRECT_SYSABI_EXPORT_PRESENT"
"61l7lw7GPpM","61l7lw7GPpM#l#l","1","True","src\SharpEmu.Libs\Np\V47ExportsPart03.cs","DIRECT_SYSABI_EXPORT_PRESENT"
"62KCwEMmzcM","62KCwEMmzcM#3#N","1","True","src\SharpEmu.Libs\Kernel\KernelPthreadExtendedCompatExports.cs","DIRECT_SYSABI_EXPORT_PRESENT"
"6381dWF+xsQ","6381dWF+xsQ#O#P","1","False","","NO_DIRECT_EXPORT_NOT_PROVEN_MISSING"
"63mPNKdUOZY","63mPNKdUOZY#l#l","1","True","src\SharpEmu.Libs\Np\V50ExportsPart04.cs","DIRECT_SYSABI_EXPORT_PRESENT"
"64d1Ql4ALKM","64d1Ql4ALKM#l#l","1","True","src\SharpEmu.Libs\Np\V50ExportsPart03.cs","DIRECT_SYSABI_EXPORT_PRESENT"
"64t1tScUT7U","64t1tScUT7U#l#l","1","False","","NO_DIRECT_EXPORT_NOT_PROVEN_MISSING"
"656LMQSrg6U","656LMQSrg6U#W#X","1","False","","NO_DIRECT_EXPORT_NOT_PROVEN_MISSING"
"65LGb3C4dE0","65LGb3C4dE0#l#l","1","True","src\SharpEmu.Libs\Np\V46ExportsPart17.cs","DIRECT_SYSABI_EXPORT_PRESENT"
"662LNVPwRlU","662LNVPwRlU#l#l","1","False","","NO_DIRECT_EXPORT_NOT_PROVEN_MISSING"
"6BpEZuDT7YI","6BpEZuDT7YI#M#N","1","True","src\SharpEmu.Libs\Kernel\KernelPthreadExtendedCompatExports.cs","DIRECT_SYSABI_EXPORT_PRESENT"
"6DFuRKT4C9w","6DFuRKT4C9w#B#C","1","True","src\SharpEmu.Libs\Agc\AgcGraphicsSizingV55Exports.cs","DIRECT_SYSABI_EXPORT_PRESENT"
"6DYUrB0WWL4","6DYUrB0WWL4#l#l","1","True","src\SharpEmu.Libs\Np\V48ExportsPart05.cs","DIRECT_SYSABI_EXPORT_PRESENT"
"6FK4IOnANkc","6FK4IOnANkc#l#l","1","False","","NO_DIRECT_EXPORT_NOT_PROVEN_MISSING"
"6G21TZ477uY","6G21TZ477uY#l#l","1","True","src\SharpEmu.Libs\Np\V46ExportsPart17.cs","DIRECT_SYSABI_EXPORT_PRESENT"
"6G5AbU2+roc","6G5AbU2+roc#l#l","1","True","src\SharpEmu.Libs\Np\V46ExportsPart18.cs","DIRECT_SYSABI_EXPORT_PRESENT"
"6G5fpY0ODcA","6G5fpY0ODcA#l#l","1","True","src\SharpEmu.Libs\Np\V50ExportsPart02.cs","DIRECT_SYSABI_EXPORT_PRESENT"
"6Itto9pqaus","6Itto9pqaus#l#l","1","True","src\SharpEmu.Libs\Np\V46ExportsPart08.cs","DIRECT_SYSABI_EXPORT_PRESENT"
"6K1g7+ztzAs","6K1g7+ztzAs#l#l","1","True","src\SharpEmu.Libs\Np\V48ExportsPart08.cs","DIRECT_SYSABI_EXPORT_PRESENT"
"6MORSoGtTEY","6MORSoGtTEY#l#l","1","False","","NO_DIRECT_EXPORT_NOT_PROVEN_MISSING"
"6MqnXbffvVg","6MqnXbffvVg#l#l","1","True","src\SharpEmu.Libs\Np\V46ExportsPart15.cs","DIRECT_SYSABI_EXPORT_PRESENT"
"6O8EwYOgH9Y","6O8EwYOgH9Y#M#N","1","True","src\SharpEmu.Libs\Network\NetExports.cs","DIRECT_SYSABI_EXPORT_PRESENT"
"6Oc0bLsIYe0","6Oc0bLsIYe0#E#F","1","False","","NO_DIRECT_EXPORT_NOT_PROVEN_MISSING"
"6P8utWRG8zc","6P8utWRG8zc#l#l","1","True","src\SharpEmu.Libs\Np\V46ExportsPart17.cs","DIRECT_SYSABI_EXPORT_PRESENT"
"6PJIccfp+Mw","6PJIccfp+Mw#l#l","1","True","src\SharpEmu.Libs\Np\V46ExportsPart07.cs","DIRECT_SYSABI_EXPORT_PRESENT"
"6QL0WMBsvbs","6QL0WMBsvbs#l#l","1","False","","NO_DIRECT_EXPORT_NOT_PROVEN_MISSING"
"6ULAa0fq4jA","6ULAa0fq4jA#3#N","1","True","src\SharpEmu.Libs\Kernel\KernelPthreadExtendedCompatExports.cs","DIRECT_SYSABI_EXPORT_PRESENT"
"6UgtwV+0zb4","6UgtwV+0zb4#3#N","1","True","src\SharpEmu.Libs\Kernel\KernelExports.cs","DIRECT_SYSABI_EXPORT_PRESENT"
"6UzEidRZwkg","6UzEidRZwkg#A#B","1","True","src\SharpEmu.Libs\Agc\AgcExports.cs","DIRECT_SYSABI_EXPORT_PRESENT"
"6XG4B33N09g","6XG4B33N09g#M#N","1","False","","NO_DIRECT_EXPORT_NOT_PROVEN_MISSING"
"6bwFkosYRQg","6bwFkosYRQg#k#k","1","False","","NO_DIRECT_EXPORT_NOT_PROVEN_MISSING"
"6ee9Hd3EWXQ","6ee9Hd3EWXQ#B#C","1","False","","NO_DIRECT_EXPORT_NOT_PROVEN_MISSING"
"6fIC3XKt2k0","6fIC3XKt2k0#a#a","1","True","src\SharpEmu.Libs\CommonDialog\MsgDialogExports.cs","DIRECT_SYSABI_EXPORT_PRESENT"
"6gBvZEOI9hM","6gBvZEOI9hM#l#l","1","False","","NO_DIRECT_EXPORT_NOT_PROVEN_MISSING"
"6hbai6KIXkk","6hbai6KIXkk#5#4","1","True","src\SharpEmu.Libs\Ampr\AmprExports.cs","DIRECT_SYSABI_EXPORT_PRESENT"
"6jztgmozVEI","6jztgmozVEI#l#l","1","False","","NO_DIRECT_EXPORT_NOT_PROVEN_MISSING"
"6l3Bv2gysNc","6l3Bv2gysNc#o#o","1","True","src\SharpEmu.Libs\Json\JsonValueExports.cs","DIRECT_SYSABI_EXPORT_PRESENT"
"6lLDKa1S3EI","6lLDKa1S3EI#l#l","1","True","src\SharpEmu.Libs\Np\V47ExportsPart05.cs","DIRECT_SYSABI_EXPORT_PRESENT"
"6lNcCp+fxi4","6lNcCp+fxi4#B#C","1","True","src\SharpEmu.Libs\Agc\AgcExports.cs","DIRECT_SYSABI_EXPORT_PRESENT"
"6mFxkVqdmbQ","6mFxkVqdmbQ#B#C","1","True","src\SharpEmu.Libs\Agc\AgcExports.cs","DIRECT_SYSABI_EXPORT_PRESENT"
"6ncge5+l5Qs","6ncge5+l5Qs#D#E","1","True","src\SharpEmu.Libs\Pad\PadExports.cs","DIRECT_SYSABI_EXPORT_PRESENT"
"6p3P4bybdXg","6p3P4bybdXg#l#l","1","False","","NO_DIRECT_EXPORT_NOT_PROVEN_MISSING"
"6q3HbnByPQ8","6q3HbnByPQ8#l#l","1","True","src\SharpEmu.Libs\Np\V50ExportsPart03.cs","DIRECT_SYSABI_EXPORT_PRESENT"
"6rbFd1xKksc","6rbFd1xKksc#l#l","1","False","","NO_DIRECT_EXPORT_NOT_PROVEN_MISSING"
"6sJWiWSRuqk","6sJWiWSRuqk#4#3","1","True","src\SharpEmu.Libs\Kernel\KernelMemoryCompatExports.cs","DIRECT_SYSABI_EXPORT_PRESENT"
"6t2tqubghqY","6t2tqubghqY#l#l","1","False","","NO_DIRECT_EXPORT_NOT_PROVEN_MISSING"
"6vm01KRxbM4","6vm01KRxbM4#l#l","1","True","src\SharpEmu.Libs\Np\V46ExportsPart08.cs","DIRECT_SYSABI_EXPORT_PRESENT"
"7-AW9mVPxtI","7-AW9mVPxtI#l#l","1","True","src\SharpEmu.Libs\Np\V46ExportsPart09.cs","DIRECT_SYSABI_EXPORT_PRESENT"
"7-BX2Jeii7c","7-BX2Jeii7c#l#l","1","False","","NO_DIRECT_EXPORT_NOT_PROVEN_MISSING"
"7-a7sBHeUQ8","7-a7sBHeUQ8#4#3","1","False","","NO_DIRECT_EXPORT_NOT_PROVEN_MISSING"
"70Dj40Ar0ag","70Dj40Ar0ag#l#l","1","True","src\SharpEmu.Libs\Np\V48ExportsPart08.cs","DIRECT_SYSABI_EXPORT_PRESENT"
"73I4BBiAx3c","73I4BBiAx3c#l#l","1","False","","NO_DIRECT_EXPORT_NOT_PROVEN_MISSING"
"73XG6dPCOr0","73XG6dPCOr0#l#l","1","True","src\SharpEmu.Libs\Np\V50ExportsPart01.cs","DIRECT_SYSABI_EXPORT_PRESENT"
"74ASEqxSnkM","74ASEqxSnkM#p#p","1","False","","NO_DIRECT_EXPORT_NOT_PROVEN_MISSING"
"75Hbvij1fk8","75Hbvij1fk8#l#l","1","True","src\SharpEmu.Libs\Np\V50ExportsPart01.cs","DIRECT_SYSABI_EXPORT_PRESENT"
"76U8Y1XJ5CE","76U8Y1XJ5CE#l#l","1","False","","NO_DIRECT_EXPORT_NOT_PROVEN_MISSING"
"7Bc6AIhycYA","7Bc6AIhycYA#l#l","1","False","","NO_DIRECT_EXPORT_NOT_PROVEN_MISSING"
"7DhW72gDfsE","7DhW72gDfsE#l#l","1","False","","NO_DIRECT_EXPORT_NOT_PROVEN_MISSING"
"7GiaU8HwHlE","7GiaU8HwHlE#l#l","1","False","","NO_DIRECT_EXPORT_NOT_PROVEN_MISSING"
"7H0iTOciTLo","7H0iTOciTLo#M#N","1","True","src\SharpEmu.Libs\Kernel\KernelPthreadCompatExports.cs","DIRECT_SYSABI_EXPORT_PRESENT"
"7IDdNe0C2tM","7IDdNe0C2tM#l#l","1","True","src\SharpEmu.Libs\Np\V46ExportsPart18.cs","DIRECT_SYSABI_EXPORT_PRESENT"
"7IgV8DBuzJQ","7IgV8DBuzJQ#l#l","1","True","src\SharpEmu.Libs\Np\V47ExportsPart11.cs","DIRECT_SYSABI_EXPORT_PRESENT"
"7IhJrsLLTcg","7IhJrsLLTcg#l#l","1","True","src\SharpEmu.Libs\Np\V46ExportsPart16.cs","DIRECT_SYSABI_EXPORT_PRESENT"
"7JghICrSrmk","7JghICrSrmk#l#l","1","False","","NO_DIRECT_EXPORT_NOT_PROVEN_MISSING"
"7Ly52zaL44Q","7Ly52zaL44Q#4#3","1","True","src\SharpEmu.Libs\LibcCompat\LibcMathCompilerRuntimeExports.cs","DIRECT_SYSABI_EXPORT_PRESENT"
"7QVVkqjdGc0","7QVVkqjdGc0#l#l","1","True","src\SharpEmu.Libs\Np\NpCppWebApiV44Exports.cs","DIRECT_SYSABI_EXPORT_PRESENT"
"7Qq+PAPNTUM","7Qq+PAPNTUM#l#l","1","False","","NO_DIRECT_EXPORT_NOT_PROVEN_MISSING"
"7SXNu+0KBYQ","7SXNu+0KBYQ#4#3","1","False","","NO_DIRECT_EXPORT_NOT_PROVEN_MISSING"
"7VnK1K-gAEU","7VnK1K-gAEU#l#l","1","False","","NO_DIRECT_EXPORT_NOT_PROVEN_MISSING"
"7WIhb86+Kl4","7WIhb86+Kl4#l#l","1","False","","NO_DIRECT_EXPORT_NOT_PROVEN_MISSING"
"7Wa3aeJgeVU","7Wa3aeJgeVU#B#C","1","False","","NO_DIRECT_EXPORT_NOT_PROVEN_MISSING"
"7X3wSywr7+0","7X3wSywr7+0#l#l","1","False","","NO_DIRECT_EXPORT_NOT_PROVEN_MISSING"
"7XqwuTnyKLM","7XqwuTnyKLM#l#l","1","False","","NO_DIRECT_EXPORT_NOT_PROVEN_MISSING"
"7b4WWdcrGOg","7b4WWdcrGOg#l#l","1","True","src\SharpEmu.Libs\Np\V46ExportsPart14.cs","DIRECT_SYSABI_EXPORT_PRESENT"
"7dI1j4ItuHE","7dI1j4ItuHE#l#l","1","False","","NO_DIRECT_EXPORT_NOT_PROVEN_MISSING"
"7egFwiOMTt0","7egFwiOMTt0#l#l","1","True","src\SharpEmu.Libs\Np\V46ExportsPart18.cs","DIRECT_SYSABI_EXPORT_PRESENT"
"7jbnFXytxmQ","7jbnFXytxmQ#l#l","1","False","","NO_DIRECT_EXPORT_NOT_PROVEN_MISSING"
"7kSGOVXdivc","7kSGOVXdivc#l#l","1","False","","NO_DIRECT_EXPORT_NOT_PROVEN_MISSING"
"7nOoijNPvEU","7nOoijNPvEU#B#C","1","True","src\SharpEmu.Libs\Agc\AgcExports.cs","DIRECT_SYSABI_EXPORT_PRESENT"
"7nXGDGMXSqo","7nXGDGMXSqo#5#4","1","False","","NO_DIRECT_EXPORT_NOT_PROVEN_MISSING"
"7oxv3PPCumo","7oxv3PPCumo#3#N","1","True","src\SharpEmu.Libs\Kernel\KernelRuntimeCompatExports.cs","DIRECT_SYSABI_EXPORT_PRESENT"
"7pNKcscKrf8","7pNKcscKrf8#4#3","1","False","","NO_DIRECT_EXPORT_NOT_PROVEN_MISSING"
"7rnbZv4SZGI","7rnbZv4SZGI#l#l","1","True","src\SharpEmu.Libs\Np\NpCppWebApiV45Exports.cs","DIRECT_SYSABI_EXPORT_PRESENT"
"7toV+elXqNM","7toV+elXqNM#B#C","1","False","","NO_DIRECT_EXPORT_NOT_PROVEN_MISSING"
"7ubnYQ7QZ1E","7ubnYQ7QZ1E#l#l","1","True","src\SharpEmu.Libs\Np\V46ExportsPart18.cs","DIRECT_SYSABI_EXPORT_PRESENT"
"7uhBFWRAS60","7uhBFWRAS60#3#N","1","True","src\SharpEmu.Libs\Kernel\KernelEventFlagCompatExports.cs","DIRECT_SYSABI_EXPORT_PRESENT"
"7wPqwjG-mPE","7wPqwjG-mPE#l#l","1","False","","NO_DIRECT_EXPORT_NOT_PROVEN_MISSING"
"7yMFgcS8EPA","7yMFgcS8EPA#4#3","1","False","","NO_DIRECT_EXPORT_NOT_PROVEN_MISSING"
"7yXITS65REs","7yXITS65REs#l#l","1","True","src\SharpEmu.Libs\Np\V48ExportsPart07.cs","DIRECT_SYSABI_EXPORT_PRESENT"
"8-9Y4oS+OuE","8-9Y4oS+OuE#l#l","1","True","src\SharpEmu.Libs\Np\V50ExportsPart01.cs","DIRECT_SYSABI_EXPORT_PRESENT"
"83kEPQNWy8A","83kEPQNWy8A#l#l","1","False","","NO_DIRECT_EXPORT_NOT_PROVEN_MISSING"
"85zul--eGXs","85zul--eGXs#S#T","1","True","src\SharpEmu.Libs\SaveData\SaveDataExports.cs","DIRECT_SYSABI_EXPORT_PRESENT"
"88Rk5FV9QAs","88Rk5FV9QAs#l#l","1","True","src\SharpEmu.Libs\Np\V48ExportsPart08.cs","DIRECT_SYSABI_EXPORT_PRESENT"
"88Vv-AzHVj8","88Vv-AzHVj8#4#3","1","True","src\SharpEmu.Libs\LibcCompat\LibcMathCompilerRuntimeExports.cs","DIRECT_SYSABI_EXPORT_PRESENT"
"8C36kDPJiS0","8C36kDPJiS0#l#l","1","True","src\SharpEmu.Libs\Np\NpCppWebApiV44Exports.cs","DIRECT_SYSABI_EXPORT_PRESENT"
"8EuesH8mP8c","8EuesH8mP8c#l#l","1","False","","NO_DIRECT_EXPORT_NOT_PROVEN_MISSING"
"8F5j7U-Bq6s","8F5j7U-Bq6s#A#B","1","False","","NO_DIRECT_EXPORT_NOT_PROVEN_MISSING"
"8G2LB+A3rzg","8G2LB+A3rzg#4#3","1","True","src\SharpEmu.Libs\Kernel\KernelExports.cs","DIRECT_SYSABI_EXPORT_PRESENT"
"8Kcp5d-q1Uo","8Kcp5d-q1Uo#E#F","1","True","src\SharpEmu.Libs\Network\NetExports.cs","DIRECT_SYSABI_EXPORT_PRESENT"
"8KfpQloQjDs","8KfpQloQjDs#l#l","1","True","src\SharpEmu.Libs\Np\V50ExportsPart01.cs","DIRECT_SYSABI_EXPORT_PRESENT"
"8Kly1JrJUlw","8Kly1JrJUlw#B#C","1","False","","NO_DIRECT_EXPORT_NOT_PROVEN_MISSING"
"8KnO2N9rsSE","8KnO2N9rsSE#l#l","1","True","src\SharpEmu.Libs\Np\V50ExportsPart03.cs","DIRECT_SYSABI_EXPORT_PRESENT"
"8MExInxqXhE","8MExInxqXhE#l#l","1","False","","NO_DIRECT_EXPORT_NOT_PROVEN_MISSING"
"8MtIPCdWOGI","8MtIPCdWOGI#l#l","1","True","src\SharpEmu.Libs\Np\V46ExportsPart19.cs","DIRECT_SYSABI_EXPORT_PRESENT"
"8N2tmT3jmC8","8N2tmT3jmC8#B#C","1","True","src\SharpEmu.Libs\Agc\AgcExports.cs","DIRECT_SYSABI_EXPORT_PRESENT"
"8NNHrZe2Em4","8NNHrZe2Em4#l#l","1","True","src\SharpEmu.Libs\Np\V50ExportsPart03.cs","DIRECT_SYSABI_EXPORT_PRESENT"
"8PoKVfl28n0","8PoKVfl28n0#l#l","1","True","src\SharpEmu.Libs\Np\V48ExportsPart03.cs","DIRECT_SYSABI_EXPORT_PRESENT"
"8SHfQyTniLo","8SHfQyTniLo#l#l","1","True","src\SharpEmu.Libs\Np\V47ExportsPart04.cs","DIRECT_SYSABI_EXPORT_PRESENT"
"8TBE+9XCZbI","8TBE+9XCZbI#5#4","1","True","src\SharpEmu.Libs\Ampr\AmprExports.cs","DIRECT_SYSABI_EXPORT_PRESENT"
"8U-CFwUXaoA","8U-CFwUXaoA#l#l","1","True","src\SharpEmu.Libs\Np\V48ExportsPart03.cs","DIRECT_SYSABI_EXPORT_PRESENT"
"8VWyc8ke-uw","8VWyc8ke-uw#l#l","1","True","src\SharpEmu.Libs\Np\V46ExportsPart18.cs","DIRECT_SYSABI_EXPORT_PRESENT"
"8ZNgnjz-3LQ","8ZNgnjz-3LQ#l#l","1","False","","NO_DIRECT_EXPORT_NOT_PROVEN_MISSING"
"8aI7R7WaOlc","8aI7R7WaOlc#5#4","1","True","src\SharpEmu.Libs\Ampr\AmprExports.cs","DIRECT_SYSABI_EXPORT_PRESENT"
"8bDoKOYvyrM","8bDoKOYvyrM#l#l","1","False","","NO_DIRECT_EXPORT_NOT_PROVEN_MISSING"
"8cmupXHZgAw","8cmupXHZgAw#l#l","1","False","","NO_DIRECT_EXPORT_NOT_PROVEN_MISSING"
"8eqBiqB72AE","8eqBiqB72AE#l#l","1","True","src\SharpEmu.Libs\Np\V48ExportsPart11.cs","DIRECT_SYSABI_EXPORT_PRESENT"
"8mql9OcQnd4","8mql9OcQnd4#3#N","1","True","src\SharpEmu.Libs\Kernel\KernelEventFlagCompatExports.cs","DIRECT_SYSABI_EXPORT_PRESENT"
"8nY19bKoiZk","8nY19bKoiZk#M#N","1","False","","NO_DIRECT_EXPORT_NOT_PROVEN_MISSING"
"8nYptG9u+so","8nYptG9u+so#l#l","1","True","src\SharpEmu.Libs\Np\V48ExportsPart03.cs","DIRECT_SYSABI_EXPORT_PRESENT"
"8sFq5s8eHnQ","8sFq5s8eHnQ#5#4","1","True","src\SharpEmu.Libs\Ampr\AmprExports.cs","DIRECT_SYSABI_EXPORT_PRESENT"
"8sRfYnV7XlA","8sRfYnV7XlA#l#l","1","False","","NO_DIRECT_EXPORT_NOT_PROVEN_MISSING"
"8u8lPzUEq+U","8u8lPzUEq+U#4#3","1","True","src\SharpEmu.Libs\Kernel\KernelMemoryCompatExports.cs","DIRECT_SYSABI_EXPORT_PRESENT"
"8vgoB2QpCq4","8vgoB2QpCq4#l#l","1","False","","NO_DIRECT_EXPORT_NOT_PROVEN_MISSING"
"8w-H19ip48I","8w-H19ip48I#C#D","1","True","src\SharpEmu.Libs\Rtc\RtcExports.cs","DIRECT_SYSABI_EXPORT_PRESENT"
"8x++mBOUeso","8x++mBOUeso#l#l","1","False","","NO_DIRECT_EXPORT_NOT_PROVEN_MISSING"
"8zTFvBIAIN8","8zTFvBIAIN8#4#3","1","True","src\SharpEmu.Libs\Kernel\KernelMemoryCompatExports.cs","DIRECT_SYSABI_EXPORT_PRESENT"
"8zsu04XNsZ4","8zsu04XNsZ4#4#3","1","True","src\SharpEmu.Libs\LibcCompat\LibcMathCompilerRuntimeExports.cs","DIRECT_SYSABI_EXPORT_PRESENT"
"91wv2313GMQ","91wv2313GMQ#l#l","1","True","src\SharpEmu.Libs\Np\V50ExportsPart02.cs","DIRECT_SYSABI_EXPORT_PRESENT"
"99b82IKXpH4","99b82IKXpH4#R#S","1","True","src\SharpEmu.Libs\AppContent\AppContentExports.cs","DIRECT_SYSABI_EXPORT_PRESENT"
"9AOMjk-ovyE","9AOMjk-ovyE#l#l","1","False","","NO_DIRECT_EXPORT_NOT_PROVEN_MISSING"
"9AuVWpMjbqc","9AuVWpMjbqc#l#l","1","True","src\SharpEmu.Libs\Np\V47ExportsPart03.cs","DIRECT_SYSABI_EXPORT_PRESENT"
"9BcDykPmo1I","9BcDykPmo1I#3#N","1","True","src\SharpEmu.Libs\Kernel\KernelRuntimeCompatExports.cs","DIRECT_SYSABI_EXPORT_PRESENT"
"9ByRMdo7ywg","9ByRMdo7ywg#4#3","34","False","","NO_DIRECT_EXPORT_NOT_PROVEN_MISSING"
"9CD82fft1+k","9CD82fft1+k#l#l","1","True","src\SharpEmu.Libs\Np\V46ExportsPart10.cs","DIRECT_SYSABI_EXPORT_PRESENT"
"9IygJEdu7Lg","9IygJEdu7Lg#l#l","1","False","","NO_DIRECT_EXPORT_NOT_PROVEN_MISSING"
"9Ize+VvpjTI","9Ize+VvpjTI#l#l","1","True","src\SharpEmu.Libs\Np\V47ExportsPart07.cs","DIRECT_SYSABI_EXPORT_PRESENT"
"9KUZFjI1IxA","9KUZFjI1IxA#o#o","1","True","src\SharpEmu.Libs\Json\JsonValueExports.cs","DIRECT_SYSABI_EXPORT_PRESENT"
"9KX8MktrvHA","9KX8MktrvHA#l#l","1","True","src\SharpEmu.Libs\Np\NpCppWebApiV45Exports.cs","DIRECT_SYSABI_EXPORT_PRESENT"
"9Km5hNg0azA","9Km5hNg0azA#l#l","1","True","src\SharpEmu.Libs\Np\V48ExportsPart04.cs","DIRECT_SYSABI_EXPORT_PRESENT"
"9LCjpWyQ5Zc","9LCjpWyQ5Zc#4#3","1","True","src\SharpEmu.Libs\LibcCompat\LibcMathCompilerRuntimeExports.cs","DIRECT_SYSABI_EXPORT_PRESENT"
"9OV-NYh2TAs","9OV-NYh2TAs#l#l","1","True","src\SharpEmu.Libs\Np\V50ExportsPart03.cs","DIRECT_SYSABI_EXPORT_PRESENT"
"9OXzqmMrdq4","9OXzqmMrdq4#l#l","1","False","","NO_DIRECT_EXPORT_NOT_PROVEN_MISSING"
"9PJfPHVOrVs","9PJfPHVOrVs#l#l","1","False","","NO_DIRECT_EXPORT_NOT_PROVEN_MISSING"
"9Q8+OX+sjzY","9Q8+OX+sjzY#l#l","1","False","","NO_DIRECT_EXPORT_NOT_PROVEN_MISSING"
"9S4noWrUI0s","9S4noWrUI0s#B#C","1","False","","NO_DIRECT_EXPORT_NOT_PROVEN_MISSING"
"9T2pDF2Ryqg","9T2pDF2Ryqg#E#F","1","True","src\SharpEmu.Libs\Network\NetExports.cs","DIRECT_SYSABI_EXPORT_PRESENT"
"9TzzoEW7f4A","9TzzoEW7f4A#l#l","1","False","","NO_DIRECT_EXPORT_NOT_PROVEN_MISSING"
"9UK1vLZQft4","9UK1vLZQft4#3#N","1","True","src\SharpEmu.Libs\Kernel\KernelPthreadCompatExports.cs","DIRECT_SYSABI_EXPORT_PRESENT"
"9VDL1bE1nFM","9VDL1bE1nFM#l#l","1","False","","NO_DIRECT_EXPORT_NOT_PROVEN_MISSING"
"9WSKZEhdVGE","9WSKZEhdVGE#l#l","1","True","src\SharpEmu.Libs\Np\V50ExportsPart01.cs","DIRECT_SYSABI_EXPORT_PRESENT"
"9X9+cneTGUU","9X9+cneTGUU#m#m","1","True","src\SharpEmu.Libs\Np\NpWebApi2Exports.cs","NO_DIRECT_EXPORT_NOT_PROVEN_MISSING"
"9XAxK2PMwk8","9XAxK2PMwk8#r#r","1","True","src\SharpEmu.Libs\CommonDialog\ErrorDialogExports.cs","DIRECT_SYSABI_EXPORT_PRESENT"
"9XYJwCf3lEA","9XYJwCf3lEA#j#j","1","False","","NO_DIRECT_EXPORT_NOT_PROVEN_MISSING"
"9YWXkd3AZAk","9YWXkd3AZAk#l#l","1","False","","NO_DIRECT_EXPORT_NOT_PROVEN_MISSING"
"9ZBtW0l-Uo0","9ZBtW0l-Uo0#l#l","1","False","","NO_DIRECT_EXPORT_NOT_PROVEN_MISSING"
"9Zu5MbzfzhY","9Zu5MbzfzhY#l#l","1","True","src\SharpEmu.Libs\Np\V48ExportsPart04.cs","DIRECT_SYSABI_EXPORT_PRESENT"
"9dRg+ERq5hI","9dRg+ERq5hI#l#l","1","True","src\SharpEmu.Libs\Np\V48ExportsPart06.cs","DIRECT_SYSABI_EXPORT_PRESENT"
"9euZEpiR6ek","9euZEpiR6ek#l#l","1","False","","NO_DIRECT_EXPORT_NOT_PROVEN_MISSING"
"9eywfTNJkrk","9eywfTNJkrk#l#l","1","True","src\SharpEmu.Libs\Np\V48ExportsPart05.cs","DIRECT_SYSABI_EXPORT_PRESENT"
"9g5RodpM50c","9g5RodpM50c#l#l","1","True","src\SharpEmu.Libs\Np\V48ExportsPart05.cs","DIRECT_SYSABI_EXPORT_PRESENT"
"9lI2hrGpisE","9lI2hrGpisE#l#l","1","True","src\SharpEmu.Libs\Np\V48ExportsPart04.cs","DIRECT_SYSABI_EXPORT_PRESENT"
"9m-AZF+kAyU","9m-AZF+kAyU#l#l","1","True","src\SharpEmu.Libs\Np\V47ExportsPart18.cs","DIRECT_SYSABI_EXPORT_PRESENT"
"9nf8joUTSaQ","9nf8joUTSaQ#4#3","1","False","","NO_DIRECT_EXPORT_NOT_PROVEN_MISSING"
"9p16KzQjIf4","9p16KzQjIf4#l#l","1","True","src\SharpEmu.Libs\Np\V46ExportsPart10.cs","DIRECT_SYSABI_EXPORT_PRESENT"
"9pj40npxRRM","9pj40npxRRM#l#l","1","False","","NO_DIRECT_EXPORT_NOT_PROVEN_MISSING"
"9q5c19kl2ig","9q5c19kl2ig#l#l","1","False","","NO_DIRECT_EXPORT_NOT_PROVEN_MISSING"
"9r7dM3puxMk","9r7dM3puxMk#n#n","1","False","","NO_DIRECT_EXPORT_NOT_PROVEN_MISSING"
"9rAeANT2tyE","9rAeANT2tyE#4#3","1","True","src\SharpEmu.Libs\CxxAbiExports.cs","DIRECT_SYSABI_EXPORT_PRESENT"
"9uCGe-uPU+g","9uCGe-uPU+g#l#l","1","False","","NO_DIRECT_EXPORT_NOT_PROVEN_MISSING"
"9vA2aW+CHuA","9vA2aW+CHuA#E#F","1","False","","NO_DIRECT_EXPORT_NOT_PROVEN_MISSING"
"9wO9XrMsNhc","9wO9XrMsNhc#E#F","1","False","","NO_DIRECT_EXPORT_NOT_PROVEN_MISSING"
"9xuw6ZuXkC4","9xuw6ZuXkC4#l#l","1","True","src\SharpEmu.Libs\Np\V47ExportsPart05.cs","DIRECT_SYSABI_EXPORT_PRESENT"
"9y5v+fGN4Wk","9y5v+fGN4Wk#h#h","1","True","src\SharpEmu.Libs\AvPlayer\AvPlayerExports.cs","DIRECT_SYSABI_EXPORT_PRESENT"
"9y9YsMBbUq0","9y9YsMBbUq0#l#l","1","False","","NO_DIRECT_EXPORT_NOT_PROVEN_MISSING"
"9yDWMxEFdJU","9yDWMxEFdJU#4#3","1","True","src\SharpEmu.Libs\Kernel\KernelMemoryCompatExports.cs","DIRECT_SYSABI_EXPORT_PRESENT"
"9yK6Fk8mKOQ","9yK6Fk8mKOQ#V#W","1","False","","NO_DIRECT_EXPORT_NOT_PROVEN_MISSING"
"9yLjn46Ypfs","9yLjn46Ypfs#o#o","1","False","","NO_DIRECT_EXPORT_NOT_PROVEN_MISSING"
"A+BSZ1YgF2o","A+BSZ1YgF2o#l#l","1","False","","NO_DIRECT_EXPORT_NOT_PROVEN_MISSING"
"A3vS8-6YhBM","A3vS8-6YhBM#l#l","1","True","src\SharpEmu.Libs\Np\V50ExportsPart01.cs","DIRECT_SYSABI_EXPORT_PRESENT"
"A428t51ioBQ","A428t51ioBQ#l#l","1","True","src\SharpEmu.Libs\Np\V46ExportsPart17.cs","DIRECT_SYSABI_EXPORT_PRESENT"
"A6rq9qRjbzo","A6rq9qRjbzo#l#l","1","False","","NO_DIRECT_EXPORT_NOT_PROVEN_MISSING"
"A9cVMUtEp4Y","A9cVMUtEp4Y#O#P","1","True","src\SharpEmu.Libs\Network\HttpExports.cs","DIRECT_SYSABI_EXPORT_PRESENT"
"AAeX-U5-P3M","AAeX-U5-P3M#B#C","1","False","","NO_DIRECT_EXPORT_NOT_PROVEN_MISSING"
"AAj9X+4aGYA","AAj9X+4aGYA#m#m","1","False","","NO_DIRECT_EXPORT_NOT_PROVEN_MISSING"
"AB6xGODZH3Q","AB6xGODZH3Q#l#l","1","False","","NO_DIRECT_EXPORT_NOT_PROVEN_MISSING"
"AECN-LFmkEQ","AECN-LFmkEQ#l#l","1","False","","NO_DIRECT_EXPORT_NOT_PROVEN_MISSING"
"AEJdIVZTEmo","AEJdIVZTEmo#4#3","1","False","","NO_DIRECT_EXPORT_NOT_PROVEN_MISSING"
"AEuF3F2f8TA","AEuF3F2f8TA#4#3","1","True","src\SharpEmu.Libs\LibcStdioExports.cs","DIRECT_SYSABI_EXPORT_PRESENT"
"AF4z1EF54tQ","AF4z1EF54tQ#l#l","1","False","","NO_DIRECT_EXPORT_NOT_PROVEN_MISSING"
"AFIh8SQkYlQ","AFIh8SQkYlQ#B#C","1","False","","NO_DIRECT_EXPORT_NOT_PROVEN_MISSING"
"AHxyhN96dy4","AHxyhN96dy4#4#3","1","True","src\SharpEmu.Libs\LibcStdioExports.cs","DIRECT_SYSABI_EXPORT_PRESENT"
"ANB19+6-3fg","ANB19+6-3fg#l#l","1","True","src\SharpEmu.Libs\Np\V50ExportsPart01.cs","DIRECT_SYSABI_EXPORT_PRESENT"
"AOLcoIkQDgM","AOLcoIkQDgM#A#B","1","True","src\SharpEmu.Libs\Agc\AgcExports.cs","DIRECT_SYSABI_EXPORT_PRESENT"
"AQkj7C0f3PY","AQkj7C0f3PY#G#H","1","True","src\SharpEmu.Libs\Ngs2\Ngs2Exports.cs","IMPLEMENTED_V1_8_12"
"ASoW5WE-UPo","ASoW5WE-UPo#3#N","1","True","src\SharpEmu.Libs\Kernel\KernelAprCompatExports.cs","DIRECT_SYSABI_EXPORT_PRESENT"
"ATRGkmbolVM","ATRGkmbolVM#i#i","1","False","","NO_DIRECT_EXPORT_NOT_PROVEN_MISSING"
"AUIHb7jUX3I","AUIHb7jUX3I#p#p","1","True","src\SharpEmu.Libs\Np\NpUniversalDataSystemExports.cs","DIRECT_SYSABI_EXPORT_PRESENT"
"AUXVxWeJU-A","AUXVxWeJU-A#3#N","1","True","src\SharpEmu.Libs\Kernel\KernelMemoryCompatExports.cs","DIRECT_SYSABI_EXPORT_PRESENT"
"AV6ipCNa4Rw","AV6ipCNa4Rw#4#3","1","True","src\SharpEmu.Libs\Kernel\KernelMemoryCompatExports.cs","DIRECT_SYSABI_EXPORT_PRESENT"
"AVNvDtVEYxA","AVNvDtVEYxA#l#l","1","True","src\SharpEmu.Libs\Np\NpCppWebApiV45Exports.cs","DIRECT_SYSABI_EXPORT_PRESENT"
"AWF7N--deiQ","AWF7N--deiQ#l#l","1","False","","NO_DIRECT_EXPORT_NOT_PROVEN_MISSING"
"AXObhMCkmRs","AXObhMCkmRs#l#l","1","False","","NO_DIRECT_EXPORT_NOT_PROVEN_MISSING"
"AZmSVK2KvL4","AZmSVK2KvL4#l#l","1","False","","NO_DIRECT_EXPORT_NOT_PROVEN_MISSING"
"AawHDpsapd4","AawHDpsapd4#l#l","1","False","","NO_DIRECT_EXPORT_NOT_PROVEN_MISSING"
"AbYvTOZ8Pts","AbYvTOZ8Pts#G#H","1","True","src\SharpEmu.Libs\Ngs2\Ngs2Exports.cs","DIRECT_SYSABI_EXPORT_PRESENT"
"Abendgtz+3o","Abendgtz+3o#B#C","1","True","src\SharpEmu.Libs\Agc\AgcGraphicsSizingV55Exports.cs","DIRECT_SYSABI_EXPORT_PRESENT"
"AcHirYSl0HA","AcHirYSl0HA#l#l","1","True","src\SharpEmu.Libs\Np\V48ExportsPart03.cs","DIRECT_SYSABI_EXPORT_PRESENT"
"AcMT1Y+7ixU","AcMT1Y+7ixU#l#l","1","False","","NO_DIRECT_EXPORT_NOT_PROVEN_MISSING"
"AehsN7SFbQA","AehsN7SFbQA#l#l","1","False","","NO_DIRECT_EXPORT_NOT_PROVEN_MISSING"
"Aeu5wVKkF9w","Aeu5wVKkF9w#O#P","1","True","src\SharpEmu.Libs\Network\HttpExports.cs","NO_DIRECT_EXPORT_NOT_PROVEN_MISSING"
"AfK1sH3UHkE","AfK1sH3UHkE#l#l","1","False","","NO_DIRECT_EXPORT_NOT_PROVEN_MISSING"
"AgDmpIIO0Co","AgDmpIIO0Co#l#l","1","True","src\SharpEmu.Libs\Np\V50ExportsPart03.cs","DIRECT_SYSABI_EXPORT_PRESENT"
"AgbJ+Bkbp2U","AgbJ+Bkbp2U#l#l","1","False","","NO_DIRECT_EXPORT_NOT_PROVEN_MISSING"
"AgppqW8HRso","AgppqW8HRso#l#l","1","True","src\SharpEmu.Libs\Np\V47ExportsPart02.cs","DIRECT_SYSABI_EXPORT_PRESENT"
"AhGvpITrf4M","AhGvpITrf4M#A#B","1","False","","NO_DIRECT_EXPORT_NOT_PROVEN_MISSING"
"AhnlG38gTkk","AhnlG38gTkk#l#l","1","True","src\SharpEmu.Libs\Np\V47ExportsPart13.cs","DIRECT_SYSABI_EXPORT_PRESENT"
"AkZYKwb26Fc","AkZYKwb26Fc#l#l","1","True","src\SharpEmu.Libs\Np\V47ExportsPart04.cs","DIRECT_SYSABI_EXPORT_PRESENT"
"ApkYaHb8Sek","ApkYaHb8Sek#3#N","1","True","src\SharpEmu.Libs\Kernel\KernelMemoryCompatExports.cs","DIRECT_SYSABI_EXPORT_PRESENT"
"AqY6riP-PjM","AqY6riP-PjM#l#l","1","True","src\SharpEmu.Libs\Np\NpCppWebApiV45Exports.cs","DIRECT_SYSABI_EXPORT_PRESENT"
"AxhcqVv5AYU","AxhcqVv5AYU#I#J","1","False","","NO_DIRECT_EXPORT_NOT_PROVEN_MISSING"
"AxoDrINp4J8","AxoDrINp4J8#I#J","1","True","src\SharpEmu.Libs\Audio\AjmExports.cs","DIRECT_SYSABI_EXPORT_PRESENT"
"Ayg6PIon2wA","Ayg6PIon2wA#5#4","1","True","src\SharpEmu.Libs\Ampr\AmprExports.cs","DIRECT_SYSABI_EXPORT_PRESENT"
"Az-pLnhSwJM","Az-pLnhSwJM#l#l","1","False","","NO_DIRECT_EXPORT_NOT_PROVEN_MISSING"
"AzD4irAcKE4","AzD4irAcKE4#p#p","1","False","","NO_DIRECT_EXPORT_NOT_PROVEN_MISSING"
"AzRzzMkPW-g","AzRzzMkPW-g#l#l","1","False","","NO_DIRECT_EXPORT_NOT_PROVEN_MISSING"
"B+aG9DUnTKA","B+aG9DUnTKA#B#C","1","True","src\SharpEmu.Libs\Agc\AgcExports.cs","DIRECT_SYSABI_EXPORT_PRESENT"
"B+vc2AO2Zrc","B+vc2AO2Zrc#3#N","1","True","src\SharpEmu.Libs\Kernel\KernelMemoryCompatExports.cs","DIRECT_SYSABI_EXPORT_PRESENT"
"B0ABlx18Qbo","B0ABlx18Qbo#l#l","1","False","","NO_DIRECT_EXPORT_NOT_PROVEN_MISSING"
"B12iWctD-b8","B12iWctD-b8#l#l","1","False","","NO_DIRECT_EXPORT_NOT_PROVEN_MISSING"
"B1Qm4MdV7iQ","B1Qm4MdV7iQ#l#l","1","True","src\SharpEmu.Libs\Np\V50ExportsPart03.cs","DIRECT_SYSABI_EXPORT_PRESENT"
"BB+kb08Tl9A","BB+kb08Tl9A#3#N","1","True","src\SharpEmu.Libs\Kernel\KernelPthreadExtendedCompatExports.cs","DIRECT_SYSABI_EXPORT_PRESENT"
"BBoN-+1fjTA","BBoN-+1fjTA#l#l","1","False","","NO_DIRECT_EXPORT_NOT_PROVEN_MISSING"
"BCYGZySszhU","BCYGZySszhU#l#l","1","False","","NO_DIRECT_EXPORT_NOT_PROVEN_MISSING"
"BEoTnwMVeoM","BEoTnwMVeoM#l#l","1","False","","NO_DIRECT_EXPORT_NOT_PROVEN_MISSING"
"BF6zFAeRAYA","BF6zFAeRAYA#l#l","1","True","src\SharpEmu.Libs\Np\NpCppWebApiV45Exports.cs","DIRECT_SYSABI_EXPORT_PRESENT"
"BHvfIGdarBQ","BHvfIGdarBQ#l#l","1","False","","NO_DIRECT_EXPORT_NOT_PROVEN_MISSING"
"BIPexNBSGog","BIPexNBSGog#B#C","1","False","","NO_DIRECT_EXPORT_NOT_PROVEN_MISSING"
"BLSu0e93tLg","BLSu0e93tLg#l#l","1","True","src\SharpEmu.Libs\Np\V46ExportsPart06.cs","DIRECT_SYSABI_EXPORT_PRESENT"
"BLeUlxPwr5w","BLeUlxPwr5w#l#l","1","True","src\SharpEmu.Libs\Np\V46ExportsPart17.cs","DIRECT_SYSABI_EXPORT_PRESENT"
"BNowx2l588E","BNowx2l588E#3#N","1","True","src\SharpEmu.Libs\Kernel\KernelRuntimeCompatExports.cs","DIRECT_SYSABI_EXPORT_PRESENT"
"BOVKAzRmuTQ","BOVKAzRmuTQ#h#h","1","False","","NO_DIRECT_EXPORT_NOT_PROVEN_MISSING"
"BQ-8I4FcCQs","BQ-8I4FcCQs#l#l","1","True","src\SharpEmu.Libs\Np\V50ExportsPart01.cs","DIRECT_SYSABI_EXPORT_PRESENT"
"BQ3tey0JmQM","BQ3tey0JmQM#U#V","1","True","src\SharpEmu.Libs\CommonDialog\CommonDialogExports.cs","DIRECT_SYSABI_EXPORT_PRESENT"
"BSmWDIkV4w4","BSmWDIkV4w4#o#o","1","True","src\SharpEmu.Libs\Json\JsonValueExports.cs","DIRECT_SYSABI_EXPORT_PRESENT"
"BUkvLLlPGXU","BUkvLLlPGXU#l#l","1","True","src\SharpEmu.Libs\Np\V50ExportsPart03.cs","DIRECT_SYSABI_EXPORT_PRESENT"
"BVXWuV6anbQ","BVXWuV6anbQ#l#l","1","True","src\SharpEmu.Libs\Np\V50ExportsPart01.cs","DIRECT_SYSABI_EXPORT_PRESENT"
"BVmR1H8l+XI","BVmR1H8l+XI#5#4","1","False","","NO_DIRECT_EXPORT_NOT_PROVEN_MISSING"
"BWDILfRcisI","BWDILfRcisI#l#l","1","True","src\SharpEmu.Libs\Np\V46ExportsPart18.cs","DIRECT_SYSABI_EXPORT_PRESENT"
"BY1jyWLZrcA","BY1jyWLZrcA#l#l","2","False","","NO_DIRECT_EXPORT_NOT_PROVEN_MISSING"
"BYZVTUTk-DI","BYZVTUTk-DI#l#l","1","False","","NO_DIRECT_EXPORT_NOT_PROVEN_MISSING"
"BYcSvEsINWU","BYcSvEsINWU#B#C","1","False","","NO_DIRECT_EXPORT_NOT_PROVEN_MISSING"
"Bagshr7OQ6Q","Bagshr7OQ6Q#q#q","1","True","src\SharpEmu.Libs\Np\NpTrophy2Exports.cs","DIRECT_SYSABI_EXPORT_PRESENT"
"Bbc2pDcwP0g","Bbc2pDcwP0g#l#l","1","False","","NO_DIRECT_EXPORT_NOT_PROVEN_MISSING"
"BciGnJSuegU","BciGnJSuegU#l#l","1","True","src\SharpEmu.Libs\Np\V46ExportsPart18.cs","DIRECT_SYSABI_EXPORT_PRESENT"
"BetvGamJgGo","BetvGamJgGo#l#l","1","True","src\SharpEmu.Libs\Np\V50ExportsPart04.cs","DIRECT_SYSABI_EXPORT_PRESENT"
"BgDtc93upnM","BgDtc93upnM#l#l","1","False","","NO_DIRECT_EXPORT_NOT_PROVEN_MISSING"
"BgJDgr16f0k","BgJDgr16f0k#l#l","1","True","src\SharpEmu.Libs\Np\V50ExportsPart03.cs","DIRECT_SYSABI_EXPORT_PRESENT"
"BhaIhoxXkGk","BhaIhoxXkGk#l#l","1","True","src\SharpEmu.Libs\Np\V50ExportsPart02.cs","DIRECT_SYSABI_EXPORT_PRESENT"
"BmMjYxmew1w","BmMjYxmew1w#3#N","1","True","src\SharpEmu.Libs\Kernel\KernelPthreadCompatExports.cs","DIRECT_SYSABI_EXPORT_PRESENT"
"BoakAg6TFe4","BoakAg6TFe4#l#l","1","False","","NO_DIRECT_EXPORT_NOT_PROVEN_MISSING"
"BpFoboUJoZU","BpFoboUJoZU#3#N","1","True","src\SharpEmu.Libs\Kernel\KernelEventFlagCompatExports.cs","DIRECT_SYSABI_EXPORT_PRESENT"
"Bufewfs6LUc","Bufewfs6LUc#l#l","1","True","src\SharpEmu.Libs\Np\V48ExportsPart04.cs","DIRECT_SYSABI_EXPORT_PRESENT"
"BzPo4ufGQYc","BzPo4ufGQYc#l#l","1","True","src\SharpEmu.Libs\Np\V46ExportsPart14.cs","DIRECT_SYSABI_EXPORT_PRESENT"
"C+Khtbbx2g8","C+Khtbbx2g8#3#N","1","False","","NO_DIRECT_EXPORT_NOT_PROVEN_MISSING"
"C0f7TJcbfac","C0f7TJcbfac#3#N","1","True","src\SharpEmu.Libs\Kernel\KernelMemoryCompatExports.cs","DIRECT_SYSABI_EXPORT_PRESENT"
"C1-M65KwtjU","C1-M65KwtjU#l#l","1","True","src\SharpEmu.Libs\Np\V50ExportsPart03.cs","DIRECT_SYSABI_EXPORT_PRESENT"
"C4UgDHHPvdw","C4UgDHHPvdw#E#F","1","True","src\SharpEmu.Libs\Network\NetExports.cs","DIRECT_SYSABI_EXPORT_PRESENT"
"C4l9fB17t8w","C4l9fB17t8w#B#C","1","True","src\SharpEmu.Libs\Agc\AgcGraphicsSizingV55Exports.cs","DIRECT_SYSABI_EXPORT_PRESENT"
"C5vg1mRnJ90","C5vg1mRnJ90#l#l","1","True","src\SharpEmu.Libs\Np\V46ExportsPart17.cs","DIRECT_SYSABI_EXPORT_PRESENT"
"C6skkzFAAGI","C6skkzFAAGI#l#l","1","False","","NO_DIRECT_EXPORT_NOT_PROVEN_MISSING"
"C7Joqb7LNII","C7Joqb7LNII#l#l","1","False","","NO_DIRECT_EXPORT_NOT_PROVEN_MISSING"
"C7UDvuDYXaQ","C7UDvuDYXaQ#l#l","1","False","","NO_DIRECT_EXPORT_NOT_PROVEN_MISSING"
"C8Ww8ZdVW1o","C8Ww8ZdVW1o#l#l","1","True","src\SharpEmu.Libs\Np\V50ExportsPart03.cs","DIRECT_SYSABI_EXPORT_PRESENT"
"CAM9NbC8Jus","CAM9NbC8Jus#l#l","1","True","src\SharpEmu.Libs\Np\NpCppWebApiV44Exports.cs","DIRECT_SYSABI_EXPORT_PRESENT"
"CBNtXOoef-E","CBNtXOoef-E#M#N","1","False","","NO_DIRECT_EXPORT_NOT_PROVEN_MISSING"
"CEWIEloY-0Q","CEWIEloY-0Q#l#l","1","False","","NO_DIRECT_EXPORT_NOT_PROVEN_MISSING"
"CEx0bY57b0E","CEx0bY57b0E#l#l","1","True","src\SharpEmu.Libs\Np\V50ExportsPart02.cs","DIRECT_SYSABI_EXPORT_PRESENT"
"CMZjWpI9jMA","CMZjWpI9jMA#l#l","1","True","src\SharpEmu.Libs\Np\V46ExportsPart19.cs","DIRECT_SYSABI_EXPORT_PRESENT"
"CQNMLobe25U","CQNMLobe25U#l#l","1","False","","NO_DIRECT_EXPORT_NOT_PROVEN_MISSING"
"CRD+jSErEJQ","CRD+jSErEJQ#Y#Z","1","False","","NO_DIRECT_EXPORT_NOT_PROVEN_MISSING"
"CUKn5pX-NVY","CUKn5pX-NVY#v#v","1","True","src\SharpEmu.Libs\Font\FontExports.cs","DIRECT_SYSABI_EXPORT_PRESENT"
"CWVW78Qc3fI","CWVW78Qc3fI#a#a","1","True","src\SharpEmu.Libs\CommonDialog\MsgDialogExports.cs","DIRECT_SYSABI_EXPORT_PRESENT"
"CWYR-Y+ntmI","CWYR-Y+ntmI#l#l","1","False","","NO_DIRECT_EXPORT_NOT_PROVEN_MISSING"
"CWfrxh5cD90","CWfrxh5cD90#l#l","1","True","src\SharpEmu.Libs\Np\NpCppWebApiV44Exports.cs","DIRECT_SYSABI_EXPORT_PRESENT"
"CZbH3YP7JV4","CZbH3YP7JV4#l#l","1","True","src\SharpEmu.Libs\Np\V48ExportsPart03.cs","DIRECT_SYSABI_EXPORT_PRESENT"
"CaDhP62-xG0","CaDhP62-xG0#l#l","1","False","","NO_DIRECT_EXPORT_NOT_PROVEN_MISSING"
"CbQh3DKMSno","CbQh3DKMSno#B#C","1","False","","NO_DIRECT_EXPORT_NOT_PROVEN_MISSING"
"CdWp0oHWGr0","CdWp0oHWGr0#L#M","1","True","src\SharpEmu.Libs\UserService\UserServiceExports.cs","DIRECT_SYSABI_EXPORT_PRESENT"
"Ce3mEsqP6jI","Ce3mEsqP6jI#l#l","1","True","src\SharpEmu.Libs\Np\V46ExportsPart08.cs","DIRECT_SYSABI_EXPORT_PRESENT"
"CfkjC51cAZU","CfkjC51cAZU#l#l","1","False","","NO_DIRECT_EXPORT_NOT_PROVEN_MISSING"
"CfoCiLo7xX8","CfoCiLo7xX8#l#l","1","False","","NO_DIRECT_EXPORT_NOT_PROVEN_MISSING"
"Cg4srZ6TKbU","Cg4srZ6TKbU#3#N","1","True","src\SharpEmu.Libs\Kernel\KernelMemoryCompatExports.cs","DIRECT_SYSABI_EXPORT_PRESENT"
"ChFhSECNG40","ChFhSECNG40#l#l","1","False","","NO_DIRECT_EXPORT_NOT_PROVEN_MISSING"
"ClnsFLLLcss","ClnsFLLLcss#5#4","1","False","","NO_DIRECT_EXPORT_NOT_PROVEN_MISSING"
"Cmcn3RSODj4","Cmcn3RSODj4#l#l","1","True","src\SharpEmu.Libs\Np\V47ExportsPart03.cs","DIRECT_SYSABI_EXPORT_PRESENT"
"Cn5Shf4vRoc","Cn5Shf4vRoc#l#l","1","False","","NO_DIRECT_EXPORT_NOT_PROVEN_MISSING"
"Cnp77podkCU","Cnp77podkCU#O#P","1","False","","NO_DIRECT_EXPORT_NOT_PROVEN_MISSING"
"CqJuNXo5yiM","CqJuNXo5yiM#n#n","1","True","src\SharpEmu.Libs\Np\NpSessionSignalingExports.cs","NO_DIRECT_EXPORT_NOT_PROVEN_MISSING"
"CrNKeSrk4wg","CrNKeSrk4wg#l#l","1","False","","NO_DIRECT_EXPORT_NOT_PROVEN_MISSING"
"CtB+A9-VxO0","CtB+A9-VxO0#B#C","1","True","src\SharpEmu.Libs\Agc\AgcExports.cs","DIRECT_SYSABI_EXPORT_PRESENT"
"CtPRd3LuB9U","CtPRd3LuB9U#l#l","1","True","src\SharpEmu.Libs\Np\V50ExportsPart02.cs","DIRECT_SYSABI_EXPORT_PRESENT"
"CvQHe7rKZvI","CvQHe7rKZvI#l#l","1","True","src\SharpEmu.Libs\Np\NpCppWebApiV44Exports.cs","DIRECT_SYSABI_EXPORT_PRESENT"
"Cxwy7wHq4J0","Cxwy7wHq4J0#o#o","1","True","src\SharpEmu.Libs\Json\JsonExports.cs","DIRECT_SYSABI_EXPORT_PRESENT"
"CyXs2l-1kNA","CyXs2l-1kNA#4#3","1","False","","NO_DIRECT_EXPORT_NOT_PROVEN_MISSING"
"Cya+jvTtPqg","Cya+jvTtPqg#s#s","1","False","","NO_DIRECT_EXPORT_NOT_PROVEN_MISSING"
"CzkKf7ahIyU","CzkKf7ahIyU#p#p","1","True","src\SharpEmu.Libs\Np\NpUniversalDataSystemExports.cs","DIRECT_SYSABI_EXPORT_PRESENT"
"D0OdFMjp46I","D0OdFMjp46I#3#N","1","True","src\SharpEmu.Libs\Kernel\KernelEventQueueCompatExports.cs","DIRECT_SYSABI_EXPORT_PRESENT"
"D3tUMw-ZqcM","D3tUMw-ZqcM#l#l","1","False","","NO_DIRECT_EXPORT_NOT_PROVEN_MISSING"
"D4Lk1XQiiPQ","D4Lk1XQiiPQ#l#l","1","True","src\SharpEmu.Libs\Np\V46ExportsPart02.cs","DIRECT_SYSABI_EXPORT_PRESENT"
"D5KQhCgzND8","D5KQhCgzND8#l#l","1","False","","NO_DIRECT_EXPORT_NOT_PROVEN_MISSING"
"D9sr1xGUriE","D9sr1xGUriE#B#C","1","True","src\SharpEmu.Libs\Agc\AgcExports.cs","DIRECT_SYSABI_EXPORT_PRESENT"
"DAbZ-Vfu6lQ","DAbZ-Vfu6lQ#4#3","1","False","","NO_DIRECT_EXPORT_NOT_PROVEN_MISSING"
"DDHG1a6+3q0","DDHG1a6+3q0#4#3","1","True","src\SharpEmu.Libs\LibcCompat\LibcMathCompilerRuntimeExports.cs","DIRECT_SYSABI_EXPORT_PRESENT"
"DE2yor5gKVY","DE2yor5gKVY#l#l","1","True","src\SharpEmu.Libs\Np\NpCppWebApiV44Exports.cs","DIRECT_SYSABI_EXPORT_PRESENT"
"DHD7eNyXDgM","DHD7eNyXDgM#l#l","1","True","src\SharpEmu.Libs\Np\V50ExportsPart03.cs","DIRECT_SYSABI_EXPORT_PRESENT"
"DHMLSFLHOkM","DHMLSFLHOkM#l#l","1","True","src\SharpEmu.Libs\Np\V50ExportsPart04.cs","DIRECT_SYSABI_EXPORT_PRESENT"
"DHmwsa6S8Tc","DHmwsa6S8Tc#b#b","1","False","","NO_DIRECT_EXPORT_NOT_PROVEN_MISSING"
"DIxvoy7Ngvk","DIxvoy7Ngvk#o#o","1","True","src\SharpEmu.Libs\Json\JsonExports.cs","DIRECT_SYSABI_EXPORT_PRESENT"
"DL2RXaXOy88","DL2RXaXOy88#A#B","1","True","src\SharpEmu.Libs\Agc\AgcExports.cs","DIRECT_SYSABI_EXPORT_PRESENT"
"DLfoNxTFNVk","DLfoNxTFNVk#5#4","1","False","","NO_DIRECT_EXPORT_NOT_PROVEN_MISSING"
"DNmJw98YzUU","DNmJw98YzUU#l#l","1","False","","NO_DIRECT_EXPORT_NOT_PROVEN_MISSING"
"DOUicDZmVk4","DOUicDZmVk4#l#l","1","False","","NO_DIRECT_EXPORT_NOT_PROVEN_MISSING"
"DTtZOgB6qzc","DTtZOgB6qzc#l#l","1","False","","NO_DIRECT_EXPORT_NOT_PROVEN_MISSING"
"DWCwZfHeHQI","DWCwZfHeHQI#l#l","1","False","","NO_DIRECT_EXPORT_NOT_PROVEN_MISSING"
"DXlC3IrK2Ts","DXlC3IrK2Ts#l#l","1","True","src\SharpEmu.Libs\Np\V50ExportsPart04.cs","DIRECT_SYSABI_EXPORT_PRESENT"
"DXmgc5op8Yw","DXmgc5op8Yw#5#4","1","False","","NO_DIRECT_EXPORT_NOT_PROVEN_MISSING"
"DbEnA+MnVIw","DbEnA+MnVIw#4#3","1","False","","NO_DIRECT_EXPORT_NOT_PROVEN_MISSING"
"DbkPzqPL0-s","DbkPzqPL0-s#l#l","1","True","src\SharpEmu.Libs\Np\V48ExportsPart08.cs","DIRECT_SYSABI_EXPORT_PRESENT"
"Ddwk4gLT5j0","Ddwk4gLT5j0#A#B","1","False","","NO_DIRECT_EXPORT_NOT_PROVEN_MISSING"
"DfSCDRA3EjY","DfSCDRA3EjY#b#b","1","False","","NO_DIRECT_EXPORT_NOT_PROVEN_MISSING"
"DfivPArhucg","DfivPArhucg#4#3","1","True","src\SharpEmu.Libs\Kernel\KernelMemoryCompatExports.cs","DIRECT_SYSABI_EXPORT_PRESENT"
"DfzMrc+9P1g","DfzMrc+9P1g#l#l","1","True","src\SharpEmu.Libs\Np\V50ExportsPart03.cs","DIRECT_SYSABI_EXPORT_PRESENT"
"Dinz9rnAyzA","Dinz9rnAyzA#l#l","1","False","","NO_DIRECT_EXPORT_NOT_PROVEN_MISSING"
"DkGWMLAJUB4","DkGWMLAJUB4#l#l","1","True","src\SharpEmu.Libs\Np\V46ExportsPart06.cs","DIRECT_SYSABI_EXPORT_PRESENT"
"DkYfIk955L4","DkYfIk955L4#l#l","1","True","src\SharpEmu.Libs\Np\V47ExportsPart13.cs","DIRECT_SYSABI_EXPORT_PRESENT"
"DrekXkm+oxg","DrekXkm+oxg#l#l","1","True","src\SharpEmu.Libs\Np\V50ExportsPart02.cs","DIRECT_SYSABI_EXPORT_PRESENT"
"DscD1i9HX1w","DscD1i9HX1w#D#E","1","True","src\SharpEmu.Libs\Pad\PadExports.cs","DIRECT_SYSABI_EXPORT_PRESENT"
"DsjBETa6xGg","DsjBETa6xGg#l#l","1","True","src\SharpEmu.Libs\Np\V46ExportsPart17.cs","DIRECT_SYSABI_EXPORT_PRESENT"
"DvnJjzxbnvc","DvnJjzxbnvc#l#l","2","False","","NO_DIRECT_EXPORT_NOT_PROVEN_MISSING"
"Dw+vAxY-WYE","Dw+vAxY-WYE#l#l","1","True","src\SharpEmu.Libs\Np\V48ExportsPart08.cs","DIRECT_SYSABI_EXPORT_PRESENT"
"DwICrVxerkY","DwICrVxerkY#B#C","1","False","","NO_DIRECT_EXPORT_NOT_PROVEN_MISSING"
"DzES9hQF4f4","DzES9hQF4f4#3#N","1","True","src\SharpEmu.Libs\Kernel\KernelPthreadExtendedCompatExports.cs","DIRECT_SYSABI_EXPORT_PRESENT"
"Dza-PctrwiU","Dza-PctrwiU#l#l","1","True","src\SharpEmu.Libs\Np\V46ExportsPart02.cs","DIRECT_SYSABI_EXPORT_PRESENT"
"E+AhHrpXb-8","E+AhHrpXb-8#l#l","1","False","","NO_DIRECT_EXPORT_NOT_PROVEN_MISSING"
"E+lI7Bs1zlw","E+lI7Bs1zlw#l#l","1","False","","NO_DIRECT_EXPORT_NOT_PROVEN_MISSING"
"E0CTYxeKBnw","E0CTYxeKBnw#l#l","1","True","src\SharpEmu.Libs\Np\V50ExportsPart01.cs","DIRECT_SYSABI_EXPORT_PRESENT"
"E1TeIZhG7XA","E1TeIZhG7XA#l#l","1","False","","NO_DIRECT_EXPORT_NOT_PROVEN_MISSING"
"E8BmtbByVKs","E8BmtbByVKs#l#l","1","False","","NO_DIRECT_EXPORT_NOT_PROVEN_MISSING"
"E8pPjlz943E","E8pPjlz943E#l#l","1","False","","NO_DIRECT_EXPORT_NOT_PROVEN_MISSING"
"E8wCoUEbfzk","E8wCoUEbfzk#4#3","1","True","src\SharpEmu.Libs\Kernel\KernelMemoryCompatExports.cs","DIRECT_SYSABI_EXPORT_PRESENT"
"EBjE6sitQCI","EBjE6sitQCI#l#l","1","True","src\SharpEmu.Libs\Np\V46ExportsPart17.cs","DIRECT_SYSABI_EXPORT_PRESENT"
"EDq5bqCqYpA","EDq5bqCqYpA#5#4","1","True","src\SharpEmu.Libs\Ampr\AmprExports.cs","DIRECT_SYSABI_EXPORT_PRESENT"
"EEfcF1O2K64","EEfcF1O2K64#l#l","1","True","src\SharpEmu.Libs\Np\V47ExportsPart11.cs","DIRECT_SYSABI_EXPORT_PRESENT"
"EGYpmwU7ra4","EGYpmwU7ra4#l#l","1","True","src\SharpEmu.Libs\Np\V46ExportsPart15.cs","DIRECT_SYSABI_EXPORT_PRESENT"
"EH-x713A99c","EH-x713A99c#4#3","1","True","src\SharpEmu.Libs\LibcCompat\LibcMathCompilerRuntimeExports.cs","DIRECT_SYSABI_EXPORT_PRESENT"
"EI-5-jlq2dE","EI-5-jlq2dE#3#N","1","True","src\SharpEmu.Libs\Kernel\KernelPthreadCompatExports.cs","DIRECT_SYSABI_EXPORT_PRESENT"
"EJ7M3NN0m3A","EJ7M3NN0m3A#l#l","1","False","","NO_DIRECT_EXPORT_NOT_PROVEN_MISSING"
"EJAOHYWUki4","EJAOHYWUki4#l#l","1","True","src\SharpEmu.Libs\Np\V49ExportsPart01.cs","DIRECT_SYSABI_EXPORT_PRESENT"
"EJBA4dbmvfg","EJBA4dbmvfg#B#C","1","False","","NO_DIRECT_EXPORT_NOT_PROVEN_MISSING"
"EPzYWmAKBJ0","EPzYWmAKBJ0#l#l","1","False","","NO_DIRECT_EXPORT_NOT_PROVEN_MISSING"
"ERKzksauAJA","ERKzksauAJA#T#U","1","True","src\SharpEmu.Libs\SaveData\SaveDataDialogExports.cs","DIRECT_SYSABI_EXPORT_PRESENT"
"ERa-uKoAwd0","ERa-uKoAwd0#l#l","1","True","src\SharpEmu.Libs\Np\V48ExportsPart06.cs","DIRECT_SYSABI_EXPORT_PRESENT"
"ERuf9y0DY84","ERuf9y0DY84#o#o","1","False","","NO_DIRECT_EXPORT_NOT_PROVEN_MISSING"
"ESZ1wU1W4BA","ESZ1wU1W4BA#l#l","1","False","","NO_DIRECT_EXPORT_NOT_PROVEN_MISSING"
"ET4Gr-Uu07s","ET4Gr-Uu07s#h#h","1","True","src\SharpEmu.Libs\AvPlayer\AvPlayerExports.cs","DIRECT_SYSABI_EXPORT_PRESENT"
"EY28T2bkN7k","EY28T2bkN7k#O#P","1","True","src\SharpEmu.Libs\Network\HttpExports.cs","NO_DIRECT_EXPORT_NOT_PROVEN_MISSING"
"Ea16yNLmh7w","Ea16yNLmh7w#l#l","1","True","src\SharpEmu.Libs\Np\V48ExportsPart04.cs","DIRECT_SYSABI_EXPORT_PRESENT"
"EaRDIeh-baM","EaRDIeh-baM#l#l","1","True","src\SharpEmu.Libs\Np\V46ExportsPart15.cs","DIRECT_SYSABI_EXPORT_PRESENT"
"Ec63y59l9tw","Ec63y59l9tw#Q#R","1","True","src\SharpEmu.Libs\Np\NpManagerExports.cs","DIRECT_SYSABI_EXPORT_PRESENT"
"EcLWz4nKnY8","EcLWz4nKnY8#l#l","1","False","","NO_DIRECT_EXPORT_NOT_PROVEN_MISSING"
"EdeUwNA6caY","EdeUwNA6caY#l#l","1","False","","NO_DIRECT_EXPORT_NOT_PROVEN_MISSING"
"EgmLo6EWgso","EgmLo6EWgso#M#N","1","True","src\SharpEmu.Libs\Kernel\KernelPthreadExtendedCompatExports.cs","DIRECT_SYSABI_EXPORT_PRESENT"
"EiMkgQsOfU0","EiMkgQsOfU0#4#3","1","True","src\SharpEmu.Libs\LibcCompat\RuntimePosixRemainingExportsV54.cs","DIRECT_SYSABI_EXPORT_PRESENT"
"EnnlFAkLUKc","EnnlFAkLUKc#l#l","1","False","","NO_DIRECT_EXPORT_NOT_PROVEN_MISSING"
"EotR8a3ASf4","EotR8a3ASf4#M#N","1","True","src\SharpEmu.Libs\Kernel\KernelPthreadCompatExports.cs","DIRECT_SYSABI_EXPORT_PRESENT"
"Ep1uD0m4qR0","Ep1uD0m4qR0#l#l","1","False","","NO_DIRECT_EXPORT_NOT_PROVEN_MISSING"
"Er5RROJCXYo","Er5RROJCXYo#l#l","1","True","src\SharpEmu.Libs\Np\NpCppWebApiV44Exports.cs","DIRECT_SYSABI_EXPORT_PRESENT"
"EszWSQh260Y","EszWSQh260Y#l#l","1","True","src\SharpEmu.Libs\Np\V47ExportsPart11.cs","DIRECT_SYSABI_EXPORT_PRESENT"
"Eu95jmqn5Rw","Eu95jmqn5Rw#o#o","1","True","src\SharpEmu.Libs\Json\JsonExports.cs","DIRECT_SYSABI_EXPORT_PRESENT"
"Eul7AGEpjLo","Eul7AGEpjLo#5#4","1","False","","NO_DIRECT_EXPORT_NOT_PROVEN_MISSING"
"EviQs3RBmoM","EviQs3RBmoM#l#l","1","False","","NO_DIRECT_EXPORT_NOT_PROVEN_MISSING"
"Evq+NhTb3yg","Evq+NhTb3yg#l#l","1","False","","NO_DIRECT_EXPORT_NOT_PROVEN_MISSING"
"Ex5PhVJqazk","Ex5PhVJqazk#l#l","1","False","","NO_DIRECT_EXPORT_NOT_PROVEN_MISSING"
"Ez8xjo9UF4E","Ez8xjo9UF4E#M#N","1","False","","NO_DIRECT_EXPORT_NOT_PROVEN_MISSING"
"Eze5Qz4pO6A","Eze5Qz4pO6A#l#l","1","False","","NO_DIRECT_EXPORT_NOT_PROVEN_MISSING"
"Ezzq78ZgHPs","Ezzq78ZgHPs#4#3","1","True","src\SharpEmu.Libs\Kernel\KernelMemoryCompatExports.cs","DIRECT_SYSABI_EXPORT_PRESENT"
"F-KitvVOrpQ","F-KitvVOrpQ#l#l","1","True","src\SharpEmu.Libs\Np\V50ExportsPart01.cs","DIRECT_SYSABI_EXPORT_PRESENT"
"F-ejRKJlEiQ","F-ejRKJlEiQ#l#l","1","False","","NO_DIRECT_EXPORT_NOT_PROVEN_MISSING"
"F0X4ZzUC2FY","F0X4ZzUC2FY#l#l","1","True","src\SharpEmu.Libs\Np\V46ExportsPart17.cs","DIRECT_SYSABI_EXPORT_PRESENT"
"F0Y42t-3e18","F0Y42t-3e18#A#B","1","True","src\SharpEmu.Libs\Agc\AgcExports.cs","DIRECT_SYSABI_EXPORT_PRESENT"
"F0ZXt5q0ZTA","F0ZXt5q0ZTA#A#B","1","True","src\SharpEmu.Libs\Agc\AgcExports.cs","DIRECT_SYSABI_EXPORT_PRESENT"
"F4sJ-phip74","F4sJ-phip74#l#l","1","False","","NO_DIRECT_EXPORT_NOT_PROVEN_MISSING"
"F5yaU6TEU8g","F5yaU6TEU8g#l#l","1","False","","NO_DIRECT_EXPORT_NOT_PROVEN_MISSING"
"F6e0kwo4cnk","F6e0kwo4cnk#3#N","1","True","src\SharpEmu.Libs\Kernel\KernelEventQueueCompatExports.cs","DIRECT_SYSABI_EXPORT_PRESENT"
"F7wS7FbfumQ","F7wS7FbfumQ#i#i","1","False","","NO_DIRECT_EXPORT_NOT_PROVEN_MISSING"
"F8NLhWvFemI","F8NLhWvFemI#B#C","1","False","","NO_DIRECT_EXPORT_NOT_PROVEN_MISSING"
"F8bUHwAG284","F8bUHwAG284#3#N","1","True","src\SharpEmu.Libs\Kernel\KernelPthreadCompatExports.cs","DIRECT_SYSABI_EXPORT_PRESENT"
"F8eFQFx6JhU","F8eFQFx6JhU#l#l","1","False","","NO_DIRECT_EXPORT_NOT_PROVEN_MISSING"
"FBePYJidCUU","FBePYJidCUU#l#l","1","True","src\SharpEmu.Libs\Np\V46ExportsPart08.cs","DIRECT_SYSABI_EXPORT_PRESENT"
"FCbkGMqZDbY","FCbkGMqZDbY#l#l","1","True","src\SharpEmu.Libs\Np\V46ExportsPart06.cs","DIRECT_SYSABI_EXPORT_PRESENT"
"FHfpa+Rs+cg","FHfpa+Rs+cg#l#l","1","True","src\SharpEmu.Libs\Np\V47ExportsPart03.cs","DIRECT_SYSABI_EXPORT_PRESENT"
"FIIcqX1R3SQ","FIIcqX1R3SQ#l#l","1","True","src\SharpEmu.Libs\Np\V46ExportsPart15.cs","DIRECT_SYSABI_EXPORT_PRESENT"
"FIjXN2TkuTs","FIjXN2TkuTs#o#o","1","True","src\SharpEmu.Libs\Json\JsonValueExports.cs","DIRECT_SYSABI_EXPORT_PRESENT"
"FIs3-UQT9sg","FIs3-UQT9sg#M#N","1","True","src\SharpEmu.Libs\Kernel\KernelPthreadExtendedCompatExports.cs","DIRECT_SYSABI_EXPORT_PRESENT"
"FJrT5LuUBAU","FJrT5LuUBAU#M#N","1","True","src\SharpEmu.Libs\Kernel\KernelExports.cs","DIRECT_SYSABI_EXPORT_PRESENT"
"FL3K2lvYq-E","FL3K2lvYq-E#l#l","1","False","","NO_DIRECT_EXPORT_NOT_PROVEN_MISSING"
"FM5NPnLqBc8","FM5NPnLqBc8#4#3","1","True","src\SharpEmu.Libs\Kernel\KernelMemoryCompatExports.cs","DIRECT_SYSABI_EXPORT_PRESENT"
"FOwvmNlFLjM","FOwvmNlFLjM#A#B","1","False","","NO_DIRECT_EXPORT_NOT_PROVEN_MISSING"
"FQowxL1xbgc","FQowxL1xbgc#l#l","1","False","","NO_DIRECT_EXPORT_NOT_PROVEN_MISSING"
"FSAFOzi0FpM","FSAFOzi0FpM#j#j","1","False","","NO_DIRECT_EXPORT_NOT_PROVEN_MISSING"
"FXP359ygujs","FXP359ygujs#v#v","1","False","","NO_DIRECT_EXPORT_NOT_PROVEN_MISSING"
"FZXAWifD-Zk","FZXAWifD-Zk#l#l","1","False","","NO_DIRECT_EXPORT_NOT_PROVEN_MISSING"
"FaZCwvM2Cjo","FaZCwvM2Cjo#l#l","1","False","","NO_DIRECT_EXPORT_NOT_PROVEN_MISSING"
"Far+0EDHNT4","Far+0EDHNT4#l#l","1","True","src\SharpEmu.Libs\Np\V50ExportsPart03.cs","DIRECT_SYSABI_EXPORT_PRESENT"
"FcgdDM3MB+k","FcgdDM3MB+k#B#C","1","False","","NO_DIRECT_EXPORT_NOT_PROVEN_MISSING"
"Ff5903PrTZI","Ff5903PrTZI#l#l","1","True","src\SharpEmu.Libs\Np\V50ExportsPart04.cs","DIRECT_SYSABI_EXPORT_PRESENT"
"Fidd8vWgyVE","Fidd8vWgyVE#p#p","1","False","","NO_DIRECT_EXPORT_NOT_PROVEN_MISSING"
"FigcgjQNk-Y","FigcgjQNk-Y#l#l","1","True","src\SharpEmu.Libs\Np\V50ExportsPart04.cs","DIRECT_SYSABI_EXPORT_PRESENT"
"FlagLhjAEmc","FlagLhjAEmc#l#l","1","True","src\SharpEmu.Libs\Np\V46ExportsPart04.cs","DIRECT_SYSABI_EXPORT_PRESENT"
"Fm9nKJ67nQc","Fm9nKJ67nQc#l#l","1","False","","NO_DIRECT_EXPORT_NOT_PROVEN_MISSING"
"FneFypEDRgY","FneFypEDRgY#B#C","1","False","","NO_DIRECT_EXPORT_NOT_PROVEN_MISSING"
"Fo0Oaoqukg4","Fo0Oaoqukg4#5#4","1","False","","NO_DIRECT_EXPORT_NOT_PROVEN_MISSING"
"FraP7debcdg","FraP7debcdg#s#s","1","False","","NO_DIRECT_EXPORT_NOT_PROVEN_MISSING"
"Fts2nXFk6F0","Fts2nXFk6F0#l#l","1","False","","NO_DIRECT_EXPORT_NOT_PROVEN_MISSING"
"FuVbkyKlf+s","FuVbkyKlf+s#B#C","1","False","","NO_DIRECT_EXPORT_NOT_PROVEN_MISSING"
"FwKWIx0rgyY","FwKWIx0rgyY#l#l","1","True","src\SharpEmu.Libs\Np\V50ExportsPart04.cs","DIRECT_SYSABI_EXPORT_PRESENT"
"FxPu4oxlSt4","FxPu4oxlSt4#l#l","1","False","","NO_DIRECT_EXPORT_NOT_PROVEN_MISSING"
"Fxxr5lYBfl4","Fxxr5lYBfl4#l#l","1","True","src\SharpEmu.Libs\Np\V50ExportsPart01.cs","DIRECT_SYSABI_EXPORT_PRESENT"
"FywKncPHxLc","FywKncPHxLc#l#l","1","False","","NO_DIRECT_EXPORT_NOT_PROVEN_MISSING"
"FzQS6DREDfk","FzQS6DREDfk#1#1","1","False","","DEFER_UNKNOWN_IDENTITY"
"G+BEH0hlDrQ","G+BEH0hlDrQ#l#l","1","False","","NO_DIRECT_EXPORT_NOT_PROVEN_MISSING"
"G0jrLdvEqDw","G0jrLdvEqDw#B#C","1","False","","NO_DIRECT_EXPORT_NOT_PROVEN_MISSING"
"G23Rtu5LBvI","G23Rtu5LBvI#l#l","1","True","src\SharpEmu.Libs\Np\V50ExportsPart03.cs","DIRECT_SYSABI_EXPORT_PRESENT"
"G3h-NDHnyW4","G3h-NDHnyW4#l#l","1","True","src\SharpEmu.Libs\Np\V50ExportsPart01.cs","DIRECT_SYSABI_EXPORT_PRESENT"
"G47L4jUy648","G47L4jUy648#l#l","1","False","","NO_DIRECT_EXPORT_NOT_PROVEN_MISSING"
"GBCh3zCihoU","GBCh3zCihoU#B#C","1","False","","NO_DIRECT_EXPORT_NOT_PROVEN_MISSING"
"GCqL5V0xULY","GCqL5V0xULY#l#l","1","True","src\SharpEmu.Libs\Np\V48ExportsPart04.cs","DIRECT_SYSABI_EXPORT_PRESENT"
"GEULQRMkuxo","GEULQRMkuxo#l#l","1","True","src\SharpEmu.Libs\Np\V46ExportsPart06.cs","DIRECT_SYSABI_EXPORT_PRESENT"
"GIBhqoeiiho","GIBhqoeiiho#l#l","1","False","","NO_DIRECT_EXPORT_NOT_PROVEN_MISSING"
"GIRZIwKcwS0","GIRZIwKcwS0#l#l","1","True","src\SharpEmu.Libs\Np\V46ExportsPart18.cs","DIRECT_SYSABI_EXPORT_PRESENT"
"GJu2OLJK5Eo","GJu2OLJK5Eo#l#l","1","False","","NO_DIRECT_EXPORT_NOT_PROVEN_MISSING"
"GKT4kP85kaE","GKT4kP85kaE#l#l","1","True","src\SharpEmu.Libs\Np\V48ExportsPart04.cs","DIRECT_SYSABI_EXPORT_PRESENT"
"GMSN1x4y+cs","GMSN1x4y+cs#l#l","1","False","","NO_DIRECT_EXPORT_NOT_PROVEN_MISSING"
"GOv-80iBOBg","GOv-80iBOBg#l#l","1","False","","NO_DIRECT_EXPORT_NOT_PROVEN_MISSING"
"GPbUp9jXQa8","GPbUp9jXQa8#B#C","1","False","","NO_DIRECT_EXPORT_NOT_PROVEN_MISSING"
"GQLXi2KQaXk","GQLXi2KQaXk#l#l","1","True","src\SharpEmu.Libs\Np\NpCppWebApiV45Exports.cs","DIRECT_SYSABI_EXPORT_PRESENT"
"GQcdYACGMnM","GQcdYACGMnM#l#l","1","True","src\SharpEmu.Libs\Np\V47ExportsPart04.cs","DIRECT_SYSABI_EXPORT_PRESENT"
"GSdscWmFHSM","GSdscWmFHSM#l#l","1","True","src\SharpEmu.Libs\Np\V46ExportsPart15.cs","DIRECT_SYSABI_EXPORT_PRESENT"
"GVNd-uYjLkE","GVNd-uYjLkE#l#l","1","True","src\SharpEmu.Libs\Np\V50ExportsPart04.cs","DIRECT_SYSABI_EXPORT_PRESENT"
"GX4DLMQ9488","GX4DLMQ9488#l#l","1","True","src\SharpEmu.Libs\Np\V46ExportsPart14.cs","DIRECT_SYSABI_EXPORT_PRESENT"
"GXBlM-ekzrI","GXBlM-ekzrI#B#C","1","False","","NO_DIRECT_EXPORT_NOT_PROVEN_MISSING"
"GZWjF-YIFFk","GZWjF-YIFFk#4#3","1","True","src\SharpEmu.Libs\LibcCompat\LibcMathCompilerRuntimeExports.cs","DIRECT_SYSABI_EXPORT_PRESENT"
"GZxQA0G4NKY","GZxQA0G4NKY#l#l","1","True","src\SharpEmu.Libs\Np\NpCppWebApiV44Exports.cs","DIRECT_SYSABI_EXPORT_PRESENT"
"GbhE629vwg8","GbhE629vwg8#l#l","1","False","","NO_DIRECT_EXPORT_NOT_PROVEN_MISSING"
"GcHBzsl-OHs","GcHBzsl-OHs#l#l","1","False","","NO_DIRECT_EXPORT_NOT_PROVEN_MISSING"
"GfGTD16X2pI","GfGTD16X2pI#l#l","1","True","src\SharpEmu.Libs\Np\V46ExportsPart18.cs","DIRECT_SYSABI_EXPORT_PRESENT"
"GfxAp9Xyiqs","GfxAp9Xyiqs#4#3","1","True","src\SharpEmu.Libs\LibcCompat\RuntimePosixRemainingExportsV54.cs","DIRECT_SYSABI_EXPORT_PRESENT"
"GhX55L+EUH4","GhX55L+EUH4#l#l","1","True","src\SharpEmu.Libs\Np\V50ExportsPart03.cs","DIRECT_SYSABI_EXPORT_PRESENT"
"GiBMpBpiYd0","GiBMpBpiYd0#l#l","1","True","src\SharpEmu.Libs\Np\V50ExportsPart02.cs","DIRECT_SYSABI_EXPORT_PRESENT"
"GmOguNIsuKk","GmOguNIsuKk#5#4","1","False","","NO_DIRECT_EXPORT_NOT_PROVEN_MISSING"
"GnxKOHEawhk","GnxKOHEawhk#5#4","1","True","src\SharpEmu.Libs\Ampr\AmprExports.cs","DIRECT_SYSABI_EXPORT_PRESENT"
"GoMPhCyp74o","GoMPhCyp74o#l#l","1","True","src\SharpEmu.Libs\Np\NpCppWebApiV44Exports.cs","DIRECT_SYSABI_EXPORT_PRESENT"
"GpLQDNKICac","GpLQDNKICac#Q#R","1","False","","NO_DIRECT_EXPORT_NOT_PROVEN_MISSING"
"GuchCTefuZw","GuchCTefuZw#5#4","1","True","src\SharpEmu.Libs\Ampr\AmprExports.cs","DIRECT_SYSABI_EXPORT_PRESENT"
"Gw2UxudKi+s","Gw2UxudKi+s#l#l","1","False","","NO_DIRECT_EXPORT_NOT_PROVEN_MISSING"
"GwWn958m6g4","GwWn958m6g4#l#l","1","False","","NO_DIRECT_EXPORT_NOT_PROVEN_MISSING"
"GxDlxgJNRIg","GxDlxgJNRIg#l#l","1","False","","NO_DIRECT_EXPORT_NOT_PROVEN_MISSING"
"GxSTsMB0WyE","GxSTsMB0WyE#l#l","1","False","","NO_DIRECT_EXPORT_NOT_PROVEN_MISSING"
"Gz1rmUZpROM","Gz1rmUZpROM#q#q","1","True","src\SharpEmu.Libs\Np\NpTrophy2Exports.cs","DIRECT_SYSABI_EXPORT_PRESENT"
"GzqrUd4brhA","GzqrUd4brhA#l#l","1","True","src\SharpEmu.Libs\Np\NpCppWebApiV44Exports.cs","DIRECT_SYSABI_EXPORT_PRESENT"
"H+8UBOwfScI","H+8UBOwfScI#4#3","1","True","src\SharpEmu.Libs\LibcCompat\RuntimePosixRemainingExportsV54.cs","DIRECT_SYSABI_EXPORT_PRESENT"
"H1HqUgxuDy0","H1HqUgxuDy0#l#l","1","True","src\SharpEmu.Libs\Np\V50ExportsPart03.cs","DIRECT_SYSABI_EXPORT_PRESENT"
"H32OB1-nHY8","H32OB1-nHY8#l#l","1","False","","NO_DIRECT_EXPORT_NOT_PROVEN_MISSING"
"H4zqFaDhHW4","H4zqFaDhHW4#i#i","1","False","","NO_DIRECT_EXPORT_NOT_PROVEN_MISSING"
"H6q4N5ctWQ0","H6q4N5ctWQ0#l#l","1","False","","NO_DIRECT_EXPORT_NOT_PROVEN_MISSING"
"H6vHS5cidSA","H6vHS5cidSA#B#C","1","False","","NO_DIRECT_EXPORT_NOT_PROVEN_MISSING"
"H7OgYdLtOB4","H7OgYdLtOB4#l#l","1","False","","NO_DIRECT_EXPORT_NOT_PROVEN_MISSING"
"H7uZqCoNuWk","H7uZqCoNuWk#B#C","1","True","src\SharpEmu.Libs\Agc\AgcExports.cs","DIRECT_SYSABI_EXPORT_PRESENT"
"H896Pt-yB4I","H896Pt-yB4I#5#4","1","True","src\SharpEmu.Libs\Ampr\AmprExports.cs","DIRECT_SYSABI_EXPORT_PRESENT"
"H8AprKeZtNg","H8AprKeZtNg#4#3","1","False","","NO_DIRECT_EXPORT_NOT_PROVEN_MISSING"
"H8wG9Bk-nPc","H8wG9Bk-nPc#k#k","1","False","","NO_DIRECT_EXPORT_NOT_PROVEN_MISSING"
"H8ya2H00jbI","H8ya2H00jbI#4#3","1","True","src\SharpEmu.Libs\LibcCompat\LibcMathCompilerRuntimeExports.cs","DIRECT_SYSABI_EXPORT_PRESENT"
"HCytjP1sjnU","HCytjP1sjnU#l#l","1","False","","NO_DIRECT_EXPORT_NOT_PROVEN_MISSING"
"HD1YKVU26-M","HD1YKVU26-M#h#h","1","True","src\SharpEmu.Libs\AvPlayer\AvPlayerExports.cs","DIRECT_SYSABI_EXPORT_PRESENT"
"HDRkIEPgcMI","HDRkIEPgcMI#l#l","1","True","src\SharpEmu.Libs\Np\V46ExportsPart14.cs","DIRECT_SYSABI_EXPORT_PRESENT"
"HDyA7yg3FfQ","HDyA7yg3FfQ#l#l","1","True","src\SharpEmu.Libs\Np\V47ExportsPart11.cs","DIRECT_SYSABI_EXPORT_PRESENT"
"HF3YllT3mXU","HF3YllT3mXU#A#B","1","False","","NO_DIRECT_EXPORT_NOT_PROVEN_MISSING"
"HF7lK46xzjY","HF7lK46xzjY#M#N","1","True","src\SharpEmu.Libs\Kernel\KernelPthreadCompatExports.cs","DIRECT_SYSABI_EXPORT_PRESENT"
"HGQWVqwU2Fo","HGQWVqwU2Fo#l#l","1","False","","NO_DIRECT_EXPORT_NOT_PROVEN_MISSING"
"HI4KqGUlOUc","HI4KqGUlOUc#l#l","1","False","","NO_DIRECT_EXPORT_NOT_PROVEN_MISSING"
"HJ8GpRT1aiw","HJ8GpRT1aiw#o#o","1","False","","NO_DIRECT_EXPORT_NOT_PROVEN_MISSING"
"HKl8qYMHUxs","HKl8qYMHUxs#l#l","1","False","","NO_DIRECT_EXPORT_NOT_PROVEN_MISSING"
"HMEvP18jwH4","HMEvP18jwH4#l#l","1","True","src\SharpEmu.Libs\Np\V50ExportsPart01.cs","DIRECT_SYSABI_EXPORT_PRESENT"
"HNMbgs32WLc","HNMbgs32WLc#l#l","1","False","","NO_DIRECT_EXPORT_NOT_PROVEN_MISSING"
"HQ1+McfhhIM","HQ1+McfhhIM#l#l","1","True","src\SharpEmu.Libs\Np\V47ExportsPart05.cs","DIRECT_SYSABI_EXPORT_PRESENT"
"HTrcDKlFKuM","HTrcDKlFKuM#a#a","1","True","src\SharpEmu.Libs\CommonDialog\MsgDialogExports.cs","DIRECT_SYSABI_EXPORT_PRESENT"
"HU-6QxP6Tz0","HU-6QxP6Tz0#l#l","1","False","","NO_DIRECT_EXPORT_NOT_PROVEN_MISSING"
"HUCFK8h6dS4","HUCFK8h6dS4#l#l","1","True","src\SharpEmu.Libs\Np\V46ExportsPart06.cs","DIRECT_SYSABI_EXPORT_PRESENT"
"HUbZmOnT-Dg","HUbZmOnT-Dg#4#3","1","True","src\SharpEmu.Libs\LibcCompat\LibcMathCompilerRuntimeExports.cs","DIRECT_SYSABI_EXPORT_PRESENT"
"HV4j+E0MBHE","HV4j+E0MBHE#B#C","1","True","src\SharpEmu.Libs\Agc\AgcExports.cs","DIRECT_SYSABI_EXPORT_PRESENT"
"HXymib4T8gc","HXymib4T8gc#5#4","1","True","src\SharpEmu.Libs\Ampr\AmprExports.cs","DIRECT_SYSABI_EXPORT_PRESENT"
"HZFv+Ur-OLw","HZFv+Ur-OLw#l#l","1","False","","NO_DIRECT_EXPORT_NOT_PROVEN_MISSING"
"HfKZzf2Bgk0","HfKZzf2Bgk0#l#l","1","True","src\SharpEmu.Libs\Np\V50ExportsPart03.cs","DIRECT_SYSABI_EXPORT_PRESENT"
"HfnTwwuLjAI","HfnTwwuLjAI#l#l","1","True","src\SharpEmu.Libs\Np\V46ExportsPart19.cs","DIRECT_SYSABI_EXPORT_PRESENT"
"HgX7+AORI58","HgX7+AORI58#3#N","1","False","","NO_DIRECT_EXPORT_NOT_PROVEN_MISSING"
"HidVSBhMHPM","HidVSBhMHPM#l#l","1","False","","NO_DIRECT_EXPORT_NOT_PROVEN_MISSING"
"HiyGzpGVU+8","HiyGzpGVU+8#l#l","1","True","src\SharpEmu.Libs\Np\V48ExportsPart08.cs","DIRECT_SYSABI_EXPORT_PRESENT"
"HjVPfi0omIY","HjVPfi0omIY#l#l","1","True","src\SharpEmu.Libs\Np\V50ExportsPart03.cs","DIRECT_SYSABI_EXPORT_PRESENT"
"HlHb8LLob6o","HlHb8LLob6o#l#l","1","True","src\SharpEmu.Libs\Np\V46ExportsPart18.cs","DIRECT_SYSABI_EXPORT_PRESENT"
"Hm7qubT3b70","Hm7qubT3b70#p#p","1","True","src\SharpEmu.Libs\Np\NpUniversalDataSystemExports.cs","NO_DIRECT_EXPORT_NOT_PROVEN_MISSING"
"Hn-T0hnkwg8","Hn-T0hnkwg8#l#l","1","False","","NO_DIRECT_EXPORT_NOT_PROVEN_MISSING"
"HoLVWNanBBc","HoLVWNanBBc#M#N","1","True","src\SharpEmu.Libs\Kernel\KernelRuntimeCompatExports.cs","DIRECT_SYSABI_EXPORT_PRESENT"
"HoXiuWuma4I","HoXiuWuma4I#l#l","1","True","src\SharpEmu.Libs\Np\V50ExportsPart04.cs","DIRECT_SYSABI_EXPORT_PRESENT"
"HwDt5lD9Bfo","HwDt5lD9Bfo#o#o","1","True","src\SharpEmu.Libs\Json\JsonExports.cs","DIRECT_SYSABI_EXPORT_PRESENT"
"HwP3aM+c85c","HwP3aM+c85c#m#m","1","False","","NO_DIRECT_EXPORT_NOT_PROVEN_MISSING"
"HxgY49RI8SE","HxgY49RI8SE#l#l","1","False","","NO_DIRECT_EXPORT_NOT_PROVEN_MISSING"
"HyplwWzKSjo","HyplwWzKSjo#l#l","1","True","src\SharpEmu.Libs\Np\V46ExportsPart17.cs","DIRECT_SYSABI_EXPORT_PRESENT"
"I-Qm+MEso5c","I-Qm+MEso5c#5#4","1","False","","NO_DIRECT_EXPORT_NOT_PROVEN_MISSING"
"I-cP9AIOPqU","I-cP9AIOPqU#l#l","1","True","src\SharpEmu.Libs\Np\V50ExportsPart03.cs","DIRECT_SYSABI_EXPORT_PRESENT"
"I0U0A7ZCYYo","I0U0A7ZCYYo#l#l","1","True","src\SharpEmu.Libs\Np\V47ExportsPart04.cs","DIRECT_SYSABI_EXPORT_PRESENT"
"I2QC8PYhJWY","I2QC8PYhJWY#o#o","1","True","src\SharpEmu.Libs\Json\JsonExports.cs","DIRECT_SYSABI_EXPORT_PRESENT"
"I2g+qmRNJrM","I2g+qmRNJrM#l#l","1","False","","NO_DIRECT_EXPORT_NOT_PROVEN_MISSING"
"I4Myxk+roNI","I4Myxk+roNI#l#l","1","True","src\SharpEmu.Libs\Np\V50ExportsPart03.cs","DIRECT_SYSABI_EXPORT_PRESENT"
"I5ECYW2vgfQ","I5ECYW2vgfQ#l#l","1","True","src\SharpEmu.Libs\Np\V50ExportsPart02.cs","DIRECT_SYSABI_EXPORT_PRESENT"
"I88KChlynSs","I88KChlynSs#r#r","1","True","src\SharpEmu.Libs\CommonDialog\ErrorDialogExports.cs","DIRECT_SYSABI_EXPORT_PRESENT"
"IADmD4tScBY","IADmD4tScBY#Y#Z","1","True","src\SharpEmu.Libs\Ime\ImeDialogExports.cs","DIRECT_SYSABI_EXPORT_PRESENT"
"IAhVdJnk8FU","IAhVdJnk8FU#l#l","1","True","src\SharpEmu.Libs\Np\V48ExportsPart04.cs","DIRECT_SYSABI_EXPORT_PRESENT"
"IAkGC4cv3zs","IAkGC4cv3zs#l#l","1","True","src\SharpEmu.Libs\Np\V50ExportsPart01.cs","DIRECT_SYSABI_EXPORT_PRESENT"
"IApJAV73lSI","IApJAV73lSI#l#l","1","False","","NO_DIRECT_EXPORT_NOT_PROVEN_MISSING"
"IBNzGcdOddw","IBNzGcdOddw#l#l","1","False","","NO_DIRECT_EXPORT_NOT_PROVEN_MISSING"
"ICaGtkEIXTk","ICaGtkEIXTk#A#B","1","False","","NO_DIRECT_EXPORT_NOT_PROVEN_MISSING"
"IJPH53bfhlo","IJPH53bfhlo#l#l","1","False","","NO_DIRECT_EXPORT_NOT_PROVEN_MISSING"
"IKQimvG9Wqs","IKQimvG9Wqs#o#o","1","True","src\SharpEmu.Libs\Json\JsonValueExports.cs","DIRECT_SYSABI_EXPORT_PRESENT"
"IL4RffHDATI","IL4RffHDATI#l#l","1","False","","NO_DIRECT_EXPORT_NOT_PROVEN_MISSING"
"INgczqD0H+w","INgczqD0H+w#l#l","1","True","src\SharpEmu.Libs\Np\V46ExportsPart18.cs","DIRECT_SYSABI_EXPORT_PRESENT"
"IOnSvHzqu6A","IOnSvHzqu6A#3#N","1","True","src\SharpEmu.Libs\Kernel\KernelEventFlagCompatExports.cs","DIRECT_SYSABI_EXPORT_PRESENT"
"IQOtjPPUJZM","IQOtjPPUJZM#l#l","1","False","","NO_DIRECT_EXPORT_NOT_PROVEN_MISSING"
"IRRGlO7Zjs8","IRRGlO7Zjs8#l#l","1","False","","NO_DIRECT_EXPORT_NOT_PROVEN_MISSING"
"IT4DyqEmct0","IT4DyqEmct0#l#l","1","False","","NO_DIRECT_EXPORT_NOT_PROVEN_MISSING"
"IWalAn-guFs","IWalAn-guFs#O#P","1","False","","NO_DIRECT_EXPORT_NOT_PROVEN_MISSING"
"IXW-z8pggfg","IXW-z8pggfg#o#o","1","True","src\SharpEmu.Libs\Json\JsonExports.cs","DIRECT_SYSABI_EXPORT_PRESENT"
"IXXc85fjOzA","IXXc85fjOzA#l#l","1","False","","NO_DIRECT_EXPORT_NOT_PROVEN_MISSING"
"IafI2PxcPnQ","IafI2PxcPnQ#3#N","1","False","","NO_DIRECT_EXPORT_NOT_PROVEN_MISSING"
"IdPdE-du09Y","IdPdE-du09Y#l#l","1","False","","NO_DIRECT_EXPORT_NOT_PROVEN_MISSING"
"IezD5dF6NbQ","IezD5dF6NbQ#l#l","1","False","","NO_DIRECT_EXPORT_NOT_PROVEN_MISSING"
"Ih1gA1ynWjk","Ih1gA1ynWjk#l#l","1","True","src\SharpEmu.Libs\Np\V50ExportsPart03.cs","DIRECT_SYSABI_EXPORT_PRESENT"
"IjjVp9K7RsI","IjjVp9K7RsI#l#l","1","True","src\SharpEmu.Libs\Np\V46ExportsPart06.cs","DIRECT_SYSABI_EXPORT_PRESENT"
"Ijml4LILSRE","Ijml4LILSRE#l#l","1","True","src\SharpEmu.Libs\Np\V47ExportsPart02.cs","DIRECT_SYSABI_EXPORT_PRESENT"
"Ik-KpLTlf7Q","Ik-KpLTlf7Q#O#P","1","True","src\SharpEmu.Libs\Network\HttpExports.cs","DIRECT_SYSABI_EXPORT_PRESENT"
"Ikfdt-rIqCE","Ikfdt-rIqCE#B#C","1","True","src\SharpEmu.Libs\Stubs\GameServiceStubs.cs","DIRECT_SYSABI_EXPORT_PRESENT"
"Ikt1f83OovA","Ikt1f83OovA#l#l","1","False","","NO_DIRECT_EXPORT_NOT_PROVEN_MISSING"
"IlMqEkBLuBE","IlMqEkBLuBE#l#l","1","True","src\SharpEmu.Libs\Np\V47ExportsPart20.cs","DIRECT_SYSABI_EXPORT_PRESENT"
"Inp1lfL+Jdw","Inp1lfL+Jdw#E#F","1","False","","NO_DIRECT_EXPORT_NOT_PROVEN_MISSING"
"IonqsnFkdJY","IonqsnFkdJY#l#l","1","True","src\SharpEmu.Libs\Np\V50ExportsPart03.cs","DIRECT_SYSABI_EXPORT_PRESENT"
"IpCH3U9wFW0","IpCH3U9wFW0#l#l","1","False","","NO_DIRECT_EXPORT_NOT_PROVEN_MISSING"
"Is+nI7Hq9jU","Is+nI7Hq9jU#l#l","1","True","src\SharpEmu.Libs\Np\NpCppWebApiV45Exports.cs","DIRECT_SYSABI_EXPORT_PRESENT"
"IxYiarKlXxM","IxYiarKlXxM#B#C","1","True","src\SharpEmu.Libs\Agc\AgcExports.cs","DIRECT_SYSABI_EXPORT_PRESENT"
"Iz0z3ATi4aE","Iz0z3ATi4aE#l#l","1","True","src\SharpEmu.Libs\Np\V50ExportsPart03.cs","DIRECT_SYSABI_EXPORT_PRESENT"
"J-GJSI9lqgU","J-GJSI9lqgU#l#l","1","False","","NO_DIRECT_EXPORT_NOT_PROVEN_MISSING"
"J4vXbYykW8M","J4vXbYykW8M#l#l","1","True","src\SharpEmu.Libs\Np\V47ExportsPart18.cs","DIRECT_SYSABI_EXPORT_PRESENT"
"J7O30c5+anQ","J7O30c5+anQ#l#l","1","False","","NO_DIRECT_EXPORT_NOT_PROVEN_MISSING"
"J8YCgfKAMQs","J8YCgfKAMQs#B#C","1","True","src\SharpEmu.Libs\Agc\AgcExports.cs","DIRECT_SYSABI_EXPORT_PRESENT"
"JAAxVx89vNc","JAAxVx89vNc#l#l","1","False","","NO_DIRECT_EXPORT_NOT_PROVEN_MISSING"
"JBcgYuW8lPU","JBcgYuW8lPU#4#3","1","True","src\SharpEmu.Libs\LibcCompat\LibcMathCompilerRuntimeExports.cs","DIRECT_SYSABI_EXPORT_PRESENT"
"JDaQLsO6--U","JDaQLsO6--U#l#l","1","False","","NO_DIRECT_EXPORT_NOT_PROVEN_MISSING"
"JDwx3Bl4bB4","JDwx3Bl4bB4#u#u","1","False","","NO_DIRECT_EXPORT_NOT_PROVEN_MISSING"
"JEVYGhDc97M","JEVYGhDc97M#5#4","1","True","src\SharpEmu.Libs\Ampr\AmprExports.cs","DIRECT_SYSABI_EXPORT_PRESENT"
"JFkvxXYRVS0","JFkvxXYRVS0#l#l","1","False","","NO_DIRECT_EXPORT_NOT_PROVEN_MISSING"
"JGgj7Uvrl+A","JGgj7Uvrl+A#3#N","1","True","src\SharpEmu.Libs\Kernel\KernelPthreadCompatExports.cs","DIRECT_SYSABI_EXPORT_PRESENT"
"JO4yuTuMoKI","JO4yuTuMoKI#F#G","1","True","src\SharpEmu.Libs\Network\NetCtlExports.cs","DIRECT_SYSABI_EXPORT_PRESENT"
"JOWmDrl+j20","JOWmDrl+j20#B#C","1","False","","NO_DIRECT_EXPORT_NOT_PROVEN_MISSING"
"JP-PtKMiI1E","JP-PtKMiI1E#o#o","1","False","","NO_DIRECT_EXPORT_NOT_PROVEN_MISSING"
"JPQagYw-y+4","JPQagYw-y+4#5#4","1","False","","NO_DIRECT_EXPORT_NOT_PROVEN_MISSING"
"JQ419YwNuc8","JQ419YwNuc8#l#l","1","True","src\SharpEmu.Libs\Np\V47ExportsPart03.cs","DIRECT_SYSABI_EXPORT_PRESENT"
"JTvBflhYazQ","JTvBflhYazQ#3#N","1","True","src\SharpEmu.Libs\Kernel\KernelEventFlagCompatExports.cs","DIRECT_SYSABI_EXPORT_PRESENT"
"JUBOIzusdEw","JUBOIzusdEw#l#l","1","True","src\SharpEmu.Libs\Np\V50ExportsPart02.cs","DIRECT_SYSABI_EXPORT_PRESENT"
"JUY2UF+z+XE","JUY2UF+z+XE#l#l","1","False","","NO_DIRECT_EXPORT_NOT_PROVEN_MISSING"
"JVV9P5rGzk8","JVV9P5rGzk8#l#l","2","False","","NO_DIRECT_EXPORT_NOT_PROVEN_MISSING"
"JYa01KuMqhA","JYa01KuMqhA#l#l","1","True","src\SharpEmu.Libs\Np\V47ExportsPart02.cs","DIRECT_SYSABI_EXPORT_PRESENT"
"JYcDoHDeq-E","JYcDoHDeq-E#l#l","1","True","src\SharpEmu.Libs\Np\V46ExportsPart15.cs","DIRECT_SYSABI_EXPORT_PRESENT"
"JYd9g9L+TmE","JYd9g9L+TmE#5#4","1","False","","NO_DIRECT_EXPORT_NOT_PROVEN_MISSING"
"JZeWjTYQwd4","JZeWjTYQwd4#l#l","1","True","src\SharpEmu.Libs\Np\V50ExportsPart03.cs","DIRECT_SYSABI_EXPORT_PRESENT"
"JakrtOQM6k4","JakrtOQM6k4#l#l","1","False","","NO_DIRECT_EXPORT_NOT_PROVEN_MISSING"
"JdksQu8pNdQ","JdksQu8pNdQ#h#h","1","True","src\SharpEmu.Libs\AvPlayer\AvPlayerExports.cs","DIRECT_SYSABI_EXPORT_PRESENT"
"Je0-LmoRXYM","Je0-LmoRXYM#l#l","1","False","","NO_DIRECT_EXPORT_NOT_PROVEN_MISSING"
"JfEPXVxhFqA","JfEPXVxhFqA#H#I","1","True","src\SharpEmu.Libs\Audio\AudioOutExports.cs","DIRECT_SYSABI_EXPORT_PRESENT"
"Jg-AgkdJHkk","Jg-AgkdJHkk#5#4","1","False","","NO_DIRECT_EXPORT_NOT_PROVEN_MISSING"
"JiY4sfHkV34","JiY4sfHkV34#l#l","2","False","","NO_DIRECT_EXPORT_NOT_PROVEN_MISSING"
"Jiq54D12Cvc","Jiq54D12Cvc#l#l","1","False","","NO_DIRECT_EXPORT_NOT_PROVEN_MISSING"
"JlJBrfJgt8E","JlJBrfJgt8E#l#l","1","True","src\SharpEmu.Libs\Np\V50ExportsPart02.cs","DIRECT_SYSABI_EXPORT_PRESENT"
"Jlkdu--4aTg","Jlkdu--4aTg#l#l","1","True","src\SharpEmu.Libs\Np\V48ExportsPart04.cs","DIRECT_SYSABI_EXPORT_PRESENT"
"JmgwKm96Lq4","JmgwKm96Lq4#p#p","1","False","","NO_DIRECT_EXPORT_NOT_PROVEN_MISSING"
"Jmi+9w9u0E4","Jmi+9w9u0E4#M#N","1","True","src\SharpEmu.Libs\Kernel\KernelExports.cs","DIRECT_SYSABI_EXPORT_PRESENT"
"JnhpgrdCugM","JnhpgrdCugM#l#l","1","False","","NO_DIRECT_EXPORT_NOT_PROVEN_MISSING"
"JnqMX0egxus","JnqMX0egxus#l#l","1","False","","NO_DIRECT_EXPORT_NOT_PROVEN_MISSING"
"JrXXEoaH83c","JrXXEoaH83c#l#l","1","True","src\SharpEmu.Libs\Np\V46ExportsPart19.cs","DIRECT_SYSABI_EXPORT_PRESENT"
"JrtiDtKeS38","JrtiDtKeS38#B#C","1","True","src\SharpEmu.Libs\Agc\AgcExports.cs","DIRECT_SYSABI_EXPORT_PRESENT"
"JrwFIMzKNr0","JrwFIMzKNr0#4#3","1","True","src\SharpEmu.Libs\LibcCompat\LibcMemoryStringExports.cs","DIRECT_SYSABI_EXPORT_PRESENT"
"Jt9bJVyqe7A","Jt9bJVyqe7A#l#l","1","True","src\SharpEmu.Libs\Np\V46ExportsPart16.cs","DIRECT_SYSABI_EXPORT_PRESENT"
"Jv4JETvYzWg","Jv4JETvYzWg#l#l","1","True","src\SharpEmu.Libs\Np\V48ExportsPart11.cs","DIRECT_SYSABI_EXPORT_PRESENT"
"Jxct84SbIMg","Jxct84SbIMg#l#l","1","False","","NO_DIRECT_EXPORT_NOT_PROVEN_MISSING"
"JygLkSXhBnI","JygLkSXhBnI#l#l","1","True","src\SharpEmu.Libs\Np\V46ExportsPart10.cs","DIRECT_SYSABI_EXPORT_PRESENT"
"JzqS+6C+2F4","JzqS+6C+2F4#l#l","1","False","","NO_DIRECT_EXPORT_NOT_PROVEN_MISSING"
"K+AkNLmYoRo","K+AkNLmYoRo#l#l","1","False","","NO_DIRECT_EXPORT_NOT_PROVEN_MISSING"
"K-jXhbt2gn4","K-jXhbt2gn4#M#N","1","True","src\SharpEmu.Libs\Kernel\KernelPthreadCompatExports.cs","DIRECT_SYSABI_EXPORT_PRESENT"
"K0knta-WVjs","K0knta-WVjs#l#l","1","True","src\SharpEmu.Libs\Np\V47ExportsPart05.cs","DIRECT_SYSABI_EXPORT_PRESENT"
"K1c9NM1WP8Q","K1c9NM1WP8Q#l#l","1","True","src\SharpEmu.Libs\Np\V46ExportsPart16.cs","DIRECT_SYSABI_EXPORT_PRESENT"
"K2Au2-6Agmw","K2Au2-6Agmw#l#l","1","True","src\SharpEmu.Libs\Np\V47ExportsPart13.cs","DIRECT_SYSABI_EXPORT_PRESENT"
"K2C3Nc9TW5c","K2C3Nc9TW5c#l#l","1","True","src\SharpEmu.Libs\Np\V50ExportsPart03.cs","DIRECT_SYSABI_EXPORT_PRESENT"
"K2mciNVxUCE","K2mciNVxUCE#B#C","1","False","","NO_DIRECT_EXPORT_NOT_PROVEN_MISSING"
"K5jUzaoyT60","K5jUzaoyT60#l#l","1","True","src\SharpEmu.Libs\Np\V48ExportsPart07.cs","DIRECT_SYSABI_EXPORT_PRESENT"
"K7Qy0yrkZX8","K7Qy0yrkZX8#l#l","1","True","src\SharpEmu.Libs\Np\V50ExportsPart01.cs","DIRECT_SYSABI_EXPORT_PRESENT"
"K7RlrTkI-mw","K7RlrTkI-mw#E#F","1","True","src\SharpEmu.Libs\Network\NetExports.cs","DIRECT_SYSABI_EXPORT_PRESENT"
"K7iNFNfeBN4","K7iNFNfeBN4#l#l","1","False","","NO_DIRECT_EXPORT_NOT_PROVEN_MISSING"
"K81QQXNxZuk","K81QQXNxZuk#l#l","1","True","src\SharpEmu.Libs\Np\V50ExportsPart01.cs","DIRECT_SYSABI_EXPORT_PRESENT"
"K89tpB2jJ4g","K89tpB2jJ4g#l#l","1","True","src\SharpEmu.Libs\Np\V47ExportsPart07.cs","DIRECT_SYSABI_EXPORT_PRESENT"
"K8zhm2vYK+o","K8zhm2vYK+o#l#l","1","False","","NO_DIRECT_EXPORT_NOT_PROVEN_MISSING"
"KEDRSc45lqQ","KEDRSc45lqQ#l#l","1","True","src\SharpEmu.Libs\Np\V46ExportsPart14.cs","DIRECT_SYSABI_EXPORT_PRESENT"
"KFxpWlaQ6tI","KFxpWlaQ6tI#l#l","1","True","src\SharpEmu.Libs\Np\V50ExportsPart02.cs","DIRECT_SYSABI_EXPORT_PRESENT"
"KGphfgpRs6E","KGphfgpRs6E#l#l","1","False","","NO_DIRECT_EXPORT_NOT_PROVEN_MISSING"
"KI4dHLlTNl0","KI4dHLlTNl0#k#k","1","False","","NO_DIRECT_EXPORT_NOT_PROVEN_MISSING"
"KJTzMXmYY+U","KJTzMXmYY+U#l#l","1","True","src\SharpEmu.Libs\Np\V46ExportsPart13.cs","DIRECT_SYSABI_EXPORT_PRESENT"
"KJdPcOGmK58","KJdPcOGmK58#m#m","1","True","src\SharpEmu.Libs\Np\NpWebApi2Exports.cs","NO_DIRECT_EXPORT_NOT_PROVEN_MISSING"
"KK3Bdg1RWK0","KK3Bdg1RWK0#T#U","1","True","src\SharpEmu.Libs\SaveData\SaveDataDialogExports.cs","DIRECT_SYSABI_EXPORT_PRESENT"
"KMcEa+rHsIo","KMcEa+rHsIo#h#h","1","True","src\SharpEmu.Libs\AvPlayer\AvPlayerExports.cs","DIRECT_SYSABI_EXPORT_PRESENT"
"KNvvXG6k7dE","KNvvXG6k7dE#l#l","1","True","src\SharpEmu.Libs\Np\V47ExportsPart15.cs","DIRECT_SYSABI_EXPORT_PRESENT"
"KOF-oJbQVvc","KOF-oJbQVvc#3#N","1","False","","NO_DIRECT_EXPORT_NOT_PROVEN_MISSING"
"KT-hTp-Ch14","KT-hTp-Ch14#B#C","1","True","src\SharpEmu.Libs\Agc\AgcExports.cs","DIRECT_SYSABI_EXPORT_PRESENT"
"KUjtdPZJo5I","KUjtdPZJo5I#5#4","1","False","","NO_DIRECT_EXPORT_NOT_PROVEN_MISSING"
"KWZ++3nSFGE","KWZ++3nSFGE#l#l","1","True","src\SharpEmu.Libs\Np\V46ExportsPart18.cs","DIRECT_SYSABI_EXPORT_PRESENT"
"KWwIUfLC-7k","KWwIUfLC-7k#l#l","1","False","","NO_DIRECT_EXPORT_NOT_PROVEN_MISSING"
"KZM7A2krDiM","KZM7A2krDiM#l#l","1","True","src\SharpEmu.Libs\Np\V47ExportsPart05.cs","DIRECT_SYSABI_EXPORT_PRESENT"
"KZm8HUIX2Rw","KZm8HUIX2Rw#4#3","1","True","src\SharpEmu.Libs\LibcCompat\LibcMemoryStringExports.cs","DIRECT_SYSABI_EXPORT_PRESENT"
"KaUBHyFoSm4","KaUBHyFoSm4#l#l","1","True","src\SharpEmu.Libs\Np\V50ExportsPart01.cs","DIRECT_SYSABI_EXPORT_PRESENT"
"KadPb+xSU-8","KadPb+xSU-8#l#l","1","True","src\SharpEmu.Libs\Np\V46ExportsPart18.cs","DIRECT_SYSABI_EXPORT_PRESENT"
"Kc4x2uy0FFk","Kc4x2uy0FFk#l#l","1","False","","NO_DIRECT_EXPORT_NOT_PROVEN_MISSING"
"KdP-nULpuGw","KdP-nULpuGw#4#3","1","True","src\SharpEmu.Libs\LibcStdioExports.cs","DIRECT_SYSABI_EXPORT_PRESENT"
"KfGZg2y73oM","KfGZg2y73oM#Q#R","1","False","","NO_DIRECT_EXPORT_NOT_PROVEN_MISSING"
"KhN0dL9tnTM","KhN0dL9tnTM#l#l","1","True","src\SharpEmu.Libs\Np\V47ExportsPart05.cs","DIRECT_SYSABI_EXPORT_PRESENT"
"Ki0MvF8XNCk","Ki0MvF8XNCk#l#l","1","False","","NO_DIRECT_EXPORT_NOT_PROVEN_MISSING"
"KjPeVduz6jU","KjPeVduz6jU#B#C","1","False","","NO_DIRECT_EXPORT_NOT_PROVEN_MISSING"
"KliDGgkKD-0","KliDGgkKD-0#l#l","1","True","src\SharpEmu.Libs\Np\NpCppWebApiV44Exports.cs","DIRECT_SYSABI_EXPORT_PRESENT"
"KpTVnt-DHo8","KpTVnt-DHo8#l#l","1","True","src\SharpEmu.Libs\Np\V47ExportsPart07.cs","DIRECT_SYSABI_EXPORT_PRESENT"
"KqiWXLgCVe0","KqiWXLgCVe0#5#4","1","False","","NO_DIRECT_EXPORT_NOT_PROVEN_MISSING"
"KuOmgKoqCdY","KuOmgKoqCdY#M#N","1","True","src\SharpEmu.Libs\Kernel\KernelSocketCompatExports.cs","DIRECT_SYSABI_EXPORT_PRESENT"
"Kvcr4zxrBSo","Kvcr4zxrBSo#l#l","1","False","","NO_DIRECT_EXPORT_NOT_PROVEN_MISSING"
"KxT0LzeguEc","KxT0LzeguEc#l#l","1","False","","NO_DIRECT_EXPORT_NOT_PROVEN_MISSING"
"L-Q3LEjIbgA","L-Q3LEjIbgA#3#N","1","True","src\SharpEmu.Libs\Kernel\KernelMemoryCompatExports.cs","DIRECT_SYSABI_EXPORT_PRESENT"
"L0aobPyYBRw","L0aobPyYBRw#l#l","1","True","src\SharpEmu.Libs\Np\NpCppWebApiV44Exports.cs","DIRECT_SYSABI_EXPORT_PRESENT"
"L1KAkYWml-M","L1KAkYWml-M#o#o","1","True","src\SharpEmu.Libs\Json\JsonExports.cs","DIRECT_SYSABI_EXPORT_PRESENT"
"L1SBTkC+Cvw","L1SBTkC+Cvw#4#3","1","True","src\SharpEmu.Libs\Kernel\KernelExports.cs","DIRECT_SYSABI_EXPORT_PRESENT"
"L2P6Bg+kwG0","L2P6Bg+kwG0#l#l","1","True","src\SharpEmu.Libs\Np\V46ExportsPart18.cs","DIRECT_SYSABI_EXPORT_PRESENT"
"L2lPNbb5Ohw","L2lPNbb5Ohw#l#l","1","True","src\SharpEmu.Libs\Np\V50ExportsPart03.cs","DIRECT_SYSABI_EXPORT_PRESENT"
"L3Nj0biFj4w","L3Nj0biFj4w#l#l","1","True","src\SharpEmu.Libs\Np\V46ExportsPart08.cs","DIRECT_SYSABI_EXPORT_PRESENT"
"L5OK6yUiNlc","L5OK6yUiNlc#l#l","1","True","src\SharpEmu.Libs\Np\V46ExportsPart16.cs","DIRECT_SYSABI_EXPORT_PRESENT"
"L5U9nprsR-Q","L5U9nprsR-Q#l#l","1","True","src\SharpEmu.Libs\Np\NpCppWebApiV45Exports.cs","DIRECT_SYSABI_EXPORT_PRESENT"
"L6K9Z5jPLN0","L6K9Z5jPLN0#l#l","1","False","","NO_DIRECT_EXPORT_NOT_PROVEN_MISSING"
"L77IShz1gVM","L77IShz1gVM#l#l","1","True","src\SharpEmu.Libs\Np\V46ExportsPart18.cs","DIRECT_SYSABI_EXPORT_PRESENT"
"L8RB0NbNLPI","L8RB0NbNLPI#l#l","1","False","","NO_DIRECT_EXPORT_NOT_PROVEN_MISSING"
"L97d+3OgMlE","L97d+3OgMlE#v#v","1","False","","NO_DIRECT_EXPORT_NOT_PROVEN_MISSING"
"LAtHDO4YPVc","LAtHDO4YPVc#l#l","1","True","src\SharpEmu.Libs\Np\NpCppWebApiV44Exports.cs","DIRECT_SYSABI_EXPORT_PRESENT"
"LF70KOoRmM4","LF70KOoRmM4#l#l","1","False","","NO_DIRECT_EXPORT_NOT_PROVEN_MISSING"
"LFSPFmGc9Hg","LFSPFmGc9Hg#B#C","1","False","","NO_DIRECT_EXPORT_NOT_PROVEN_MISSING"
"LHFXRrlTPD8","LHFXRrlTPD8#B#C","1","True","src\SharpEmu.Libs\Agc\AgcExports.cs","DIRECT_SYSABI_EXPORT_PRESENT"
"LJ5NNpcT-v0","LJ5NNpcT-v0#l#l","1","True","src\SharpEmu.Libs\Np\V46ExportsPart06.cs","DIRECT_SYSABI_EXPORT_PRESENT"
"LO70m1BiJPM","LO70m1BiJPM#l#l","1","True","src\SharpEmu.Libs\Np\NpCppWebApiV44Exports.cs","DIRECT_SYSABI_EXPORT_PRESENT"
"LOPoNwieUwA","LOPoNwieUwA#l#l","1","False","","NO_DIRECT_EXPORT_NOT_PROVEN_MISSING"
"LQvamxROa-U","LQvamxROa-U#l#l","1","False","","NO_DIRECT_EXPORT_NOT_PROVEN_MISSING"
"LR5cwFMMCVE","LR5cwFMMCVE#b#b","1","False","","NO_DIRECT_EXPORT_NOT_PROVEN_MISSING"
"LRP+Y9NHGfw","LRP+Y9NHGfw#l#l","1","True","src\SharpEmu.Libs\Np\V47ExportsPart04.cs","DIRECT_SYSABI_EXPORT_PRESENT"
"LTXWL-kuxGM","LTXWL-kuxGM#l#l","1","True","src\SharpEmu.Libs\Np\V46ExportsPart02.cs","DIRECT_SYSABI_EXPORT_PRESENT"
"LUvjGNEPg2Y","LUvjGNEPg2Y#l#l","1","False","","NO_DIRECT_EXPORT_NOT_PROVEN_MISSING"
"LYVV9z8+owM","LYVV9z8+owM#t#t","1","False","","NO_DIRECT_EXPORT_NOT_PROVEN_MISSING"
"LYn6kxpm6SY","LYn6kxpm6SY#l#l","1","True","src\SharpEmu.Libs\Np\V50ExportsPart04.cs","DIRECT_SYSABI_EXPORT_PRESENT"
"LaelDFxAfXE","LaelDFxAfXE#l#l","1","True","src\SharpEmu.Libs\Np\V50ExportsPart02.cs","DIRECT_SYSABI_EXPORT_PRESENT"
"LbfXIdP82pI","LbfXIdP82pI#l#l","1","False","","NO_DIRECT_EXPORT_NOT_PROVEN_MISSING"
"LbhH9NeB93I","LbhH9NeB93I#l#l","1","False","","NO_DIRECT_EXPORT_NOT_PROVEN_MISSING"
"LcWsOD7iZTw","LcWsOD7iZTw#l#l","1","True","src\SharpEmu.Libs\Np\NpCppWebApiV45Exports.cs","DIRECT_SYSABI_EXPORT_PRESENT"
"Le0QS6QTxds","Le0QS6QTxds#l#l","1","False","","NO_DIRECT_EXPORT_NOT_PROVEN_MISSING"
"LepGrgk77sM","LepGrgk77sM#A#B","1","False","","NO_DIRECT_EXPORT_NOT_PROVEN_MISSING"
"Lkf86B98qPc","Lkf86B98qPc#B#C","1","False","","NO_DIRECT_EXPORT_NOT_PROVEN_MISSING"
"Lkx5W5Yh+4s","Lkx5W5Yh+4s#l#l","1","True","src\SharpEmu.Libs\Np\V46ExportsPart17.cs","DIRECT_SYSABI_EXPORT_PRESENT"
"Lnu5VubYagc","Lnu5VubYagc#l#l","1","False","","NO_DIRECT_EXPORT_NOT_PROVEN_MISSING"
"LoAw3zk58OM","LoAw3zk58OM#l#l","1","True","src\SharpEmu.Libs\Np\V46ExportsPart20.cs","DIRECT_SYSABI_EXPORT_PRESENT"
"LotMMhPqWp0","LotMMhPqWp0#l#l","1","False","","NO_DIRECT_EXPORT_NOT_PROVEN_MISSING"
"LpAj7UOsLsE","LpAj7UOsLsE#l#l","1","True","src\SharpEmu.Libs\Np\V47ExportsPart03.cs","DIRECT_SYSABI_EXPORT_PRESENT"
"Lr8ovHH9l6A","Lr8ovHH9l6A#a#a","1","True","src\SharpEmu.Libs\CommonDialog\MsgDialogExports.cs","DIRECT_SYSABI_EXPORT_PRESENT"
"Ls4tzzhimqQ","Ls4tzzhimqQ#4#3","1","True","src\SharpEmu.Libs\Kernel\KernelMemoryCompatExports.cs","DIRECT_SYSABI_EXPORT_PRESENT"
"LtTouSCZjHM","LtTouSCZjHM#B#C","1","True","src\SharpEmu.Libs\Agc\AgcExports.cs","DIRECT_SYSABI_EXPORT_PRESENT"
"Lv4LA-Au71Y","Lv4LA-Au71Y#l#l","1","False","","NO_DIRECT_EXPORT_NOT_PROVEN_MISSING"
"LxkJXQ1xY0M","LxkJXQ1xY0M#l#l","1","True","src\SharpEmu.Libs\Np\V46ExportsPart14.cs","DIRECT_SYSABI_EXPORT_PRESENT"
"Lz4PitW6VhE","Lz4PitW6VhE#l#l","1","True","src\SharpEmu.Libs\Np\V46ExportsPart18.cs","DIRECT_SYSABI_EXPORT_PRESENT"
"M-VFI2DJWQA","M-VFI2DJWQA#5#4","1","True","src\SharpEmu.Libs\Ampr\AmprExports.cs","DIRECT_SYSABI_EXPORT_PRESENT"
"M-j+UAPQzEQ","M-j+UAPQzEQ#l#l","1","True","src\SharpEmu.Libs\Np\V46ExportsPart11.cs","DIRECT_SYSABI_EXPORT_PRESENT"
"M0ttm8h7SKA","M0ttm8h7SKA#B#C","1","True","src\SharpEmu.Libs\Agc\AgcExports.cs","DIRECT_SYSABI_EXPORT_PRESENT"
"M1Gma1ocrGE","M1Gma1ocrGE#P#Q","1","True","src\SharpEmu.Libs\PlayGo\PlayGoExports.cs","DIRECT_SYSABI_EXPORT_PRESENT"
"M1LnjRscx-w","M1LnjRscx-w#l#l","1","True","src\SharpEmu.Libs\Np\V47ExportsPart11.cs","DIRECT_SYSABI_EXPORT_PRESENT"
"M1TvFst-jrM","M1TvFst-jrM#C#D","1","True","src\SharpEmu.Libs\Rtc\RtcExports.cs","DIRECT_SYSABI_EXPORT_PRESENT"
"M2ZF-ClLhgY","M2ZF-ClLhgY#r#r","1","True","src\SharpEmu.Libs\CommonDialog\ErrorDialogExports.cs","DIRECT_SYSABI_EXPORT_PRESENT"
"M34a21aBdv0","M34a21aBdv0#l#l","1","True","src\SharpEmu.Libs\Np\V50ExportsPart03.cs","DIRECT_SYSABI_EXPORT_PRESENT"
"M3Qe4kEI9Sc","M3Qe4kEI9Sc#l#l","1","False","","NO_DIRECT_EXPORT_NOT_PROVEN_MISSING"
"M5lMr-PhjMM","M5lMr-PhjMM#l#l","1","False","","NO_DIRECT_EXPORT_NOT_PROVEN_MISSING"
"M9yBzRKkjPc","M9yBzRKkjPc#A#B","1","False","","NO_DIRECT_EXPORT_NOT_PROVEN_MISSING"
"MA1voKbveBw","MA1voKbveBw#l#l","1","False","","NO_DIRECT_EXPORT_NOT_PROVEN_MISSING"
"MBuItvba6z8","MBuItvba6z8#3#N","1","True","src\SharpEmu.Libs\Kernel\KernelMemoryCompatExports.cs","DIRECT_SYSABI_EXPORT_PRESENT"
"MCAsOwSWmdk","MCAsOwSWmdk#l#l","1","True","src\SharpEmu.Libs\Np\V48ExportsPart06.cs","DIRECT_SYSABI_EXPORT_PRESENT"
"MDLD5Ly94Xk","MDLD5Ly94Xk#B#C","1","False","","NO_DIRECT_EXPORT_NOT_PROVEN_MISSING"
"MDc5cd8HfCA","MDc5cd8HfCA#C#D","1","True","src\SharpEmu.Libs\Rtc\RtcExports.cs","DIRECT_SYSABI_EXPORT_PRESENT"
"MELi-cKqWq0","MELi-cKqWq0#4#3","1","False","","NO_DIRECT_EXPORT_NOT_PROVEN_MISSING"
"MHur6qCsUus","MHur6qCsUus#I#J","1","True","src\SharpEmu.Libs\Audio\AjmExports.cs","DIRECT_SYSABI_EXPORT_PRESENT"
"MMlmJAL7N5w","MMlmJAL7N5w#B#C","1","False","","NO_DIRECT_EXPORT_NOT_PROVEN_MISSING"
"MMz3pWjeeqA","MMz3pWjeeqA#l#l","1","True","src\SharpEmu.Libs\Np\V50ExportsPart01.cs","DIRECT_SYSABI_EXPORT_PRESENT"
"MPQDL+np6mI","MPQDL+np6mI#l#l","1","False","","NO_DIRECT_EXPORT_NOT_PROVEN_MISSING"
"MPe0EeBGM-E","MPe0EeBGM-E#P#Q","1","True","src\SharpEmu.Libs\PlayGo\PlayGoExports.cs","DIRECT_SYSABI_EXPORT_PRESENT"
"MRwiBFUbp1A","MRwiBFUbp1A#l#l","1","False","","NO_DIRECT_EXPORT_NOT_PROVEN_MISSING"
"MSJw0mUj+lU","MSJw0mUj+lU#l#l","1","False","","NO_DIRECT_EXPORT_NOT_PROVEN_MISSING"
"MUjC4lbHrK4","MUjC4lbHrK4#4#3","1","True","src\SharpEmu.Libs\LibcStdioExports.cs","DIRECT_SYSABI_EXPORT_PRESENT"
"MVExpBYTEow","MVExpBYTEow#l#l","1","True","src\SharpEmu.Libs\Np\V50ExportsPart01.cs","DIRECT_SYSABI_EXPORT_PRESENT"
"MWiElSNE8j8","MWiElSNE8j8#B#C","1","True","src\SharpEmu.Libs\Agc\AgcExports.cs","DIRECT_SYSABI_EXPORT_PRESENT"
"MXakKx9ktts","MXakKx9ktts#l#l","1","False","","NO_DIRECT_EXPORT_NOT_PROVEN_MISSING"
"Ma7+aWJsXow","Ma7+aWJsXow#l#l","1","False","","NO_DIRECT_EXPORT_NOT_PROVEN_MISSING"
"MbWCMf0K0CM","MbWCMf0K0CM#l#l","1","False","","NO_DIRECT_EXPORT_NOT_PROVEN_MISSING"
"McObzqIaHKw","McObzqIaHKw#l#l","1","False","","NO_DIRECT_EXPORT_NOT_PROVEN_MISSING"
"McaGKOZBuHw","McaGKOZBuHw#l#l","1","True","src\SharpEmu.Libs\Np\V46ExportsPart18.cs","DIRECT_SYSABI_EXPORT_PRESENT"
"MfDb+4Nln64","MfDb+4Nln64#p#p","1","True","src\SharpEmu.Libs\Np\NpUniversalDataSystemExports.cs","DIRECT_SYSABI_EXPORT_PRESENT"
"MlEw1feXcjg","MlEw1feXcjg#B#C","1","True","src\SharpEmu.Libs\Agc\AgcExports.cs","DIRECT_SYSABI_EXPORT_PRESENT"
"Mm9t-TLusNs","Mm9t-TLusNs#l#l","1","True","src\SharpEmu.Libs\Np\V46ExportsPart06.cs","DIRECT_SYSABI_EXPORT_PRESENT"
"MmpF1XsQiHw","MmpF1XsQiHw#I#J","1","True","src\SharpEmu.Libs\Audio\AjmExports.cs","DIRECT_SYSABI_EXPORT_PRESENT"
"Mnc3Os+mgYM","Mnc3Os+mgYM#l#l","1","False","","NO_DIRECT_EXPORT_NOT_PROVEN_MISSING"
"Mnp3qDir4NU","Mnp3qDir4NU#l#l","1","False","","NO_DIRECT_EXPORT_NOT_PROVEN_MISSING"
"MpxhMh8QFro","MpxhMh8QFro#4#3","1","True","src\SharpEmu.Libs\LibcStdioExports.cs","DIRECT_SYSABI_EXPORT_PRESENT"
"MsRgUy5VRr4","MsRgUy5VRr4#l#l","1","True","src\SharpEmu.Libs\Np\V46ExportsPart10.cs","DIRECT_SYSABI_EXPORT_PRESENT"
"MsaFhR+lPE4","MsaFhR+lPE4#m#m","1","True","src\SharpEmu.Libs\Np\NpWebApi2Exports.cs","DIRECT_SYSABI_EXPORT_PRESENT"
"MwmHz8pAdAo","MwmHz8pAdAo#G#H","1","True","src\SharpEmu.Libs\Ngs2\Ngs2Exports.cs","DIRECT_SYSABI_EXPORT_PRESENT"
"Myp3FtCMlpU","Myp3FtCMlpU#l#l","1","True","src\SharpEmu.Libs\Np\V50ExportsPart03.cs","DIRECT_SYSABI_EXPORT_PRESENT"
"N+mr7GjTvr8","N+mr7GjTvr8#k#k","1","False","","NO_DIRECT_EXPORT_NOT_PROVEN_MISSING"
"N+uuxyqdvFo","N+uuxyqdvFo#l#l","1","True","src\SharpEmu.Libs\Np\V46ExportsPart19.cs","DIRECT_SYSABI_EXPORT_PRESENT"
"N-FSPA4S3nI","N-FSPA4S3nI#5#4","1","True","src\SharpEmu.Libs\Ampr\AmprExports.cs","DIRECT_SYSABI_EXPORT_PRESENT"
"N1EBMeGhf7E","N1EBMeGhf7E#v#v","1","True","src\SharpEmu.Libs\Font\FontExports.cs","DIRECT_SYSABI_EXPORT_PRESENT"
"N1VZUoOe-sc","N1VZUoOe-sc#l#l","1","True","src\SharpEmu.Libs\Np\V50ExportsPart01.cs","DIRECT_SYSABI_EXPORT_PRESENT"
"N2xzUyENlCU","N2xzUyENlCU#l#l","1","False","","NO_DIRECT_EXPORT_NOT_PROVEN_MISSING"
"N5KDtkIjjJ4","N5KDtkIjjJ4#K#L","1","True","src\SharpEmu.Libs\VideoOut\VideoOutExports.cs","DIRECT_SYSABI_EXPORT_PRESENT"
"N78k-Vryooc","N78k-Vryooc#l#l","1","False","","NO_DIRECT_EXPORT_NOT_PROVEN_MISSING"
"N7M3+N-sBCw","N7M3+N-sBCw#B#C","1","False","","NO_DIRECT_EXPORT_NOT_PROVEN_MISSING"
"N9jUpAxISno","N9jUpAxISno#l#l","2","False","","NO_DIRECT_EXPORT_NOT_PROVEN_MISSING"
"NA46RXga9OQ","NA46RXga9OQ#l#l","1","True","src\SharpEmu.Libs\Np\V48ExportsPart03.cs","DIRECT_SYSABI_EXPORT_PRESENT"
"NC4MSB+BRQg","NC4MSB+BRQg#4#3","1","True","src\SharpEmu.Libs\LibcCompat\LibcMemoryStringExports.cs","DIRECT_SYSABI_EXPORT_PRESENT"
"NCe1Kgd6Jlo","NCe1Kgd6Jlo#l#l","1","False","","NO_DIRECT_EXPORT_NOT_PROVEN_MISSING"
"NG-lbm2BAKU","NG-lbm2BAKU#l#l","1","True","src\SharpEmu.Libs\Np\V46ExportsPart20.cs","DIRECT_SYSABI_EXPORT_PRESENT"
"NGaR2vt2da4","NGaR2vt2da4#l#l","1","True","src\SharpEmu.Libs\Np\V50ExportsPart03.cs","DIRECT_SYSABI_EXPORT_PRESENT"
"NK+6hN++9rA","NK+6hN++9rA#l#l","1","False","","NO_DIRECT_EXPORT_NOT_PROVEN_MISSING"
"NKIzURsgV7I","NKIzURsgV7I#B#C","1","False","","NO_DIRECT_EXPORT_NOT_PROVEN_MISSING"
"NKNYJptJYtY","NKNYJptJYtY#l#l","1","True","src\SharpEmu.Libs\Np\V46ExportsPart14.cs","DIRECT_SYSABI_EXPORT_PRESENT"
"NNIZ-FMyz3M","NNIZ-FMyz3M#5#4","1","False","","NO_DIRECT_EXPORT_NOT_PROVEN_MISSING"
"NNVf18SlbT8","NNVf18SlbT8#m#m","1","True","src\SharpEmu.Libs\Np\NpWebApi2Exports.cs","NO_DIRECT_EXPORT_NOT_PROVEN_MISSING"
"NPr7arR8X0k","NPr7arR8X0k#l#l","1","False","","NO_DIRECT_EXPORT_NOT_PROVEN_MISSING"
"NRX8fDa7344","NRX8fDa7344#l#l","1","False","","NO_DIRECT_EXPORT_NOT_PROVEN_MISSING"
"NSH-C-OmoNI","NSH-C-OmoNI#t#t","1","False","","NO_DIRECT_EXPORT_NOT_PROVEN_MISSING"
"NTELx+nQzhw","NTELx+nQzhw#l#l","1","True","src\SharpEmu.Libs\Np\V46ExportsPart08.cs","DIRECT_SYSABI_EXPORT_PRESENT"
"NU-T4QowTNA","NU-T4QowTNA#4#3","1","False","","NO_DIRECT_EXPORT_NOT_PROVEN_MISSING"
"NU3ckGHMFXo","NU3ckGHMFXo#b#b","1","False","","NO_DIRECT_EXPORT_NOT_PROVEN_MISSING"
"NUeBrN7hzf0","NUeBrN7hzf0#Y#Z","1","True","src\SharpEmu.Libs\Ime\ImeDialogExports.cs","DIRECT_SYSABI_EXPORT_PRESENT"
"NW9BSFshygk","NW9BSFshygk#l#l","1","False","","NO_DIRECT_EXPORT_NOT_PROVEN_MISSING"
"NYIdgQKy4fs","NYIdgQKy4fs#l#l","1","False","","NO_DIRECT_EXPORT_NOT_PROVEN_MISSING"
"NZ2HFbENJYM","NZ2HFbENJYM#l#l","1","True","src\SharpEmu.Libs\Np\V47ExportsPart05.cs","DIRECT_SYSABI_EXPORT_PRESENT"
"NaCmgKItIgo","NaCmgKItIgo#l#l","1","False","","NO_DIRECT_EXPORT_NOT_PROVEN_MISSING"
"NbgCL3B0kBw","NbgCL3B0kBw#l#l","1","True","src\SharpEmu.Libs\Np\V47ExportsPart07.cs","DIRECT_SYSABI_EXPORT_PRESENT"
"Nd91WaWmG2w","Nd91WaWmG2w#E#F","1","True","src\SharpEmu.Libs\Network\NetExports.cs","NO_DIRECT_EXPORT_NOT_PROVEN_MISSING"
"NdsHawcRBNk","NdsHawcRBNk#l#l","1","True","src\SharpEmu.Libs\Np\V50ExportsPart03.cs","DIRECT_SYSABI_EXPORT_PRESENT"
"NeMAgSIPdzI","NeMAgSIPdzI#l#l","1","True","src\SharpEmu.Libs\Np\V46ExportsPart16.cs","DIRECT_SYSABI_EXPORT_PRESENT"
"NghWEUXp1qM","NghWEUXp1qM#A#B","1","False","","NO_DIRECT_EXPORT_NOT_PROVEN_MISSING"
"NkJwDzKmIlw","NkJwDzKmIlw#h#h","1","True","src\SharpEmu.Libs\AvPlayer\AvPlayerExports.cs","DIRECT_SYSABI_EXPORT_PRESENT"
"Nn7zKwnA5q0","Nn7zKwnA5q0#P#Q","1","True","src\SharpEmu.Libs\PlayGo\PlayGoExports.cs","DIRECT_SYSABI_EXPORT_PRESENT"
"NnKhlMJtIsI","NnKhlMJtIsI#5#4","1","True","src\SharpEmu.Libs\Ampr\AmprExports.cs","DIRECT_SYSABI_EXPORT_PRESENT"
"NnxzMmD8XJo","NnxzMmD8XJo#l#l","1","True","src\SharpEmu.Libs\Np\V46ExportsPart17.cs","DIRECT_SYSABI_EXPORT_PRESENT"
"NqoGDM7dSPs","NqoGDM7dSPs#l#l","1","True","src\SharpEmu.Libs\Np\V48ExportsPart09.cs","DIRECT_SYSABI_EXPORT_PRESENT"
"NvV--345al4","NvV--345al4#l#l","1","True","src\SharpEmu.Libs\Np\V46ExportsPart18.cs","DIRECT_SYSABI_EXPORT_PRESENT"
"O-fW3bUQ3Ao","O-fW3bUQ3Ao#l#l","1","False","","NO_DIRECT_EXPORT_NOT_PROVEN_MISSING"
"O4L+0oCN9zA","O4L+0oCN9zA#4#3","1","False","","NO_DIRECT_EXPORT_NOT_PROVEN_MISSING"
"O7dIZQrwVFY","O7dIZQrwVFY#s#s","1","False","","NO_DIRECT_EXPORT_NOT_PROVEN_MISSING"
"O80NrhUOPGY","O80NrhUOPGY#Q#R","1","False","","NO_DIRECT_EXPORT_NOT_PROVEN_MISSING"
"OCkMuKlsBy0","OCkMuKlsBy0#l#l","1","False","","NO_DIRECT_EXPORT_NOT_PROVEN_MISSING"
"ODJK2sn9w4A","ODJK2sn9w4A#h#h","1","True","src\SharpEmu.Libs\AvPlayer\AvPlayerExports.cs","DIRECT_SYSABI_EXPORT_PRESENT"
"OGVdXU3E-xg","OGVdXU3E-xg#4#3","1","False","","NO_DIRECT_EXPORT_NOT_PROVEN_MISSING"
"OIIm19xu+NM","OIIm19xu+NM#V#W","1","False","","NO_DIRECT_EXPORT_NOT_PROVEN_MISSING"
"OIvAnAUdbQ8","OIvAnAUdbQ8#l#l","1","True","src\SharpEmu.Libs\Np\V50ExportsPart01.cs","DIRECT_SYSABI_EXPORT_PRESENT"
"OJPTonqdg0I","OJPTonqdg0I#o#o","1","False","","NO_DIRECT_EXPORT_NOT_PROVEN_MISSING"
"OJf3vCckPAM","OJf3vCckPAM#5#4","1","True","src\SharpEmu.Libs\Ampr\AmprExports.cs","DIRECT_SYSABI_EXPORT_PRESENT"
"OK+Ggpve7B0","OK+Ggpve7B0#l#l","1","True","src\SharpEmu.Libs\Np\V46ExportsPart04.cs","DIRECT_SYSABI_EXPORT_PRESENT"
"OLgCzPhsacA","OLgCzPhsacA#l#l","1","True","src\SharpEmu.Libs\Np\V50ExportsPart04.cs","DIRECT_SYSABI_EXPORT_PRESENT"
"ONT8As5R1ug","ONT8As5R1ug#o#o","1","False","","NO_DIRECT_EXPORT_NOT_PROVEN_MISSING"
"OOY9+ObfKec","OOY9+ObfKec#m#m","1","False","","NO_DIRECT_EXPORT_NOT_PROVEN_MISSING"
"OPZlEmsrHyI","OPZlEmsrHyI#l#l","1","True","src\SharpEmu.Libs\Np\V50ExportsPart02.cs","DIRECT_SYSABI_EXPORT_PRESENT"
"OQ0tq+dXke0","OQ0tq+dXke0#l#l","1","True","src\SharpEmu.Libs\Np\V46ExportsPart18.cs","DIRECT_SYSABI_EXPORT_PRESENT"
"OQTgEXyihvA","OQTgEXyihvA#B#C","1","False","","NO_DIRECT_EXPORT_NOT_PROVEN_MISSING"
"ORWsxIbk4TE","ORWsxIbk4TE#B#C","1","False","","NO_DIRECT_EXPORT_NOT_PROVEN_MISSING"
"OTQRxO5GP0o","OTQRxO5GP0o#l#l","1","False","","NO_DIRECT_EXPORT_NOT_PROVEN_MISSING"
"OTilStjd9L8","OTilStjd9L8#n#n","1","False","","NO_DIRECT_EXPORT_NOT_PROVEN_MISSING"
"OV+MKKnbEYM","OV+MKKnbEYM#l#l","1","True","src\SharpEmu.Libs\Np\V46ExportsPart14.cs","DIRECT_SYSABI_EXPORT_PRESENT"
"OVsvmF7lYPQ","OVsvmF7lYPQ#l#l","1","True","src\SharpEmu.Libs\Np\V46ExportsPart18.cs","DIRECT_SYSABI_EXPORT_PRESENT"
"OVths0xGfho","OVths0xGfho#h#h","1","True","src\SharpEmu.Libs\AvPlayer\AvPlayerExports.cs","DIRECT_SYSABI_EXPORT_PRESENT"
"OW0SLrs6odM","OW0SLrs6odM#l#l","1","False","","NO_DIRECT_EXPORT_NOT_PROVEN_MISSING"
"OXXX4mUk3uk","OXXX4mUk3uk#E#F","1","False","","NO_DIRECT_EXPORT_NOT_PROVEN_MISSING"
"OXmauLdQ8kY","OXmauLdQ8kY#4#3","1","True","src\SharpEmu.Libs\LibcCompat\LibcMathCompilerRuntimeExports.cs","DIRECT_SYSABI_EXPORT_PRESENT"
"OYOeKdm6Jrg","OYOeKdm6Jrg#l#l","1","False","","NO_DIRECT_EXPORT_NOT_PROVEN_MISSING"
"Oad3rvY-NJQ","Oad3rvY-NJQ#Q#R","1","False","","DEFER_UNKNOWN_IDENTITY"
"ObpPwWnpM8I","ObpPwWnpM8I#l#l","1","True","src\SharpEmu.Libs\Np\V46ExportsPart19.cs","DIRECT_SYSABI_EXPORT_PRESENT"
"Oc72WHTKrL4","Oc72WHTKrL4#l#l","1","True","src\SharpEmu.Libs\Np\V47ExportsPart02.cs","DIRECT_SYSABI_EXPORT_PRESENT"
"OcAgPxcq5Vk","OcAgPxcq5Vk#o#o","1","True","src\SharpEmu.Libs\Json\JsonExports.cs","DIRECT_SYSABI_EXPORT_PRESENT"
"Oe1W+jARzBQ","Oe1W+jARzBQ#l#l","1","False","","NO_DIRECT_EXPORT_NOT_PROVEN_MISSING"
"OfE+cft2qCg","OfE+cft2qCg#l#l","1","False","","NO_DIRECT_EXPORT_NOT_PROVEN_MISSING"
"OfSm8N8i+XA","OfSm8N8i+XA#l#l","1","False","","NO_DIRECT_EXPORT_NOT_PROVEN_MISSING"
"OgbbbsOtwlE","OgbbbsOtwlE#l#l","1","True","src\SharpEmu.Libs\Np\V46ExportsPart02.cs","DIRECT_SYSABI_EXPORT_PRESENT"
"OjcLbk3jcp8","OjcLbk3jcp8#l#l","1","True","src\SharpEmu.Libs\Np\V46ExportsPart14.cs","DIRECT_SYSABI_EXPORT_PRESENT"
"Ok2Nxka7qI4","Ok2Nxka7qI4#5#4","1","False","","NO_DIRECT_EXPORT_NOT_PROVEN_MISSING"
"OmJ5HIMLuNg","OmJ5HIMLuNg#l#l","1","False","","NO_DIRECT_EXPORT_NOT_PROVEN_MISSING"
"OokInMhyhn8","OokInMhyhn8#l#l","1","True","src\SharpEmu.Libs\Np\V50ExportsPart03.cs","DIRECT_SYSABI_EXPORT_PRESENT"
"Op8TBGY5KHg","Op8TBGY5KHg#M#N","1","True","src\SharpEmu.Libs\Kernel\KernelPthreadCompatExports.cs","DIRECT_SYSABI_EXPORT_PRESENT"
"OtEtHfMgSuk","OtEtHfMgSuk#l#l","1","True","src\SharpEmu.Libs\Np\V46ExportsPart08.cs","DIRECT_SYSABI_EXPORT_PRESENT"
"Ou3iL1abvng","Ou3iL1abvng#3#N","1","True","src\SharpEmu.Libs\Kernel\KernelRuntimeCompatExports.cs","DIRECT_SYSABI_EXPORT_PRESENT"
"OuTvXLhxQgw","OuTvXLhxQgw#l#l","1","True","src\SharpEmu.Libs\Np\V50ExportsPart04.cs","DIRECT_SYSABI_EXPORT_PRESENT"
"Ovb2dSJOAuE","Ovb2dSJOAuE#4#3","1","True","src\SharpEmu.Libs\Kernel\KernelMemoryCompatExports.cs","DIRECT_SYSABI_EXPORT_PRESENT"
"Ovuffw32ExY","Ovuffw32ExY#l#l","1","True","src\SharpEmu.Libs\Np\V46ExportsPart19.cs","DIRECT_SYSABI_EXPORT_PRESENT"
"Ox9i0c7L5w0","Ox9i0c7L5w0#3#N","1","True","src\SharpEmu.Libs\Kernel\KernelPthreadExtendedCompatExports.cs","DIRECT_SYSABI_EXPORT_PRESENT"
"OxhIB8LB-PQ","OxhIB8LB-PQ#M#N","1","True","src\SharpEmu.Libs\Kernel\KernelExports.cs","DIRECT_SYSABI_EXPORT_PRESENT"
"P+3r2zgKoqY","P+3r2zgKoqY#l#l","1","True","src\SharpEmu.Libs\Np\V46ExportsPart18.cs","DIRECT_SYSABI_EXPORT_PRESENT"
"P1CugZ99Uzc","P1CugZ99Uzc#B#C","1","False","","NO_DIRECT_EXPORT_NOT_PROVEN_MISSING"
"P330P3dFF68","P330P3dFF68#4#3","2","True","src\SharpEmu.HLE\HleDataSymbols.cs","NO_DIRECT_EXPORT_NOT_PROVEN_MISSING"
"P3daBLFFREw","P3daBLFFREw#l#l","1","False","","NO_DIRECT_EXPORT_NOT_PROVEN_MISSING"
"P4VhCJbgaOw","P4VhCJbgaOw#l#l","1","True","src\SharpEmu.Libs\Np\V46ExportsPart14.cs","DIRECT_SYSABI_EXPORT_PRESENT"
"P4sWQuI4WLQ","P4sWQuI4WLQ#l#l","1","True","src\SharpEmu.Libs\Np\V46ExportsPart17.cs","DIRECT_SYSABI_EXPORT_PRESENT"
"P5pdoykPYTk","P5pdoykPYTk#O#P","1","False","","NO_DIRECT_EXPORT_NOT_PROVEN_MISSING"
"P6A3ytpsiYc","P6A3ytpsiYc#O#P","1","True","src\SharpEmu.Libs\Network\HttpExports.cs","NO_DIRECT_EXPORT_NOT_PROVEN_MISSING"
"P6piso307SE","P6piso307SE#Q#R","1","True","src\SharpEmu.Libs\Np\NpManagerExports.cs","NO_DIRECT_EXPORT_NOT_PROVEN_MISSING"
"PBrdYjoh-nU","PBrdYjoh-nU#l#l","1","False","","NO_DIRECT_EXPORT_NOT_PROVEN_MISSING"
"PDasby6lhDo","PDasby6lhDo#l#l","1","False","","NO_DIRECT_EXPORT_NOT_PROVEN_MISSING"
"PERc71DuaAs","PERc71DuaAs#l#l","1","False","","NO_DIRECT_EXPORT_NOT_PROVEN_MISSING"
"PGRYlJHDzro","PGRYlJHDzro#l#l","1","True","src\SharpEmu.Libs\Np\V46ExportsPart14.cs","DIRECT_SYSABI_EXPORT_PRESENT"
"PGbdeeOVRRU","PGbdeeOVRRU#l#l","1","True","src\SharpEmu.Libs\Np\V50ExportsPart02.cs","DIRECT_SYSABI_EXPORT_PRESENT"
"PJ3AspBM8Mo","PJ3AspBM8Mo#l#l","1","True","src\SharpEmu.Libs\Np\V46ExportsPart15.cs","DIRECT_SYSABI_EXPORT_PRESENT"
"PJPIXtFqKBM","PJPIXtFqKBM#l#l","1","False","","NO_DIRECT_EXPORT_NOT_PROVEN_MISSING"
"PJYDjH8b5Hg","PJYDjH8b5Hg#l#l","1","False","","NO_DIRECT_EXPORT_NOT_PROVEN_MISSING"
"PKZOKLLg6oo","PKZOKLLg6oo#l#l","1","False","","NO_DIRECT_EXPORT_NOT_PROVEN_MISSING"
"PMPlHieEI3A","PMPlHieEI3A#l#l","1","True","src\SharpEmu.Libs\Np\NpCppWebApiV45Exports.cs","DIRECT_SYSABI_EXPORT_PRESENT"
"PMVehSlfZ94","PMVehSlfZ94#X#Y","1","False","","NO_DIRECT_EXPORT_NOT_PROVEN_MISSING"
"PR5k1penBLM","PR5k1penBLM#o#o","1","True","src\SharpEmu.Libs\Json\JsonExports.cs","DIRECT_SYSABI_EXPORT_PRESENT"
"PSK+Eik919Q","PSK+Eik919Q#s#s","1","False","","NO_DIRECT_EXPORT_NOT_PROVEN_MISSING"
"PWBfEpSHJHo","PWBfEpSHJHo#l#l","1","False","","NO_DIRECT_EXPORT_NOT_PROVEN_MISSING"
"PWokFqab5q4","PWokFqab5q4#i#i","1","False","","NO_DIRECT_EXPORT_NOT_PROVEN_MISSING"
"Pb8eru9c+lw","Pb8eru9c+lw#l#l","1","False","","NO_DIRECT_EXPORT_NOT_PROVEN_MISSING"
"PjS5uASwcV8","PjS5uASwcV8#K#L","1","True","src\SharpEmu.Libs\VideoOut\VideoOutExports.cs","DIRECT_SYSABI_EXPORT_PRESENT"
"PmyrbbJSFz0","PmyrbbJSFz0#m#m","1","False","","NO_DIRECT_EXPORT_NOT_PROVEN_MISSING"
"Pmzfl-YOkdU","Pmzfl-YOkdU#l#l","1","False","","NO_DIRECT_EXPORT_NOT_PROVEN_MISSING"
"PqRoVXyPIWA","PqRoVXyPIWA#l#l","1","True","src\SharpEmu.Libs\Np\V46ExportsPart18.cs","DIRECT_SYSABI_EXPORT_PRESENT"
"PrdHuuDekhY","PrdHuuDekhY#3#N","1","True","src\SharpEmu.Libs\Kernel\KernelPthreadExtendedCompatExports.cs","DIRECT_SYSABI_EXPORT_PRESENT"
"PsAoq8wsPM4","PsAoq8wsPM4#l#l","1","False","","NO_DIRECT_EXPORT_NOT_PROVEN_MISSING"
"PsX657reZeo","PsX657reZeo#l#l","1","True","src\SharpEmu.Libs\Np\NpCppWebApiV45Exports.cs","DIRECT_SYSABI_EXPORT_PRESENT"
"PsjIb1R2yXg","PsjIb1R2yXg#l#l","1","True","src\SharpEmu.Libs\Np\NpCppWebApiV44Exports.cs","DIRECT_SYSABI_EXPORT_PRESENT"
"Pt-BuKAeNxo","Pt-BuKAeNxo#l#l","1","True","src\SharpEmu.Libs\Np\V46ExportsPart06.cs","DIRECT_SYSABI_EXPORT_PRESENT"
"PtsB1Q9wsFA","PtsB1Q9wsFA#4#3","1","False","","NO_DIRECT_EXPORT_NOT_PROVEN_MISSING"
"PxKWV2fVAps","PxKWV2fVAps#B#C","1","True","src\SharpEmu.Libs\Agc\AgcGraphicsSizingV55Exports.cs","DIRECT_SYSABI_EXPORT_PRESENT"
"PzLUwQXc7VM","PzLUwQXc7VM#l#l","1","True","src\SharpEmu.Libs\Np\V46ExportsPart17.cs","DIRECT_SYSABI_EXPORT_PRESENT"
"Q-u6dljYZ9o","Q-u6dljYZ9o#l#l","1","True","src\SharpEmu.Libs\Np\V46ExportsPart15.cs","DIRECT_SYSABI_EXPORT_PRESENT"
"Q07J7XpvhrU","Q07J7XpvhrU#5#4","1","True","src\SharpEmu.Libs\Ampr\AmprExports.cs","DIRECT_SYSABI_EXPORT_PRESENT"
"Q1WNakfGV08","Q1WNakfGV08#l#l","1","False","","NO_DIRECT_EXPORT_NOT_PROVEN_MISSING"
"Q2V+iqvjgC0","Q2V+iqvjgC0#4#3","1","True","src\SharpEmu.Libs\Kernel\KernelMemoryCompatExports.cs","DIRECT_SYSABI_EXPORT_PRESENT"
"Q3VBxCXhUHs","Q3VBxCXhUHs#4#3","1","True","src\SharpEmu.Libs\Kernel\KernelMemoryCompatExports.cs","DIRECT_SYSABI_EXPORT_PRESENT"
"Q3dyFuwGn64","Q3dyFuwGn64#I#J","1","True","src\SharpEmu.Libs\Audio\AjmExports.cs","DIRECT_SYSABI_EXPORT_PRESENT"
"Q4qBuN-c0ZM","Q4qBuN-c0ZM#E#F","1","True","src\SharpEmu.Libs\Network\NetExports.cs","DIRECT_SYSABI_EXPORT_PRESENT"
"Q4rRL34CEeE","Q4rRL34CEeE#4#3","1","True","src\SharpEmu.Libs\LibcCompat\LibcMathCompilerRuntimeExports.cs","DIRECT_SYSABI_EXPORT_PRESENT"
"Q64RmYv-DJM","Q64RmYv-DJM#l#l","1","True","src\SharpEmu.Libs\Np\V50ExportsPart03.cs","DIRECT_SYSABI_EXPORT_PRESENT"
"Q6vUUPnen-M","Q6vUUPnen-M#l#l","1","False","","NO_DIRECT_EXPORT_NOT_PROVEN_MISSING"
"Q8pvJimUWis","Q8pvJimUWis#4#3","1","True","src\SharpEmu.Libs\LibcCompat\RuntimePosixRemainingExportsV54.cs","DIRECT_SYSABI_EXPORT_PRESENT"
"QBi7HCK03hw","QBi7HCK03hw#3#N","1","True","src\SharpEmu.Libs\Kernel\KernelRuntimeCompatExports.cs","DIRECT_SYSABI_EXPORT_PRESENT"
"QBzq0D46oqg","QBzq0D46oqg#l#l","1","False","","NO_DIRECT_EXPORT_NOT_PROVEN_MISSING"
"QGxBoGah9yU","QGxBoGah9yU#l#l","1","True","src\SharpEmu.Libs\Np\V47ExportsPart05.cs","DIRECT_SYSABI_EXPORT_PRESENT"
"QI-x0SL8jhw","QI-x0SL8jhw#4#3","1","True","src\SharpEmu.Libs\LibcCompat\LibcMathCompilerRuntimeExports.cs","DIRECT_SYSABI_EXPORT_PRESENT"
"QIXCsbipds0","QIXCsbipds0#B#C","1","True","src\SharpEmu.Libs\Agc\AgcExports.cs","DIRECT_SYSABI_EXPORT_PRESENT"
"QKd0qM58Qes","QKd0qM58Qes#3#N","1","True","src\SharpEmu.Libs\Kernel\KernelRuntimeCompatExports.cs","DIRECT_SYSABI_EXPORT_PRESENT"
"QKrNgVo170o","QKrNgVo170o#l#l","1","False","","NO_DIRECT_EXPORT_NOT_PROVEN_MISSING"
"QMFyLoqNxIg","QMFyLoqNxIg#4#3","1","False","","NO_DIRECT_EXPORT_NOT_PROVEN_MISSING"
"QNgg1huXSW8","QNgg1huXSW8#l#l","2","False","","NO_DIRECT_EXPORT_NOT_PROVEN_MISSING"
"QNpeGOb3qzY","QNpeGOb3qzY#l#l","1","True","src\SharpEmu.Libs\Np\V46ExportsPart08.cs","DIRECT_SYSABI_EXPORT_PRESENT"
"QOQtbeDqsT4","QOQtbeDqsT4#H#I","1","True","src\SharpEmu.Libs\Audio\AudioOutExports.cs","DIRECT_SYSABI_EXPORT_PRESENT"
"QU4gBqAEVtM","QU4gBqAEVtM#l#l","1","False","","NO_DIRECT_EXPORT_NOT_PROVEN_MISSING"
"QWRYQMQSpIc","QWRYQMQSpIc#l#l","1","False","","NO_DIRECT_EXPORT_NOT_PROVEN_MISSING"
"QXah3pw5xfc","QXah3pw5xfc#l#l","1","False","","NO_DIRECT_EXPORT_NOT_PROVEN_MISSING"
"QXmqerVwWZM","QXmqerVwWZM#l#l","1","True","src\SharpEmu.Libs\Np\V46ExportsPart18.cs","DIRECT_SYSABI_EXPORT_PRESENT"
"QYwFL46iKSA","QYwFL46iKSA#l#l","1","False","","NO_DIRECT_EXPORT_NOT_PROVEN_MISSING"
"QZP6I9ZZxpE","QZP6I9ZZxpE#4#3","1","False","","NO_DIRECT_EXPORT_NOT_PROVEN_MISSING"
"QafxeZM3WK4","QafxeZM3WK4#m#m","1","True","src\SharpEmu.Libs\Np\NpWebApi2Exports.cs","NO_DIRECT_EXPORT_NOT_PROVEN_MISSING"
"Qazy8LmXTvw","Qazy8LmXTvw#4#3","1","True","src\SharpEmu.Libs\LibcStdioExports.cs","DIRECT_SYSABI_EXPORT_PRESENT"
"QcImFaI26pw","QcImFaI26pw#l#l","1","False","","NO_DIRECT_EXPORT_NOT_PROVEN_MISSING"
"QdU3cirVIdE","QdU3cirVIdE#l#l","1","False","","NO_DIRECT_EXPORT_NOT_PROVEN_MISSING"
"QeO7GQrfXnU","QeO7GQrfXnU#l#l","1","True","src\SharpEmu.Libs\Np\V47ExportsPart05.cs","DIRECT_SYSABI_EXPORT_PRESENT"
"QhCbS4X9Rl8","QhCbS4X9Rl8#B#C","1","False","","NO_DIRECT_EXPORT_NOT_PROVEN_MISSING"
"QhPDD513V0w","QhPDD513V0w#B#C","1","False","","NO_DIRECT_EXPORT_NOT_PROVEN_MISSING"
"QkKeZCHCFBg","QkKeZCHCFBg#l#l","1","True","src\SharpEmu.Libs\Np\V48ExportsPart04.cs","DIRECT_SYSABI_EXPORT_PRESENT"
"Qltt2qSBU1I","Qltt2qSBU1I#l#l","1","True","src\SharpEmu.Libs\Np\V46ExportsPart20.cs","DIRECT_SYSABI_EXPORT_PRESENT"
"Qn83xIhFHK8","Qn83xIhFHK8#l#l","1","False","","NO_DIRECT_EXPORT_NOT_PROVEN_MISSING"
"QnG7AKNnigk","QnG7AKNnigk#l#l","1","True","src\SharpEmu.Libs\Np\V47ExportsPart05.cs","DIRECT_SYSABI_EXPORT_PRESENT"
"Qrj4c+61z4A","Qrj4c+61z4A#B#C","1","True","src\SharpEmu.Libs\Agc\AgcExports.cs","DIRECT_SYSABI_EXPORT_PRESENT"
"Qs0wWulgl7U","Qs0wWulgl7U#d#d","1","True","src\SharpEmu.Libs\Mouse\MouseExports.cs","DIRECT_SYSABI_EXPORT_PRESENT"
"Qs1xtplKo0U","Qs1xtplKo0U#5#4","1","True","src\SharpEmu.Libs\Ampr\AmprExports.cs","DIRECT_SYSABI_EXPORT_PRESENT"
"QvdMLAFijq8","QvdMLAFijq8#l#l","1","True","src\SharpEmu.Libs\Np\V46ExportsPart05.cs","DIRECT_SYSABI_EXPORT_PRESENT"
"QvsZxomvUHs","QvsZxomvUHs#3#N","1","True","src\SharpEmu.Libs\Kernel\KernelRuntimeCompatExports.cs","DIRECT_SYSABI_EXPORT_PRESENT"
"QxVVYhP-mvg","QxVVYhP-mvg#o#o","1","True","src\SharpEmu.Libs\Json\JsonValueExports.cs","DIRECT_SYSABI_EXPORT_PRESENT"
"QxatxkNYNls","QxatxkNYNls#l#l","1","True","src\SharpEmu.Libs\Np\NpCppWebApiV44Exports.cs","DIRECT_SYSABI_EXPORT_PRESENT"
"QygCNNmbGss","QygCNNmbGss#j#j","1","False","","NO_DIRECT_EXPORT_NOT_PROVEN_MISSING"
"Qyz8VbxnaII","Qyz8VbxnaII#5#4","1","False","","NO_DIRECT_EXPORT_NOT_PROVEN_MISSING"
"QzB4O+bJQyA","QzB4O+bJQyA#3#N","1","False","","NO_DIRECT_EXPORT_NOT_PROVEN_MISSING"
"QzaDg6FyTQU","QzaDg6FyTQU#l#l","1","True","src\SharpEmu.Libs\Np\V46ExportsPart19.cs","DIRECT_SYSABI_EXPORT_PRESENT"
"R1Jvn8bSCW8","R1Jvn8bSCW8#3#N","1","True","src\SharpEmu.Libs\Kernel\KernelSemaphoreCompatExports.cs","DIRECT_SYSABI_EXPORT_PRESENT"
"R5QhFOlpzjo","R5QhFOlpzjo#l#l","1","False","","NO_DIRECT_EXPORT_NOT_PROVEN_MISSING"
"R5UMy7LMszo","R5UMy7LMszo#l#l","1","True","src\SharpEmu.Libs\Np\V46ExportsPart17.cs","DIRECT_SYSABI_EXPORT_PRESENT"
"R6ZajxSYd8E","R6ZajxSYd8E#l#l","1","True","src\SharpEmu.Libs\Np\NpCppWebApiV45Exports.cs","DIRECT_SYSABI_EXPORT_PRESENT"
"R7FDWtcN6f8","R7FDWtcN6f8#o#o","1","False","","NO_DIRECT_EXPORT_NOT_PROVEN_MISSING"
"R9lA82OraNs","R9lA82OraNs#R#S","1","True","src\SharpEmu.Libs\AppContent\AppContentExports.cs","DIRECT_SYSABI_EXPORT_PRESENT"
"RBw+4NukeGQ","RBw+4NukeGQ#o#o","1","True","src\SharpEmu.Libs\Json\JsonExports.cs","DIRECT_SYSABI_EXPORT_PRESENT"
"RIa6GnWp+iU","RIa6GnWp+iU#4#3","1","False","","NO_DIRECT_EXPORT_NOT_PROVEN_MISSING"
"RM35a8uFre4","RM35a8uFre4#l#l","1","False","","NO_DIRECT_EXPORT_NOT_PROVEN_MISSING"
"RMcwsFqcuXU","RMcwsFqcuXU#l#l","1","True","src\SharpEmu.Libs\Np\V46ExportsPart15.cs","DIRECT_SYSABI_EXPORT_PRESENT"
"RPAHEYSOt1s","RPAHEYSOt1s#3#N","1","False","","NO_DIRECT_EXPORT_NOT_PROVEN_MISSING"
"RPCAhx-aabE","RPCAhx-aabE#5#4","1","True","src\SharpEmu.Libs\Ampr\AmprExports.cs","DIRECT_SYSABI_EXPORT_PRESENT"
"RQXLbdT2lc4","RQXLbdT2lc4#4#3","1","True","src\SharpEmu.Libs\LibcCompat\LibcMathCompilerRuntimeExports.cs","DIRECT_SYSABI_EXPORT_PRESENT"
"RQfqM1BZuoc","RQfqM1BZuoc#l#l","1","True","src\SharpEmu.Libs\Np\V50ExportsPart01.cs","DIRECT_SYSABI_EXPORT_PRESENT"
"RR4novUEENY","RR4novUEENY#D#E","1","True","src\SharpEmu.Libs\Pad\PadExports.cs","DIRECT_SYSABI_EXPORT_PRESENT"
"RXXqi4CtF8w","RXXqi4CtF8w#M#N","1","True","src\SharpEmu.Libs\Kernel\KernelPthreadCompatExports.cs","DIRECT_SYSABI_EXPORT_PRESENT"
"RXqt13UAFeY","RXqt13UAFeY#l#l","1","True","src\SharpEmu.Libs\Np\V46ExportsPart14.cs","DIRECT_SYSABI_EXPORT_PRESENT"
"RZYvTMuqmhw","RZYvTMuqmhw#l#l","1","False","","NO_DIRECT_EXPORT_NOT_PROVEN_MISSING"
"RZcseJ3THfY","RZcseJ3THfY#l#l","1","False","","NO_DIRECT_EXPORT_NOT_PROVEN_MISSING"
"RaqxZIf6DvE","RaqxZIf6DvE#d#d","1","True","src\SharpEmu.Libs\Mouse\MouseExports.cs","DIRECT_SYSABI_EXPORT_PRESENT"
"RbLbuKv8zho","RbLbuKv8zho#I#J","1","True","src\SharpEmu.Libs\Audio\AjmExports.cs","DIRECT_SYSABI_EXPORT_PRESENT"
"Rbvt+5Y2iEw","Rbvt+5Y2iEw#E#F","1","True","src\SharpEmu.Libs\Network\NetExports.cs","DIRECT_SYSABI_EXPORT_PRESENT"
"RbvteD35X-8","RbvteD35X-8#l#l","1","True","src\SharpEmu.Libs\Np\V50ExportsPart02.cs","DIRECT_SYSABI_EXPORT_PRESENT"
"RcqsPn2xXI4","RcqsPn2xXI4#l#l","1","False","","NO_DIRECT_EXPORT_NOT_PROVEN_MISSING"
"RdRtBInu8gw","RdRtBInu8gw#l#l","1","False","","NO_DIRECT_EXPORT_NOT_PROVEN_MISSING"
"ReOTBNjACr0","ReOTBNjACr0#l#l","1","True","src\SharpEmu.Libs\Np\V48ExportsPart03.cs","DIRECT_SYSABI_EXPORT_PRESENT"
"RenI1lL1WFk","RenI1lL1WFk#M#N","1","True","src\SharpEmu.Libs\Kernel\KernelSocketCompatExports.cs","DIRECT_SYSABI_EXPORT_PRESENT"
"Rfm9T4Fhns0","Rfm9T4Fhns0#l#l","1","True","src\SharpEmu.Libs\Np\V48ExportsPart09.cs","DIRECT_SYSABI_EXPORT_PRESENT"
"RgU+E9bx-1w","RgU+E9bx-1w#l#l","1","True","src\SharpEmu.Libs\Np\V47ExportsPart11.cs","DIRECT_SYSABI_EXPORT_PRESENT"
"RiA-QbWEAbo","RiA-QbWEAbo#l#l","1","False","","NO_DIRECT_EXPORT_NOT_PROVEN_MISSING"
"Rj1cdK6XqPY","Rj1cdK6XqPY#l#l","1","False","","NO_DIRECT_EXPORT_NOT_PROVEN_MISSING"
"RjMlsR8EXrw","RjMlsR8EXrw#S#T","1","True","src\SharpEmu.Libs\SaveData\SaveDataExports.cs","DIRECT_SYSABI_EXPORT_PRESENT"
"RjP6EdmFhuM","RjP6EdmFhuM#l#l","1","False","","NO_DIRECT_EXPORT_NOT_PROVEN_MISSING"
"Rlx+bykm0r0","Rlx+bykm0r0#B#C","1","False","","NO_DIRECT_EXPORT_NOT_PROVEN_MISSING"
"RmaJwLtc8rY","RmaJwLtc8rY#B#C","1","True","src\SharpEmu.Libs\Agc\AgcExports.cs","DIRECT_SYSABI_EXPORT_PRESENT"
"RolXukwAUco","RolXukwAUco#l#l","1","False","","NO_DIRECT_EXPORT_NOT_PROVEN_MISSING"
"Rqm2OnZMCz0","Rqm2OnZMCz0#F#G","1","True","src\SharpEmu.Libs\Network\NetCtlExports.cs","DIRECT_SYSABI_EXPORT_PRESENT"
"RqoJBNCaLyo","RqoJBNCaLyo#l#l","1","True","src\SharpEmu.Libs\Np\V50ExportsPart03.cs","DIRECT_SYSABI_EXPORT_PRESENT"
"Rr1p24Dyq+w","Rr1p24Dyq+w#l#l","1","False","","NO_DIRECT_EXPORT_NOT_PROVEN_MISSING"
"RujUxbr3haM","RujUxbr3haM#o#o","2","True","src\SharpEmu.Libs\Json\JsonExports.cs","DIRECT_SYSABI_EXPORT_PRESENT"
"RvH9AZ5rCkQ","RvH9AZ5rCkQ#l#l","1","True","src\SharpEmu.Libs\Np\V48ExportsPart08.cs","DIRECT_SYSABI_EXPORT_PRESENT"
"Rw4J-22tu1U","Rw4J-22tu1U#4#3","1","True","src\SharpEmu.Libs\LibcCompat\RuntimePosixRemainingExportsV54.cs","DIRECT_SYSABI_EXPORT_PRESENT"
"RzJr+LF13gI","RzJr+LF13gI#l#l","1","False","","NO_DIRECT_EXPORT_NOT_PROVEN_MISSING"
"S-Gdd1eIiKU","S-Gdd1eIiKU#l#l","1","False","","NO_DIRECT_EXPORT_NOT_PROVEN_MISSING"
"S-tuNnMKjfQ","S-tuNnMKjfQ#l#l","1","True","src\SharpEmu.Libs\Np\V50ExportsPart01.cs","DIRECT_SYSABI_EXPORT_PRESENT"
"S1GkePI17zQ","S1GkePI17zQ#S#T","1","True","src\SharpEmu.Libs\SaveData\SaveDataExports.cs","DIRECT_SYSABI_EXPORT_PRESENT"
"S3JxD633sV4","S3JxD633sV4#l#l","1","False","","NO_DIRECT_EXPORT_NOT_PROVEN_MISSING"
"S4txuoFSiu8","S4txuoFSiu8#l#l","1","True","src\SharpEmu.Libs\Np\V48ExportsPart06.cs","DIRECT_SYSABI_EXPORT_PRESENT"
"S5JxQnoGF3E","S5JxQnoGF3E#o#o","1","True","src\SharpEmu.Libs\Json\JsonExports.cs","DIRECT_SYSABI_EXPORT_PRESENT"
"S7QTn72PrDw","S7QTn72PrDw#Q#R","1","True","src\SharpEmu.Libs\Np\NpManagerExports.cs","DIRECT_SYSABI_EXPORT_PRESENT"
"S7r7-hGiFO8","S7r7-hGiFO8#l#l","1","False","","NO_DIRECT_EXPORT_NOT_PROVEN_MISSING"
"SAfhzJPcjuk","SAfhzJPcjuk#A#B","1","False","","NO_DIRECT_EXPORT_NOT_PROVEN_MISSING"
"SCSNVsQRpSw","SCSNVsQRpSw#l#l","1","False","","NO_DIRECT_EXPORT_NOT_PROVEN_MISSING"
"SCoAN5fYlUM","SCoAN5fYlUM#A#B","1","True","src\SharpEmu.Libs\Agc\AgcExports.cs","DIRECT_SYSABI_EXPORT_PRESENT"
"SF47kB2MNTo","SF47kB2MNTo#E#F","1","True","src\SharpEmu.Libs\Network\NetExports.cs","NO_DIRECT_EXPORT_NOT_PROVEN_MISSING"
"SHtAad20YYM","SHtAad20YYM#o#o","1","True","src\SharpEmu.Libs\Json\JsonExports.cs","DIRECT_SYSABI_EXPORT_PRESENT"
"SIe1ZmW7e7s","SIe1ZmW7e7s#o#o","1","True","src\SharpEmu.Libs\Json\JsonValueExports.cs","DIRECT_SYSABI_EXPORT_PRESENT"
"SJBKLQrHqFw","SJBKLQrHqFw#l#l","1","True","src\SharpEmu.Libs\Np\V47ExportsPart07.cs","DIRECT_SYSABI_EXPORT_PRESENT"
"SK2UF3FYqM4","SK2UF3FYqM4#l#l","1","True","src\SharpEmu.Libs\Np\V50ExportsPart01.cs","DIRECT_SYSABI_EXPORT_PRESENT"
"SNT3Zpc+RwQ","SNT3Zpc+RwQ#l#l","1","True","src\SharpEmu.Libs\Np\V50ExportsPart02.cs","DIRECT_SYSABI_EXPORT_PRESENT"
"SQMjAiGtsiI","SQMjAiGtsiI#l#l","1","True","src\SharpEmu.Libs\Np\V50ExportsPart04.cs","DIRECT_SYSABI_EXPORT_PRESENT"
"SR3BKonD8yk","SR3BKonD8yk#l#l","1","True","src\SharpEmu.Libs\Np\V47ExportsPart07.cs","DIRECT_SYSABI_EXPORT_PRESENT"
"SR76Quk0L9Y","SR76Quk0L9Y#l#l","1","False","","NO_DIRECT_EXPORT_NOT_PROVEN_MISSING"
"SRI6S9B+-a4","SRI6S9B+-a4#4#3","1","False","","NO_DIRECT_EXPORT_NOT_PROVEN_MISSING"
"STSh215IhuM","STSh215IhuM#l#l","1","False","","NO_DIRECT_EXPORT_NOT_PROVEN_MISSING"
"SUOUmSmPy5E","SUOUmSmPy5E#l#l","1","False","","NO_DIRECT_EXPORT_NOT_PROVEN_MISSING"
"SWVe+Akobhk","SWVe+Akobhk#l#l","1","False","","NO_DIRECT_EXPORT_NOT_PROVEN_MISSING"
"SY+ctdf-emY","SY+ctdf-emY#l#l","1","False","","NO_DIRECT_EXPORT_NOT_PROVEN_MISSING"
"Sa8gEQuXm1w","Sa8gEQuXm1w#l#l","1","True","src\SharpEmu.Libs\Np\V47ExportsPart03.cs","DIRECT_SYSABI_EXPORT_PRESENT"
"SaKib2Ug0yI","SaKib2Ug0yI#R#S","1","True","src\SharpEmu.Libs\AppContent\AppContentExports.cs","DIRECT_SYSABI_EXPORT_PRESENT"
"SbU3dwp80lQ","SbU3dwp80lQ#K#L","1","True","src\SharpEmu.Libs\VideoOut\VideoOutExports.cs","DIRECT_SYSABI_EXPORT_PRESENT"
"SdZ9dpNQ5lA","SdZ9dpNQ5lA#l#l","1","True","src\SharpEmu.Libs\Np\V46ExportsPart05.cs","DIRECT_SYSABI_EXPORT_PRESENT"
"SeeA1dRUym4","SeeA1dRUym4#l#l","1","False","","NO_DIRECT_EXPORT_NOT_PROVEN_MISSING"
"Shl1yWD1LfE","Shl1yWD1LfE#l#l","1","False","","NO_DIRECT_EXPORT_NOT_PROVEN_MISSING"
"Smy8175FjUE","Smy8175FjUE#l#l","1","True","src\SharpEmu.Libs\Np\V50ExportsPart03.cs","DIRECT_SYSABI_EXPORT_PRESENT"
"SpxLratrO1Q","SpxLratrO1Q#i#i","1","False","","NO_DIRECT_EXPORT_NOT_PROVEN_MISSING"
"SreZybSRWpU","SreZybSRWpU#4#3","1","False","","NO_DIRECT_EXPORT_NOT_PROVEN_MISSING"
"SsRbbCiWoGw","SsRbbCiWoGw#v#v","1","True","src\SharpEmu.Libs\Font\FontExports.cs","DIRECT_SYSABI_EXPORT_PRESENT"
"SuiY95xhNBc","SuiY95xhNBc#l#l","1","True","src\SharpEmu.Libs\Np\V47ExportsPart07.cs","DIRECT_SYSABI_EXPORT_PRESENT"
"Sv6Ikb2tojM","Sv6Ikb2tojM#l#l","1","True","src\SharpEmu.Libs\Np\NpCppWebApiV44Exports.cs","DIRECT_SYSABI_EXPORT_PRESENT"
"SyilEZ5n3wU","SyilEZ5n3wU#l#l","1","True","src\SharpEmu.Libs\Np\NpCppWebApiV44Exports.cs","DIRECT_SYSABI_EXPORT_PRESENT"
"T23YLQIlyFY","T23YLQIlyFY#l#l","1","False","","NO_DIRECT_EXPORT_NOT_PROVEN_MISSING"
"T64o-315wbg","T64o-315wbg#c#c","1","True","src\SharpEmu.Libs\Share\ShareExports.cs","IMPLEMENTED_V1_8_12"
"T6xuVw0KUJo","T6xuVw0KUJo#B#C","1","False","","NO_DIRECT_EXPORT_NOT_PROVEN_MISSING"
"T7EoauKK+cM","T7EoauKK+cM#l#l","1","True","src\SharpEmu.Libs\Np\NpCppWebApiV44Exports.cs","DIRECT_SYSABI_EXPORT_PRESENT"
"T7uyNqP7vQA","T7uyNqP7vQA#4#3","1","True","src\SharpEmu.Libs\LibcCompat\LibcMathCompilerRuntimeExports.cs","DIRECT_SYSABI_EXPORT_PRESENT"
"T8fER+tIGgk","T8fER+tIGgk#M#N","1","False","","NO_DIRECT_EXPORT_NOT_PROVEN_MISSING"
"T9OhZwk3U8o","T9OhZwk3U8o#l#l","1","True","src\SharpEmu.Libs\Np\V47ExportsPart07.cs","DIRECT_SYSABI_EXPORT_PRESENT"
"T9fjQIINoeE","T9fjQIINoeE#B#C","1","True","src\SharpEmu.Libs\Agc\AgcExports.cs","DIRECT_SYSABI_EXPORT_PRESENT"
"TDZC+Ww30ys","TDZC+Ww30ys#l#l","1","True","src\SharpEmu.Libs\Np\V50ExportsPart04.cs","DIRECT_SYSABI_EXPORT_PRESENT"
"TECRh7NmqIA","TECRh7NmqIA#l#l","1","False","","NO_DIRECT_EXPORT_NOT_PROVEN_MISSING"
"TFyU+KFBv54","TFyU+KFBv54#2#2","1","True","src\SharpEmu.Libs\Np\NpEntitlementAccessExports.cs","DIRECT_SYSABI_EXPORT_PRESENT"
"TGEZzUWLbrc","TGEZzUWLbrc#B#C","1","False","","NO_DIRECT_EXPORT_NOT_PROVEN_MISSING"
"THFniQXBq9E","THFniQXBq9E#l#l","1","False","","NO_DIRECT_EXPORT_NOT_PROVEN_MISSING"
"THP8MYBpfG4","THP8MYBpfG4#l#l","1","True","src\SharpEmu.Libs\Np\V46ExportsPart14.cs","DIRECT_SYSABI_EXPORT_PRESENT"
"TIdDZeVUTJ4","TIdDZeVUTJ4#l#l","1","False","","NO_DIRECT_EXPORT_NOT_PROVEN_MISSING"
"TJIV4zGjz8o","TJIV4zGjz8o#l#l","1","False","","NO_DIRECT_EXPORT_NOT_PROVEN_MISSING"
"TKD5e66jkBk","TKD5e66jkBk#l#l","1","False","","NO_DIRECT_EXPORT_NOT_PROVEN_MISSING"
"TKW+Hu5wGkA","TKW+Hu5wGkA#l#l","1","False","","NO_DIRECT_EXPORT_NOT_PROVEN_MISSING"
"TRO721eVt4g","TRO721eVt4g#B#C","1","True","src\SharpEmu.Libs\Agc\AgcExports.cs","DIRECT_SYSABI_EXPORT_PRESENT"
"TRnNxoUlj70","TRnNxoUlj70#l#l","1","False","","NO_DIRECT_EXPORT_NOT_PROVEN_MISSING"
"TSM6whtekok","TSM6whtekok#E#F","1","False","","NO_DIRECT_EXPORT_NOT_PROVEN_MISSING"
"TSoQhYKyq5g","TSoQhYKyq5g#l#l","1","True","src\SharpEmu.Libs\Np\V48ExportsPart02.cs","DIRECT_SYSABI_EXPORT_PRESENT"
"TU-d9PfIHPM","TU-d9PfIHPM#M#N","1","True","src\SharpEmu.Libs\Kernel\KernelSocketCompatExports.cs","DIRECT_SYSABI_EXPORT_PRESENT"
"TUuiYS2kE8s","TUuiYS2kE8s#M#N","1","False","","NO_DIRECT_EXPORT_NOT_PROVEN_MISSING"
"TVfeSMIkEqc","TVfeSMIkEqc#l#l","1","True","src\SharpEmu.Libs\Np\V46ExportsPart11.cs","DIRECT_SYSABI_EXPORT_PRESENT"
"TXFFFiNldU8","TXFFFiNldU8#M#N","1","False","","NO_DIRECT_EXPORT_NOT_PROVEN_MISSING"
"TgsJjQqp+2k","TgsJjQqp+2k#l#l","1","True","src\SharpEmu.Libs\Np\V46ExportsPart20.cs","DIRECT_SYSABI_EXPORT_PRESENT"
"TjAutbrkr60","TjAutbrkr60#m#m","1","False","","NO_DIRECT_EXPORT_NOT_PROVEN_MISSING"
"Tn3enK0KXAw","Tn3enK0KXAw#l#l","1","False","","NO_DIRECT_EXPORT_NOT_PROVEN_MISSING"
"TnC+MS5Fmtg","TnC+MS5Fmtg#l#l","1","False","","NO_DIRECT_EXPORT_NOT_PROVEN_MISSING"
"TnqhMyvzjHk","TnqhMyvzjHk#l#l","1","False","","NO_DIRECT_EXPORT_NOT_PROVEN_MISSING"
"Tp7ptaLjJBE","Tp7ptaLjJBE#l#l","1","True","src\SharpEmu.Libs\Np\V46ExportsPart15.cs","DIRECT_SYSABI_EXPORT_PRESENT"
"TrRrJp+BxS4","TrRrJp+BxS4#l#l","1","False","","NO_DIRECT_EXPORT_NOT_PROVEN_MISSING"
"TsakQBwWFE8","TsakQBwWFE8#l#l","1","False","","NO_DIRECT_EXPORT_NOT_PROVEN_MISSING"
"TvpCfaZLFBw","TvpCfaZLFBw#l#l","1","False","","NO_DIRECT_EXPORT_NOT_PROVEN_MISSING"
"TywrFKCoLGY","TywrFKCoLGY#S#T","1","True","src\SharpEmu.Libs\SaveData\SaveDataExports.cs","DIRECT_SYSABI_EXPORT_PRESENT"
"U-Mgu8Pn9y0","U-Mgu8Pn9y0#l#l","1","False","","NO_DIRECT_EXPORT_NOT_PROVEN_MISSING"
"U-NH73HXl1A","U-NH73HXl1A#l#l","1","True","src\SharpEmu.Libs\Np\V47ExportsPart13.cs","DIRECT_SYSABI_EXPORT_PRESENT"
"U0UZgsGu4gQ","U0UZgsGu4gQ#l#l","1","False","","NO_DIRECT_EXPORT_NOT_PROVEN_MISSING"
"U2aZV5ZkjyI","U2aZV5ZkjyI#l#l","1","False","","NO_DIRECT_EXPORT_NOT_PROVEN_MISSING"
"U3xnMqYSrnA","U3xnMqYSrnA#l#l","1","True","src\SharpEmu.Libs\Np\NpCppWebApiV44Exports.cs","DIRECT_SYSABI_EXPORT_PRESENT"
"U546k6orxQo","U546k6orxQo#G#H","1","True","src\SharpEmu.Libs\Ngs2\Ngs2Exports.cs","DIRECT_SYSABI_EXPORT_PRESENT"
"U5JdnyRtuWc","U5JdnyRtuWc#l#l","1","True","src\SharpEmu.Libs\Np\V46ExportsPart16.cs","DIRECT_SYSABI_EXPORT_PRESENT"
"U6PxwrRchl4","U6PxwrRchl4#5#4","1","False","","NO_DIRECT_EXPORT_NOT_PROVEN_MISSING"
"U6kDY4BL1L4","U6kDY4BL1L4#l#l","1","True","src\SharpEmu.Libs\Np\NpCppWebApiV44Exports.cs","DIRECT_SYSABI_EXPORT_PRESENT"
"U8IfNl6-Css","U8IfNl6-Css#i#i","1","True","src\SharpEmu.Libs\Voice\VoiceQoSExports.cs","DIRECT_SYSABI_EXPORT_PRESENT"
"U9QiJMy8SFA","U9QiJMy8SFA#l#l","1","False","","NO_DIRECT_EXPORT_NOT_PROVEN_MISSING"
"U9ueyEhSkF4","U9ueyEhSkF4#A#B","1","True","src\SharpEmu.Libs\Agc\AgcExports.cs","DIRECT_SYSABI_EXPORT_PRESENT"
"UGEyMKm8N3A","UGEyMKm8N3A#l#l","1","False","","NO_DIRECT_EXPORT_NOT_PROVEN_MISSING"
"UGittJii7dI","UGittJii7dI#l#l","1","False","","NO_DIRECT_EXPORT_NOT_PROVEN_MISSING"
"UHQxE3HhTXA","UHQxE3HhTXA#l#l","1","True","src\SharpEmu.Libs\Np\V46ExportsPart14.cs","DIRECT_SYSABI_EXPORT_PRESENT"
"UIPQfmmjdl0","UIPQfmmjdl0#l#l","1","True","src\SharpEmu.Libs\Np\V48ExportsPart07.cs","DIRECT_SYSABI_EXPORT_PRESENT"
"UJ+Z7Q+4ck0","UJ+Z7Q+4ck0#F#G","1","True","src\SharpEmu.Libs\Network\NetCtlExports.cs","DIRECT_SYSABI_EXPORT_PRESENT"
"UK2Tl2DWUns","UK2Tl2DWUns#3#N","1","True","src\SharpEmu.Libs\Kernel\KernelMemoryCompatExports.cs","DIRECT_SYSABI_EXPORT_PRESENT"
"UK3vHMLAEU4","UK3vHMLAEU4#l#l","1","False","","NO_DIRECT_EXPORT_NOT_PROVEN_MISSING"
"ULvXMDz56po","ULvXMDz56po#5#4","1","True","src\SharpEmu.Libs\Ampr\AmprExports.cs","DIRECT_SYSABI_EXPORT_PRESENT"
"UM5sJwwMUuI","UM5sJwwMUuI#l#l","1","False","","NO_DIRECT_EXPORT_NOT_PROVEN_MISSING"
"UPhP7g1EWsI","UPhP7g1EWsI#l#l","1","False","","NO_DIRECT_EXPORT_NOT_PROVEN_MISSING"
"UQGTw4xRlcM","UQGTw4xRlcM#B#C","1","False","","NO_DIRECT_EXPORT_NOT_PROVEN_MISSING"
"UQzg1PX27Q8","UQzg1PX27Q8#l#l","1","False","","NO_DIRECT_EXPORT_NOT_PROVEN_MISSING"
"URZOfbC4fzU","URZOfbC4fzU#l#l","1","False","","NO_DIRECT_EXPORT_NOT_PROVEN_MISSING"
"UReOIxlkMjo","UReOIxlkMjo#l#l","1","False","","NO_DIRECT_EXPORT_NOT_PROVEN_MISSING"
"USUuOd-dcYQ","USUuOd-dcYQ#l#l","1","True","src\SharpEmu.Libs\Np\NpCppWebApiV44Exports.cs","DIRECT_SYSABI_EXPORT_PRESENT"
"UTXzJbWhhTE","UTXzJbWhhTE#3#N","1","True","src\SharpEmu.Libs\Kernel\KernelPthreadExtendedCompatExports.cs","DIRECT_SYSABI_EXPORT_PRESENT"
"UVBkipSD2sw","UVBkipSD2sw#o#o","1","False","","NO_DIRECT_EXPORT_NOT_PROVEN_MISSING"
"UWAbPAGUbT4","UWAbPAGUbT4#l#l","1","True","src\SharpEmu.Libs\Np\V50ExportsPart02.cs","DIRECT_SYSABI_EXPORT_PRESENT"
"UWIQyDcz1hs","UWIQyDcz1hs#l#l","1","False","","NO_DIRECT_EXPORT_NOT_PROVEN_MISSING"
"UXZhDlHMhQo","UXZhDlHMhQo#l#l","1","False","","NO_DIRECT_EXPORT_NOT_PROVEN_MISSING"
"UYPxv8MIzGo","UYPxv8MIzGo#l#l","1","True","src\SharpEmu.Libs\Np\NpCppWebApiExports.cs","DIRECT_SYSABI_EXPORT_PRESENT"
"UZbQjYAwwXM","UZbQjYAwwXM#B#C","1","True","src\SharpEmu.Libs\Agc\AgcExports.cs","DIRECT_SYSABI_EXPORT_PRESENT"
"UaLjloJinow","UaLjloJinow#1#1","1","False","","NO_DIRECT_EXPORT_NOT_PROVEN_MISSING"
"UbQoYawOsfY","UbQoYawOsfY#h#h","1","True","src\SharpEmu.Libs\AvPlayer\AvPlayerExports.cs","DIRECT_SYSABI_EXPORT_PRESENT"
"Uc5eSnk3dvE","Uc5eSnk3dvE#l#l","1","True","src\SharpEmu.Libs\Np\NpCppWebApiV45Exports.cs","DIRECT_SYSABI_EXPORT_PRESENT"
"Uco1I0dlDi8","Uco1I0dlDi8#P#Q","1","True","src\SharpEmu.Libs\PlayGo\PlayGoExports.cs","DIRECT_SYSABI_EXPORT_PRESENT"
"UeuWT+yNdCQ","UeuWT+yNdCQ#o#o","1","True","src\SharpEmu.Libs\Json\JsonValueExports.cs","DIRECT_SYSABI_EXPORT_PRESENT"
"UfnL9ZaxWd4","UfnL9ZaxWd4#l#l","1","False","","NO_DIRECT_EXPORT_NOT_PROVEN_MISSING"
"UglJIZjGssM","UglJIZjGssM#A#B","1","True","src\SharpEmu.Libs\Agc\AgcExports.cs","DIRECT_SYSABI_EXPORT_PRESENT"
"Uk5LZyI6uuA","Uk5LZyI6uuA#l#l","1","True","src\SharpEmu.Libs\Np\V47ExportsPart03.cs","DIRECT_SYSABI_EXPORT_PRESENT"
"Up36PTk687E","Up36PTk687E#K#L","1","True","src\SharpEmu.Libs\VideoOut\VideoOutExports.cs","DIRECT_SYSABI_EXPORT_PRESENT"
"UsoNZ5gxEuo","UsoNZ5gxEuo#l#l","1","True","src\SharpEmu.Libs\Np\NpCppWebApiV44Exports.cs","DIRECT_SYSABI_EXPORT_PRESENT"
"UvcvKaFvupA","UvcvKaFvupA#t#t","1","False","","NO_DIRECT_EXPORT_NOT_PROVEN_MISSING"
"Uy+spyud5AY","Uy+spyud5AY#l#l","1","True","src\SharpEmu.Libs\Np\NpCppWebApiV45Exports.cs","DIRECT_SYSABI_EXPORT_PRESENT"
"UzT-6N3lHz8","UzT-6N3lHz8#l#l","1","True","src\SharpEmu.Libs\Np\V46ExportsPart15.cs","DIRECT_SYSABI_EXPORT_PRESENT"
"UzU2Exfq1M8","UzU2Exfq1M8#l#l","1","False","","NO_DIRECT_EXPORT_NOT_PROVEN_MISSING"
"V++UgBtQhn0","V++UgBtQhn0#B#C","1","True","src\SharpEmu.Libs\Agc\AgcExports.cs","DIRECT_SYSABI_EXPORT_PRESENT"
"V02oFv+-JzA","V02oFv+-JzA#4#3","1","True","src\SharpEmu.Libs\LibcCompat\RuntimePosixRemainingExportsV54.cs","DIRECT_SYSABI_EXPORT_PRESENT"
"V0mB3kD5rJ8","V0mB3kD5rJ8#l#l","1","True","src\SharpEmu.Libs\Np\V46ExportsPart20.cs","DIRECT_SYSABI_EXPORT_PRESENT"
"V0rY+DfuHcc","V0rY+DfuHcc#l#l","1","False","","NO_DIRECT_EXPORT_NOT_PROVEN_MISSING"
"V1jgl1b2Qog","V1jgl1b2Qog#l#l","1","False","","NO_DIRECT_EXPORT_NOT_PROVEN_MISSING"
"V27QHoEy6MY","V27QHoEy6MY#l#l","1","True","src\SharpEmu.Libs\Np\V46ExportsPart19.cs","DIRECT_SYSABI_EXPORT_PRESENT"
"V2NelZNoJwI","V2NelZNoJwI#l#l","1","False","","NO_DIRECT_EXPORT_NOT_PROVEN_MISSING"
"VB-BtuIW8Xc","VB-BtuIW8Xc#3#N","1","False","","NO_DIRECT_EXPORT_NOT_PROVEN_MISSING"
"VDv4UrXnxF4","VDv4UrXnxF4#l#l","1","True","src\SharpEmu.Libs\Np\V48ExportsPart06.cs","DIRECT_SYSABI_EXPORT_PRESENT"
"VEDMaQmJZng","VEDMaQmJZng#5#4","1","False","","NO_DIRECT_EXPORT_NOT_PROVEN_MISSING"
"VEGu4dixjUg","VEGu4dixjUg#B#C","1","True","src\SharpEmu.Libs\Agc\AgcExports.cs","DIRECT_SYSABI_EXPORT_PRESENT"
"VGkEj4d6-Kg","VGkEj4d6-Kg#5#4","1","False","","NO_DIRECT_EXPORT_NOT_PROVEN_MISSING"
"VKEtFC3W-TI","VKEtFC3W-TI#l#l","1","True","src\SharpEmu.Libs\Np\V47ExportsPart11.cs","DIRECT_SYSABI_EXPORT_PRESENT"
"VKaRucCPRyU","VKaRucCPRyU#l#l","1","True","src\SharpEmu.Libs\Np\V50ExportsPart01.cs","DIRECT_SYSABI_EXPORT_PRESENT"
"VOBg+iNwB-4","VOBg+iNwB-4#4#3","1","True","src\SharpEmu.Libs\LibcCompat\LibcRuntimeExpansionV46Exports.cs","DIRECT_SYSABI_EXPORT_PRESENT"
"VOMSpd9+vxU","VOMSpd9+vxU#A#B","1","False","","NO_DIRECT_EXPORT_NOT_PROVEN_MISSING"
"VPbJwTCgME0","VPbJwTCgME0#4#3","1","False","","NO_DIRECT_EXPORT_NOT_PROVEN_MISSING"
"VPfybmOmpzs","VPfybmOmpzs#l#l","1","True","src\SharpEmu.Libs\Np\V46ExportsPart16.cs","DIRECT_SYSABI_EXPORT_PRESENT"
"VTZ+4rVcoJM","VTZ+4rVcoJM#l#l","1","True","src\SharpEmu.Libs\Np\V46ExportsPart13.cs","DIRECT_SYSABI_EXPORT_PRESENT"
"VUo5W7QJXpE","VUo5W7QJXpE#l#l","1","True","src\SharpEmu.Libs\Np\V46ExportsPart06.cs","DIRECT_SYSABI_EXPORT_PRESENT"
"VVi2+kwIbCc","VVi2+kwIbCc#l#l","1","True","src\SharpEmu.Libs\Np\V46ExportsPart19.cs","DIRECT_SYSABI_EXPORT_PRESENT"
"VW+Fo-JVvOk","VW+Fo-JVvOk#l#l","1","False","","NO_DIRECT_EXPORT_NOT_PROVEN_MISSING"
"VXm5RXt+uJ0","VXm5RXt+uJ0#l#l","1","False","","NO_DIRECT_EXPORT_NOT_PROVEN_MISSING"
"Vas2eInFOZM","Vas2eInFOZM#l#l","1","True","src\SharpEmu.Libs\Np\V47ExportsPart05.cs","DIRECT_SYSABI_EXPORT_PRESENT"
"VbFjEs--uiA","VbFjEs--uiA#o#o","1","False","","NO_DIRECT_EXPORT_NOT_PROVEN_MISSING"
"VekcO4txY-Q","VekcO4txY-Q#l#l","1","False","","NO_DIRECT_EXPORT_NOT_PROVEN_MISSING"
"VgYczPGB5ss","VgYczPGB5ss#Q#R","1","False","","NO_DIRECT_EXPORT_NOT_PROVEN_MISSING"
"VhcO5ZV4APE","VhcO5ZV4APE#l#l","1","True","src\SharpEmu.Libs\Np\V48ExportsPart06.cs","DIRECT_SYSABI_EXPORT_PRESENT"
"Vhk3AIgeB5g","Vhk3AIgeB5g#l#l","1","False","","NO_DIRECT_EXPORT_NOT_PROVEN_MISSING"
"VjU9XzKj5H0","VjU9XzKj5H0#l#l","1","True","src\SharpEmu.Libs\Np\V47ExportsPart04.cs","DIRECT_SYSABI_EXPORT_PRESENT"
"Vk-9HMEErLw","Vk-9HMEErLw#l#l","1","False","","NO_DIRECT_EXPORT_NOT_PROVEN_MISSING"
"VkqLPArfFdc","VkqLPArfFdc#X#Y","1","False","","NO_DIRECT_EXPORT_NOT_PROVEN_MISSING"
"VkqilTtSq7U","VkqilTtSq7U#l#l","1","True","src\SharpEmu.Libs\Np\V50ExportsPart04.cs","DIRECT_SYSABI_EXPORT_PRESENT"
"VmW0Tdpy420","VmW0Tdpy420#B#C","1","True","src\SharpEmu.Libs\Agc\AgcExports.cs","DIRECT_SYSABI_EXPORT_PRESENT"
"Vn4-DjtH6XY","Vn4-DjtH6XY#l#l","1","False","","NO_DIRECT_EXPORT_NOT_PROVEN_MISSING"
"Vo5V8KAwCmk","Vo5V8KAwCmk#W#X","1","True","src\SharpEmu.Libs\SystemService\SystemServiceExports.cs","DIRECT_SYSABI_EXPORT_PRESENT"
"VsP3daJgmVA","VsP3daJgmVA#4#3","1","False","","NO_DIRECT_EXPORT_NOT_PROVEN_MISSING"
"VwtsvzMN7Jk","VwtsvzMN7Jk#l#l","1","True","src\SharpEmu.Libs\Np\V46ExportsPart06.cs","DIRECT_SYSABI_EXPORT_PRESENT"
"W+uipM8JBWk","W+uipM8JBWk#l#l","1","False","","NO_DIRECT_EXPORT_NOT_PROVEN_MISSING"
"W0Hpm2X0uPE","W0Hpm2X0uPE#3#N","1","True","src\SharpEmu.Libs\Kernel\KernelPthreadExtendedCompatExports.cs","DIRECT_SYSABI_EXPORT_PRESENT"
"W0WEyog0f74","W0WEyog0f74#B#C","1","False","","NO_DIRECT_EXPORT_NOT_PROVEN_MISSING"
"W12G2P+s074","W12G2P+s074#l#l","1","False","","NO_DIRECT_EXPORT_NOT_PROVEN_MISSING"
"W2G-yoyMF5U","W2G-yoyMF5U#D#E","1","True","src\SharpEmu.Libs\Pad\PadExports.cs","DIRECT_SYSABI_EXPORT_PRESENT"
"W5z4eZrjEas","W5z4eZrjEas#A#B","1","True","src\SharpEmu.Libs\Agc\AgcExports.cs","DIRECT_SYSABI_EXPORT_PRESENT"
"WAKEa6sKXJM","WAKEa6sKXJM#l#l","1","False","","NO_DIRECT_EXPORT_NOT_PROVEN_MISSING"
"WAzWTZm1H+I","WAzWTZm1H+I#S#T","1","True","src\SharpEmu.Libs\SaveData\SaveDataExports.cs","DIRECT_SYSABI_EXPORT_PRESENT"
"WCGKU7ZOFU4","WCGKU7ZOFU4#l#l","1","True","src\SharpEmu.Libs\Np\NpCppWebApiV45Exports.cs","DIRECT_SYSABI_EXPORT_PRESENT"
"WDjBY4VN+Pk","WDjBY4VN+Pk#l#l","1","True","src\SharpEmu.Libs\Np\V46ExportsPart14.cs","DIRECT_SYSABI_EXPORT_PRESENT"
"WDpobjImAb4","WDpobjImAb4#4#3","1","True","src\SharpEmu.Libs\LibcCompat\LibcMemoryStringExports.cs","DIRECT_SYSABI_EXPORT_PRESENT"
"WDszmSbWuDk","WDszmSbWuDk#3#N","1","True","src\SharpEmu.Libs\Kernel\KernelEventQueueCompatExports.cs","DIRECT_SYSABI_EXPORT_PRESENT"
"WEEilwQPEtQ","WEEilwQPEtQ#l#l","1","False","","NO_DIRECT_EXPORT_NOT_PROVEN_MISSING"
"WGKQ359T744","WGKQ359T744#l#l","1","True","src\SharpEmu.Libs\Np\V47ExportsPart02.cs","DIRECT_SYSABI_EXPORT_PRESENT"
"WHIOMbb+iIU","WHIOMbb+iIU#A#B","1","False","","NO_DIRECT_EXPORT_NOT_PROVEN_MISSING"
"WI0pT1qPXvI","WI0pT1qPXvI#l#l","1","True","src\SharpEmu.Libs\Np\V48ExportsPart02.cs","DIRECT_SYSABI_EXPORT_PRESENT"
"WJZ8vQtZvGs","WJZ8vQtZvGs#l#l","1","True","src\SharpEmu.Libs\Np\V47ExportsPart05.cs","DIRECT_SYSABI_EXPORT_PRESENT"
"WKAXJ4XBPQ4","WKAXJ4XBPQ4#3#N","1","True","src\SharpEmu.Libs\Kernel\KernelPthreadCompatExports.cs","DIRECT_SYSABI_EXPORT_PRESENT"
"WNK0UpGK8Ws","WNK0UpGK8Ws#l#l","1","False","","NO_DIRECT_EXPORT_NOT_PROVEN_MISSING"
"WPvvEKLEX2c","WPvvEKLEX2c#l#l","1","False","","NO_DIRECT_EXPORT_NOT_PROVEN_MISSING"
"WSOuge5IsCg","WSOuge5IsCg#o#o","1","True","src\SharpEmu.Libs\Json\JsonExports.cs","DIRECT_SYSABI_EXPORT_PRESENT"
"WT-5NKy42fw","WT-5NKy42fw#3#N","1","True","src\SharpEmu.Libs\Kernel\KernelMemoryCompatExports.cs","DIRECT_SYSABI_EXPORT_PRESENT"
"WTtYf+cNnXI","WTtYf+cNnXI#o#o","1","True","src\SharpEmu.Libs\Json\JsonValueExports.cs","DIRECT_SYSABI_EXPORT_PRESENT"
"WU4eHoqbTKg","WU4eHoqbTKg#l#l","1","False","","NO_DIRECT_EXPORT_NOT_PROVEN_MISSING"
"WV1GwM32NgY","WV1GwM32NgY#m#m","1","True","src\SharpEmu.Libs\Np\NpWebApi2Exports.cs","DIRECT_SYSABI_EXPORT_PRESENT"
"WWiGuh9XfgQ","WWiGuh9XfgQ#r#r","1","True","src\SharpEmu.Libs\CommonDialog\ErrorDialogExports.cs","DIRECT_SYSABI_EXPORT_PRESENT"
"WX0zzRD99Y4","WX0zzRD99Y4#l#l","1","False","","NO_DIRECT_EXPORT_NOT_PROVEN_MISSING"
"WXF2ihRF+B8","WXF2ihRF+B8#o#o","1","False","","NO_DIRECT_EXPORT_NOT_PROVEN_MISSING"
"WaSFJoRWXaI","WaSFJoRWXaI#v#v","1","True","src\SharpEmu.Libs\Font\FontExports.cs","DIRECT_SYSABI_EXPORT_PRESENT"
"We01BOPaiBk","We01BOPaiBk#l#l","1","False","","NO_DIRECT_EXPORT_NOT_PROVEN_MISSING"
"Wf8UPh4tq1g","Wf8UPh4tq1g#l#l","1","False","","NO_DIRECT_EXPORT_NOT_PROVEN_MISSING"
"WfAiBW8Wcek","WfAiBW8Wcek#I#J","1","False","","NO_DIRECT_EXPORT_NOT_PROVEN_MISSING"
"Wgw2LeWBk4A","Wgw2LeWBk4A#l#l","1","False","","NO_DIRECT_EXPORT_NOT_PROVEN_MISSING"
"Wh2-BPMYsmE","Wh2-BPMYsmE#l#l","1","False","","NO_DIRECT_EXPORT_NOT_PROVEN_MISSING"
"Wi7DtlLV+KI","Wi7DtlLV+KI#I#J","1","True","src\SharpEmu.Libs\Audio\AjmExports.cs","DIRECT_SYSABI_EXPORT_PRESENT"
"WiLSvVuUcpE","WiLSvVuUcpE#l#l","1","True","src\SharpEmu.Libs\Np\V50ExportsPart03.cs","DIRECT_SYSABI_EXPORT_PRESENT"
"WiLcZIhhlio","WiLcZIhhlio#l#l","1","True","src\SharpEmu.Libs\Np\V50ExportsPart02.cs","DIRECT_SYSABI_EXPORT_PRESENT"
"WkkeywLJcgU","WkkeywLJcgU#4#3","1","True","src\SharpEmu.Libs\Kernel\KernelMemoryCompatExports.cs","DIRECT_SYSABI_EXPORT_PRESENT"
"WlfyBqgFeQs","WlfyBqgFeQs#l#l","1","False","","NO_DIRECT_EXPORT_NOT_PROVEN_MISSING"
"WmAc2MEj6Io","WmAc2MEj6Io#B#C","1","True","src\SharpEmu.Libs\Agc\AgcExports.cs","DIRECT_SYSABI_EXPORT_PRESENT"
"WmWLkS27FxE","WmWLkS27FxE#l#l","1","True","src\SharpEmu.Libs\Np\V50ExportsPart01.cs","DIRECT_SYSABI_EXPORT_PRESENT"
"Wnp1OVcrZgk","Wnp1OVcrZgk#h#h","1","True","src\SharpEmu.Libs\AvPlayer\AvPlayerExports.cs","DIRECT_SYSABI_EXPORT_PRESENT"
"WrOLvHU0yQM","WrOLvHU0yQM#M#N","1","True","src\SharpEmu.Libs\Kernel\KernelPthreadExtendedCompatExports.cs","DIRECT_SYSABI_EXPORT_PRESENT"
"WrdP9Zxx3lQ","WrdP9Zxx3lQ#B#C","1","True","src\SharpEmu.Libs\Agc\AgcGraphicsSizingV55Exports.cs","DIRECT_SYSABI_EXPORT_PRESENT"
"WuQAWT8kYek","WuQAWT8kYek#l#l","1","True","src\SharpEmu.Libs\Np\V50ExportsPart04.cs","DIRECT_SYSABI_EXPORT_PRESENT"
"WvEu7yl3Ivg","WvEu7yl3Ivg#3#N","1","True","src\SharpEmu.Libs\Kernel\KernelAprCompatExports.cs","NO_DIRECT_EXPORT_NOT_PROVEN_MISSING"
"WvzIMvjCp0g","WvzIMvjCp0g#l#l","1","True","src\SharpEmu.Libs\Np\V50ExportsPart01.cs","DIRECT_SYSABI_EXPORT_PRESENT"
"Wwon-hr4q14","Wwon-hr4q14#l#l","1","True","src\SharpEmu.Libs\Np\NpCppWebApiV45Exports.cs","DIRECT_SYSABI_EXPORT_PRESENT"
"Wxbg5x3pTXA","Wxbg5x3pTXA#p#p","1","True","src\SharpEmu.Libs\Np\NpUniversalDataSystemExports.cs","DIRECT_SYSABI_EXPORT_PRESENT"
"Wz7FeYPE0UQ","Wz7FeYPE0UQ#l#l","1","False","","NO_DIRECT_EXPORT_NOT_PROVEN_MISSING"
"X-Nm5KLREeg","X-Nm5KLREeg#A#B","1","True","src\SharpEmu.Libs\Agc\AgcExports.cs","DIRECT_SYSABI_EXPORT_PRESENT"
"X169CE6G3Y4","X169CE6G3Y4#5#4","1","False","","NO_DIRECT_EXPORT_NOT_PROVEN_MISSING"
"X1JE3HkJST8","X1JE3HkJST8#l#l","1","False","","NO_DIRECT_EXPORT_NOT_PROVEN_MISSING"
"X2lVKLlddME","X2lVKLlddME#l#l","1","True","src\SharpEmu.Libs\Np\V46ExportsPart05.cs","DIRECT_SYSABI_EXPORT_PRESENT"
"X4MYzukPc3g","X4MYzukPc3g#S#T","1","False","","NO_DIRECT_EXPORT_NOT_PROVEN_MISSING"
"X7294x828J0","X7294x828J0#l#l","1","True","src\SharpEmu.Libs\Np\V47ExportsPart13.cs","DIRECT_SYSABI_EXPORT_PRESENT"
"X7ZMMq6Amf0","X7ZMMq6Amf0#l#l","1","True","src\SharpEmu.Libs\Np\V46ExportsPart15.cs","DIRECT_SYSABI_EXPORT_PRESENT"
"XC9wM+xULz8","XC9wM+xULz8#h#h","1","True","src\SharpEmu.Libs\AvPlayer\AvPlayerExports.cs","DIRECT_SYSABI_EXPORT_PRESENT"
"XCVIIKoUvBs","XCVIIKoUvBs#l#l","1","False","","NO_DIRECT_EXPORT_NOT_PROVEN_MISSING"
"XCtf+23QT0k","XCtf+23QT0k#l#l","1","True","src\SharpEmu.Libs\Np\NpCppWebApiV45Exports.cs","DIRECT_SYSABI_EXPORT_PRESENT"
"XDncXQIJUSk","XDncXQIJUSk#Q#R","1","True","src\SharpEmu.Libs\Np\NpManagerExports.cs","DIRECT_SYSABI_EXPORT_PRESENT"
"XFQNeE+EwJU","XFQNeE+EwJU#l#l","1","False","","NO_DIRECT_EXPORT_NOT_PROVEN_MISSING"
"XHnm54FAso4","XHnm54FAso4#l#l","1","True","src\SharpEmu.Libs\Np\V50ExportsPart03.cs","DIRECT_SYSABI_EXPORT_PRESENT"
"XJWSy+HoWws","XJWSy+HoWws#l#l","1","False","","NO_DIRECT_EXPORT_NOT_PROVEN_MISSING"
"XKKuA6VkSRc","XKKuA6VkSRc#B#C","1","False","","NO_DIRECT_EXPORT_NOT_PROVEN_MISSING"
"XKRegsFpEpk","XKRegsFpEpk#4#3","1","True","src\SharpEmu.Libs\Kernel\KernelExports.cs","DIRECT_SYSABI_EXPORT_PRESENT"
"XN+Iuu7XsM8","XN+Iuu7XsM8#B#C","1","False","","NO_DIRECT_EXPORT_NOT_PROVEN_MISSING"
"XN2v+nFqQLk","XN2v+nFqQLk#l#l","1","True","src\SharpEmu.Libs\Np\V46ExportsPart06.cs","DIRECT_SYSABI_EXPORT_PRESENT"
"XPkpjN985E0","XPkpjN985E0#l#l","1","False","","NO_DIRECT_EXPORT_NOT_PROVEN_MISSING"
"XPxNYsOPUkc","XPxNYsOPUkc#l#l","1","True","src\SharpEmu.Libs\Np\V46ExportsPart08.cs","DIRECT_SYSABI_EXPORT_PRESENT"
"XQ8C8y+de+E","XQ8C8y+de+E#3#N","1","False","","NO_DIRECT_EXPORT_NOT_PROVEN_MISSING"
"XUeWyaje50Q","XUeWyaje50Q#l#l","1","False","","NO_DIRECT_EXPORT_NOT_PROVEN_MISSING"
"XV8vv-Gfbbs","XV8vv-Gfbbs#l#l","1","True","src\SharpEmu.Libs\Np\V47ExportsPart04.cs","DIRECT_SYSABI_EXPORT_PRESENT"
"XVL8So3QJUk","XVL8So3QJUk#M#N","1","True","src\SharpEmu.Libs\Kernel\KernelSocketCompatExports.cs","DIRECT_SYSABI_EXPORT_PRESENT"
"XY14n3jNIpE","XY14n3jNIpE#p#p","1","False","","NO_DIRECT_EXPORT_NOT_PROVEN_MISSING"
"Xb+6t+80cjc","Xb+6t+80cjc#l#l","1","True","src\SharpEmu.Libs\Np\V50ExportsPart01.cs","DIRECT_SYSABI_EXPORT_PRESENT"
"Xbl-LYVFNEE","Xbl-LYVFNEE#o#o","1","False","","NO_DIRECT_EXPORT_NOT_PROVEN_MISSING"
"Xc-SooizcFA","Xc-SooizcFA#l#l","1","True","src\SharpEmu.Libs\Np\NpCppWebApiV44Exports.cs","DIRECT_SYSABI_EXPORT_PRESENT"
"Xd6iEm8Qc84","Xd6iEm8Qc84#l#l","1","True","src\SharpEmu.Libs\Np\V50ExportsPart01.cs","DIRECT_SYSABI_EXPORT_PRESENT"
"Xd9wjes-HxU","Xd9wjes-HxU#l#l","1","False","","NO_DIRECT_EXPORT_NOT_PROVEN_MISSING"
"XdbxA93DS90","XdbxA93DS90#l#l","1","True","src\SharpEmu.Libs\Np\V50ExportsPart03.cs","DIRECT_SYSABI_EXPORT_PRESENT"
"XfjRijeQEDo","XfjRijeQEDo#l#l","1","False","","NO_DIRECT_EXPORT_NOT_PROVEN_MISSING"
"XgGAt7u+y3I","XgGAt7u+y3I#l#l","1","True","src\SharpEmu.Libs\Np\NpCppWebApiV45Exports.cs","DIRECT_SYSABI_EXPORT_PRESENT"
"Xh5o-FMSmeU","Xh5o-FMSmeU#l#l","1","True","src\SharpEmu.Libs\Np\NpCppWebApiV44Exports.cs","DIRECT_SYSABI_EXPORT_PRESENT"
"Xjm04fAF6Kw","Xjm04fAF6Kw#l#l","1","True","src\SharpEmu.Libs\Np\V46ExportsPart15.cs","DIRECT_SYSABI_EXPORT_PRESENT"
"XkdGinZ2HtA","XkdGinZ2HtA#l#l","1","False","","NO_DIRECT_EXPORT_NOT_PROVEN_MISSING"
"XlWbvieLj2M","XlWbvieLj2M#o#o","1","True","src\SharpEmu.Libs\Json\JsonExports.cs","DIRECT_SYSABI_EXPORT_PRESENT"
"XmGN9B+MniY","XmGN9B+MniY#l#l","1","False","","NO_DIRECT_EXPORT_NOT_PROVEN_MISSING"
"Xp85BP3+BBI","Xp85BP3+BBI#5#4","1","False","","NO_DIRECT_EXPORT_NOT_PROVEN_MISSING"
"Xq-kDNoE6tQ","Xq-kDNoE6tQ#l#l","1","False","","NO_DIRECT_EXPORT_NOT_PROVEN_MISSING"
"Xq5WmbwPTnQ","Xq5WmbwPTnQ#A#B","1","False","","NO_DIRECT_EXPORT_NOT_PROVEN_MISSING"
"Xs9hdiD7sAA","Xs9hdiD7sAA#M#N","1","True","src\SharpEmu.Libs\Kernel\KernelPthreadExtendedCompatExports.cs","DIRECT_SYSABI_EXPORT_PRESENT"
"XtFyTKi22Sc","XtFyTKi22Sc#l#l","1","True","src\SharpEmu.Libs\Np\NpCppWebApiV44Exports.cs","DIRECT_SYSABI_EXPORT_PRESENT"
"XuVY56j7GM0","XuVY56j7GM0#l#l","1","False","","NO_DIRECT_EXPORT_NOT_PROVEN_MISSING"
"Xx974EW-QFY","Xx974EW-QFY#w#w","1","True","src\SharpEmu.Libs\Font\FontExports.cs","DIRECT_SYSABI_EXPORT_PRESENT"
"XypLQD+W1HM","XypLQD+W1HM#l#l","1","True","src\SharpEmu.Libs\Np\V46ExportsPart15.cs","DIRECT_SYSABI_EXPORT_PRESENT"
"Xzo2Nq9GflA","Xzo2Nq9GflA#l#l","1","True","src\SharpEmu.Libs\Np\V46ExportsPart17.cs","DIRECT_SYSABI_EXPORT_PRESENT"
"Y+u-l+LxGIs","Y+u-l+LxGIs#l#l","1","False","","NO_DIRECT_EXPORT_NOT_PROVEN_MISSING"
"Y-5vneiBtzk","Y-5vneiBtzk#B#C","1","False","","NO_DIRECT_EXPORT_NOT_PROVEN_MISSING"
"Y-YDvEIUIf4","Y-YDvEIUIf4#l#l","1","False","","NO_DIRECT_EXPORT_NOT_PROVEN_MISSING"
"Y0LQ0UrxiEs","Y0LQ0UrxiEs#l#l","1","True","src\SharpEmu.Libs\Np\NpCppWebApiV44Exports.cs","DIRECT_SYSABI_EXPORT_PRESENT"
"Y295ygEccqk","Y295ygEccqk#l#l","1","True","src\SharpEmu.Libs\Np\V50ExportsPart02.cs","DIRECT_SYSABI_EXPORT_PRESENT"
"Y2AJknsUg1g","Y2AJknsUg1g#l#l","1","True","src\SharpEmu.Libs\Np\V46ExportsPart18.cs","DIRECT_SYSABI_EXPORT_PRESENT"
"Y2MJ-3r8EUg","Y2MJ-3r8EUg#l#l","1","True","src\SharpEmu.Libs\Np\NpCppWebApiV44Exports.cs","DIRECT_SYSABI_EXPORT_PRESENT"
"Y2onZmaIziI","Y2onZmaIziI#l#l","1","False","","NO_DIRECT_EXPORT_NOT_PROVEN_MISSING"
"Y3CFlALyKU8","Y3CFlALyKU8#l#l","1","True","src\SharpEmu.Libs\Np\V50ExportsPart03.cs","DIRECT_SYSABI_EXPORT_PRESENT"
"Y3ymLfZ1384","Y3ymLfZ1384#B#C","1","False","","NO_DIRECT_EXPORT_NOT_PROVEN_MISSING"
"Y4p7dZLQgDQ","Y4p7dZLQgDQ#l#l","1","True","src\SharpEmu.Libs\Np\V50ExportsPart03.cs","DIRECT_SYSABI_EXPORT_PRESENT"
"Y7U1yt1DVFY","Y7U1yt1DVFY#l#l","1","False","","NO_DIRECT_EXPORT_NOT_PROVEN_MISSING"
"Y7aJ1uydPMo","Y7aJ1uydPMo#4#3","1","True","src\SharpEmu.Libs\Kernel\KernelMemoryCompatExports.cs","DIRECT_SYSABI_EXPORT_PRESENT"
"YBdB17og2MY","YBdB17og2MY#l#l","1","True","src\SharpEmu.Libs\Np\V46ExportsPart15.cs","DIRECT_SYSABI_EXPORT_PRESENT"
"YBiIdcDPrxs","YBiIdcDPrxs#c#c","1","True","src\SharpEmu.Libs\Stubs\GameServiceStubs.cs","DIRECT_SYSABI_EXPORT_PRESENT"
"YDpM-vQ8XDI","YDpM-vQ8XDI#l#l","1","True","src\SharpEmu.Libs\Np\V50ExportsPart03.cs","DIRECT_SYSABI_EXPORT_PRESENT"
"YE4dbtbz6OE","YE4dbtbz6OE#p#p","1","True","src\SharpEmu.Libs\Np\NpUniversalDataSystemExports.cs","NO_DIRECT_EXPORT_NOT_PROVEN_MISSING"
"YJtKLttI9fM","YJtKLttI9fM#t#t","1","True","src\SharpEmu.Libs\GameUpdate\GameUpdateExports.cs","DIRECT_SYSABI_EXPORT_PRESENT"
"YL67CqoAxos","YL67CqoAxos#l#l","1","True","src\SharpEmu.Libs\Np\V50ExportsPart02.cs","DIRECT_SYSABI_EXPORT_PRESENT"
"YPxkUDhgoNI","YPxkUDhgoNI#5#4","1","False","","NO_DIRECT_EXPORT_NOT_PROVEN_MISSING"
"YQ0navp+YIc","YQ0navp+YIc#4#3","1","False","","NO_DIRECT_EXPORT_NOT_PROVEN_MISSING"
"YQ2krT9FYEI","YQ2krT9FYEI#l#l","1","False","","NO_DIRECT_EXPORT_NOT_PROVEN_MISSING"
"YRdnLdRUBbY","YRdnLdRUBbY#l#l","1","False","","NO_DIRECT_EXPORT_NOT_PROVEN_MISSING"
"YS045R-CDdU","YS045R-CDdU#l#l","1","True","src\SharpEmu.Libs\Np\V50ExportsPart02.cs","DIRECT_SYSABI_EXPORT_PRESENT"
"YUeqkyT7mEQ","YUeqkyT7mEQ#B#C","1","True","src\SharpEmu.Libs\Agc\AgcExports.cs","DIRECT_SYSABI_EXPORT_PRESENT"
"YVJh-zBxjtw","YVJh-zBxjtw#l#l","1","False","","NO_DIRECT_EXPORT_NOT_PROVEN_MISSING"
"YWTKOju587o","YWTKOju587o#B#C","1","False","","NO_DIRECT_EXPORT_NOT_PROVEN_MISSING"
"YXcNoxF0DcA","YXcNoxF0DcA#l#l","1","False","","NO_DIRECT_EXPORT_NOT_PROVEN_MISSING"
"YZ-6im6M-qw","YZ-6im6M-qw#l#l","1","False","","NO_DIRECT_EXPORT_NOT_PROVEN_MISSING"
"YZlVMCFs-Dw","YZlVMCFs-Dw#l#l","1","True","src\SharpEmu.Libs\Np\V50ExportsPart03.cs","DIRECT_SYSABI_EXPORT_PRESENT"
"YaHc3GS7y7g","YaHc3GS7y7g#4#3","1","False","","NO_DIRECT_EXPORT_NOT_PROVEN_MISSING"
"Yc96yUZp-sU","Yc96yUZp-sU#l#l","1","True","src\SharpEmu.Libs\Np\V47ExportsPart04.cs","DIRECT_SYSABI_EXPORT_PRESENT"
"YdOv0ED76ik","YdOv0ED76ik#l#l","1","True","src\SharpEmu.Libs\Np\V48ExportsPart07.cs","DIRECT_SYSABI_EXPORT_PRESENT"
"YiBUtz-pGkc","YiBUtz-pGkc#j#j","1","True","src\SharpEmu.Libs\Network\Http2Exports.cs","DIRECT_SYSABI_EXPORT_PRESENT"
"YndgXqQVV7c","YndgXqQVV7c#D#E","1","True","src\SharpEmu.Libs\Pad\PadExports.cs","DIRECT_SYSABI_EXPORT_PRESENT"
"YsJoje1pipY","YsJoje1pipY#l#l","1","True","src\SharpEmu.Libs\Np\V47ExportsPart03.cs","DIRECT_SYSABI_EXPORT_PRESENT"
"YuH2FA7azqQ","YuH2FA7azqQ#T#U","1","True","src\SharpEmu.Libs\SaveData\SaveDataDialogExports.cs","DIRECT_SYSABI_EXPORT_PRESENT"
"Yw0jKSqop+E","Yw0jKSqop+E#B#C","1","True","src\SharpEmu.Libs\Agc\AgcExports.cs","DIRECT_SYSABI_EXPORT_PRESENT"
"Yy4ovlWcXkw","Yy4ovlWcXkw#l#l","1","False","","NO_DIRECT_EXPORT_NOT_PROVEN_MISSING"
"Yy6rsbLELYw","Yy6rsbLELYw#l#l","1","False","","NO_DIRECT_EXPORT_NOT_PROVEN_MISSING"
"Z+9VHJoCmX0","Z+9VHJoCmX0#l#l","1","True","src\SharpEmu.Libs\Np\V48ExportsPart04.cs","DIRECT_SYSABI_EXPORT_PRESENT"
"Z+Vy+A8-Opw","Z+Vy+A8-Opw#l#l","1","False","","NO_DIRECT_EXPORT_NOT_PROVEN_MISSING"
"Z+zAL-Z6eQk","Z+zAL-Z6eQk#l#l","1","True","src\SharpEmu.Libs\Np\V46ExportsPart15.cs","DIRECT_SYSABI_EXPORT_PRESENT"
"Z-IQIsCmGnQ","Z-IQIsCmGnQ#l#l","1","True","src\SharpEmu.Libs\Np\V46ExportsPart13.cs","DIRECT_SYSABI_EXPORT_PRESENT"
"Z4nTIsAp+QM","Z4nTIsAp+QM#l#l","1","True","src\SharpEmu.Libs\Np\V46ExportsPart20.cs","DIRECT_SYSABI_EXPORT_PRESENT"
"Z4wwCFiBELQ","Z4wwCFiBELQ#F#G","1","True","src\SharpEmu.Libs\Network\NetCtlExports.cs","DIRECT_SYSABI_EXPORT_PRESENT"
"Z9Q9LzQDXf0","Z9Q9LzQDXf0#n#n","1","True","src\SharpEmu.Libs\Np\NpSessionSignalingExports.cs","NO_DIRECT_EXPORT_NOT_PROVEN_MISSING"
"ZAnCRHLGXyI","ZAnCRHLGXyI#l#l","2","False","","NO_DIRECT_EXPORT_NOT_PROVEN_MISSING"
"ZBgCNsO6GDc","ZBgCNsO6GDc#l#l","1","False","","NO_DIRECT_EXPORT_NOT_PROVEN_MISSING"
"ZBkm0cyqmsU","ZBkm0cyqmsU#l#l","1","False","","NO_DIRECT_EXPORT_NOT_PROVEN_MISSING"
"ZC17w3vB5Lo","ZC17w3vB5Lo#h#h","1","True","src\SharpEmu.Libs\AvPlayer\AvPlayerExports.cs","DIRECT_SYSABI_EXPORT_PRESENT"
"ZCaq-0g5qJQ","ZCaq-0g5qJQ#l#l","1","True","src\SharpEmu.Libs\Np\NpCppWebApiV44Exports.cs","DIRECT_SYSABI_EXPORT_PRESENT"
"ZDwprZa5o10","ZDwprZa5o10#l#l","1","True","src\SharpEmu.Libs\Np\V48ExportsPart09.cs","DIRECT_SYSABI_EXPORT_PRESENT"
"ZE6RNL+eLbk","ZE6RNL+eLbk#4#3","1","True","src\SharpEmu.Libs\LibcCompat\LibcMathCompilerRuntimeExports.cs","DIRECT_SYSABI_EXPORT_PRESENT"
"ZFDZoN9IbVU","ZFDZoN9IbVU#5#4","1","True","src\SharpEmu.Libs\Ampr\AmprExports.cs","DIRECT_SYSABI_EXPORT_PRESENT"
"ZJCgt+aPHAU","ZJCgt+aPHAU#5#4","1","True","src\SharpEmu.Libs\Ampr\AmprExports.cs","DIRECT_SYSABI_EXPORT_PRESENT"
"ZL5Znq6YsMY","ZL5Znq6YsMY#l#l","1","True","src\SharpEmu.Libs\Np\V48ExportsPart07.cs","DIRECT_SYSABI_EXPORT_PRESENT"
"ZLJk9r2+2Aw","ZLJk9r2+2Aw#A#B","1","True","src\SharpEmu.Libs\Agc\AgcExports.cs","DIRECT_SYSABI_EXPORT_PRESENT"
"ZN-glpk0Rug","ZN-glpk0Rug#l#l","1","True","src\SharpEmu.Libs\Np\V47ExportsPart02.cs","DIRECT_SYSABI_EXPORT_PRESENT"
"ZP4e7rlzOUk","ZP4e7rlzOUk#S#T","1","True","src\SharpEmu.Libs\SaveData\SaveDataExports.cs","DIRECT_SYSABI_EXPORT_PRESENT"
"ZPD1YOKI+Kw","ZPD1YOKI+Kw#C#D","1","True","src\SharpEmu.Libs\Rtc\RtcExports.cs","DIRECT_SYSABI_EXPORT_PRESENT"
"ZQzXwokCnUE","ZQzXwokCnUE#l#l","1","False","","NO_DIRECT_EXPORT_NOT_PROVEN_MISSING"
"ZSi7Ar-PFnk","ZSi7Ar-PFnk#l#l","1","True","src\SharpEmu.Libs\Np\V46ExportsPart17.cs","DIRECT_SYSABI_EXPORT_PRESENT"
"ZUn0ZQBDyVQ","ZUn0ZQBDyVQ#l#l","1","True","src\SharpEmu.Libs\Np\V46ExportsPart20.cs","DIRECT_SYSABI_EXPORT_PRESENT"
"ZVoxbZlKv7M","ZVoxbZlKv7M#l#l","1","True","src\SharpEmu.Libs\Np\V47ExportsPart15.cs","DIRECT_SYSABI_EXPORT_PRESENT"
"ZVw46bsasAk","ZVw46bsasAk#E#F","1","True","src\SharpEmu.Libs\Network\NetExports.cs","NO_DIRECT_EXPORT_NOT_PROVEN_MISSING"
"ZYTehDq4VkA","ZYTehDq4VkA#l#l","1","True","src\SharpEmu.Libs\Np\V46ExportsPart20.cs","DIRECT_SYSABI_EXPORT_PRESENT"
"ZZpDSZob2Bs","ZZpDSZob2Bs#l#l","1","False","","NO_DIRECT_EXPORT_NOT_PROVEN_MISSING"
"ZZyQC5ZdhCc","ZZyQC5ZdhCc#l#l","1","True","src\SharpEmu.Libs\Np\V50ExportsPart02.cs","DIRECT_SYSABI_EXPORT_PRESENT"
"ZdVlyQI3f-c","ZdVlyQI3f-c#l#l","1","True","src\SharpEmu.Libs\Np\NpCppWebApiV45Exports.cs","DIRECT_SYSABI_EXPORT_PRESENT"
"Zi8G4d9xcDg","Zi8G4d9xcDg#l#l","1","True","src\SharpEmu.Libs\Np\V50ExportsPart03.cs","DIRECT_SYSABI_EXPORT_PRESENT"
"ZiJqTZVDuPM","ZiJqTZVDuPM#l#l","1","True","src\SharpEmu.Libs\Np\V47ExportsPart08.cs","DIRECT_SYSABI_EXPORT_PRESENT"
"Zj-yNSTs8bE","Zj-yNSTs8bE#l#l","1","False","","NO_DIRECT_EXPORT_NOT_PROVEN_MISSING"
"Zkxpy0zdodA","Zkxpy0zdodA#l#l","1","False","","NO_DIRECT_EXPORT_NOT_PROVEN_MISSING"
"ZlCkpiN0Zdg","ZlCkpiN0Zdg#l#l","1","False","","NO_DIRECT_EXPORT_NOT_PROVEN_MISSING"
"ZmBHJxoLzQQ","ZmBHJxoLzQQ#l#l","1","False","","NO_DIRECT_EXPORT_NOT_PROVEN_MISSING"
"Zpt2xfyeRMU","Zpt2xfyeRMU#l#l","1","False","","NO_DIRECT_EXPORT_NOT_PROVEN_MISSING"
"ZtjspkJQ+vw","ZtjspkJQ+vw#4#3","1","False","","NO_DIRECT_EXPORT_NOT_PROVEN_MISSING"
"ZuRinzzVx1M","ZuRinzzVx1M#l#l","1","False","","NO_DIRECT_EXPORT_NOT_PROVEN_MISSING"
"ZvwO9euwYzc","ZvwO9euwYzc#B#C","1","True","src\SharpEmu.Libs\Agc\AgcExports.cs","DIRECT_SYSABI_EXPORT_PRESENT"
"Zw7uUVPulbw","Zw7uUVPulbw#A#B","1","False","","NO_DIRECT_EXPORT_NOT_PROVEN_MISSING"
"ZwjmbSr4Cxc","ZwjmbSr4Cxc#l#l","1","True","src\SharpEmu.Libs\Np\V50ExportsPart04.cs","DIRECT_SYSABI_EXPORT_PRESENT"
"Zxa0VhQVTsk","Zxa0VhQVTsk#3#N","1","True","src\SharpEmu.Libs\Kernel\KernelSemaphoreCompatExports.cs","DIRECT_SYSABI_EXPORT_PRESENT"
"a+W7HHlwpBs","a+W7HHlwpBs#o#o","1","False","","NO_DIRECT_EXPORT_NOT_PROVEN_MISSING"
"a-DLKQIJzr4","a-DLKQIJzr4#l#l","1","True","src\SharpEmu.Libs\Np\V47ExportsPart13.cs","DIRECT_SYSABI_EXPORT_PRESENT"
"a-aMMUXqrN0","a-aMMUXqrN0#o#o","1","False","","NO_DIRECT_EXPORT_NOT_PROVEN_MISSING"
"a473OMzUcj8","a473OMzUcj8#l#l","1","False","","NO_DIRECT_EXPORT_NOT_PROVEN_MISSING"
"a4nA96ohus4","a4nA96ohus4#l#l","1","True","src\SharpEmu.Libs\Np\NpCppWebApiV44Exports.cs","DIRECT_SYSABI_EXPORT_PRESENT"
"a4q15LI1a4E","a4q15LI1a4E#l#l","1","True","src\SharpEmu.Libs\Np\NpCppWebApiV45Exports.cs","DIRECT_SYSABI_EXPORT_PRESENT"
"a5N7lAG0y2Q","a5N7lAG0y2Q#R#S","1","False","","NO_DIRECT_EXPORT_NOT_PROVEN_MISSING"
"a7sI39vUIu0","a7sI39vUIu0#l#l","1","True","src\SharpEmu.Libs\Np\V48ExportsPart07.cs","DIRECT_SYSABI_EXPORT_PRESENT"
"a8uLzYY--tM","a8uLzYY--tM#5#4","1","True","src\SharpEmu.Libs\Ampr\AmprExports.cs","DIRECT_SYSABI_EXPORT_PRESENT"
"aAhEBX7gDUE","aAhEBX7gDUE#l#l","1","True","src\SharpEmu.Libs\Np\V47ExportsPart02.cs","DIRECT_SYSABI_EXPORT_PRESENT"
"aBtTShgeIHc","aBtTShgeIHc#l#l","1","False","","NO_DIRECT_EXPORT_NOT_PROVEN_MISSING"
"aBuX0PX-T7I","aBuX0PX-T7I#n#n","1","True","src\SharpEmu.Libs\Np\NpSessionSignalingExports.cs","NO_DIRECT_EXPORT_NOT_PROVEN_MISSING"
"aCYPMSUIaP8","aCYPMSUIaP8#O#P","1","False","","NO_DIRECT_EXPORT_NOT_PROVEN_MISSING"
"aEdk8vxoGZg","aEdk8vxoGZg#l#l","1","True","src\SharpEmu.Libs\Np\V46ExportsPart06.cs","DIRECT_SYSABI_EXPORT_PRESENT"
"aHP5OyUPuvM","aHP5OyUPuvM#l#l","1","False","","NO_DIRECT_EXPORT_NOT_PROVEN_MISSING"
"aI+OeCz8xrQ","aI+OeCz8xrQ#3#N","1","True","src\SharpEmu.Libs\Kernel\KernelPthreadCompatExports.cs","DIRECT_SYSABI_EXPORT_PRESENT"
"aJJy9D41U-4","aJJy9D41U-4#l#l","1","False","","NO_DIRECT_EXPORT_NOT_PROVEN_MISSING"
"aJf+j5yntiU","aJf+j5yntiU#B#C","1","True","src\SharpEmu.Libs\Agc\AgcExports.cs","DIRECT_SYSABI_EXPORT_PRESENT"
"aLtk6y5ryVQ","aLtk6y5ryVQ#l#l","1","True","src\SharpEmu.Libs\Np\V48ExportsPart03.cs","DIRECT_SYSABI_EXPORT_PRESENT"
"aMu9uihcJ3w","aMu9uihcJ3w#l#l","1","True","src\SharpEmu.Libs\Np\V47ExportsPart03.cs","DIRECT_SYSABI_EXPORT_PRESENT"
"aMurPhX5fKQ","aMurPhX5fKQ#l#l","1","True","src\SharpEmu.Libs\Np\V48ExportsPart06.cs","DIRECT_SYSABI_EXPORT_PRESENT"
"aP1Ki9G3++4","aP1Ki9G3++4#B#C","1","True","src\SharpEmu.Libs\Agc\AgcExports.cs","DIRECT_SYSABI_EXPORT_PRESENT"
"aRjr2VRv2tM","aRjr2VRv2tM#l#l","1","True","src\SharpEmu.Libs\Np\V48ExportsPart04.cs","DIRECT_SYSABI_EXPORT_PRESENT"
"aS66RI0gGgo","aS66RI0gGgo#h#h","1","True","src\SharpEmu.Libs\AvPlayer\AvPlayerExports.cs","DIRECT_SYSABI_EXPORT_PRESENT"
"aT65o37SqqE","aT65o37SqqE#l#l","1","True","src\SharpEmu.Libs\Np\V50ExportsPart03.cs","DIRECT_SYSABI_EXPORT_PRESENT"
"aWLNTDtVUxY","aWLNTDtVUxY#l#l","1","True","src\SharpEmu.Libs\Np\V47ExportsPart05.cs","DIRECT_SYSABI_EXPORT_PRESENT"
"aZK8lNei-Qw","aZK8lNei-Qw#4#3","1","True","src\SharpEmu.Libs\LibcStdioExports.cs","DIRECT_SYSABI_EXPORT_PRESENT"
"aaDMGGkXFxo","aaDMGGkXFxo#4#3","1","True","src\SharpEmu.Libs\LibcCompat\LibcMemoryStringExports.cs","DIRECT_SYSABI_EXPORT_PRESENT"
"adkIhIybMOU","adkIhIybMOU#l#l","2","False","","NO_DIRECT_EXPORT_NOT_PROVEN_MISSING"
"aesyjrHVWy4","aesyjrHVWy4#4#3","1","True","src\SharpEmu.Libs\Kernel\KernelMemoryCompatExports.cs","DIRECT_SYSABI_EXPORT_PRESENT"
"aezUahhkO0A","aezUahhkO0A#l#l","1","True","src\SharpEmu.Libs\Np\NpCppWebApiV44Exports.cs","DIRECT_SYSABI_EXPORT_PRESENT"
"aixppP6tkFs","aixppP6tkFs#l#l","1","True","src\SharpEmu.Libs\Np\V46ExportsPart15.cs","DIRECT_SYSABI_EXPORT_PRESENT"
"ajRmfIsy4KI","ajRmfIsy4KI#l#l","1","True","src\SharpEmu.Libs\Np\V46ExportsPart17.cs","DIRECT_SYSABI_EXPORT_PRESENT"
"am3KQF95AEY","am3KQF95AEY#l#l","1","True","src\SharpEmu.Libs\Np\V46ExportsPart14.cs","DIRECT_SYSABI_EXPORT_PRESENT"
"anOM+-Ryi+o","anOM+-Ryi+o#l#l","1","True","src\SharpEmu.Libs\Np\V46ExportsPart11.cs","DIRECT_SYSABI_EXPORT_PRESENT"
"as7GCfRIzhQ","as7GCfRIzhQ#l#l","1","False","","NO_DIRECT_EXPORT_NOT_PROVEN_MISSING"
"atu1X5r1lok","atu1X5r1lok#l#l","1","False","","NO_DIRECT_EXPORT_NOT_PROVEN_MISSING"
"auWuyA-JeSQ","auWuyA-JeSQ#l#l","1","True","src\SharpEmu.Libs\Np\V46ExportsPart15.cs","DIRECT_SYSABI_EXPORT_PRESENT"
"av8Z++94rs0","av8Z++94rs0#h#h","1","False","","NO_DIRECT_EXPORT_NOT_PROVEN_MISSING"
"avBV-pprLUo","avBV-pprLUo#l#l","1","True","src\SharpEmu.Libs\Np\V46ExportsPart15.cs","DIRECT_SYSABI_EXPORT_PRESENT"
"avf5qyoos0c","avf5qyoos0c#l#l","1","False","","NO_DIRECT_EXPORT_NOT_PROVEN_MISSING"
"avsgLCaJz0w","avsgLCaJz0w#l#l","1","True","src\SharpEmu.Libs\Np\V48ExportsPart04.cs","DIRECT_SYSABI_EXPORT_PRESENT"
"awTPhlC4368","awTPhlC4368#l#l","1","True","src\SharpEmu.Libs\Np\V47ExportsPart07.cs","DIRECT_SYSABI_EXPORT_PRESENT"
"b+uAV89IlxE","b+uAV89IlxE#H#I","1","True","src\SharpEmu.Libs\Audio\AudioOutExports.cs","DIRECT_SYSABI_EXPORT_PRESENT"
"b+v7BB12y5I","b+v7BB12y5I#l#l","1","True","src\SharpEmu.Libs\Np\V46ExportsPart16.cs","DIRECT_SYSABI_EXPORT_PRESENT"
"b-FP2Br9oeE","b-FP2Br9oeE#l#l","1","True","src\SharpEmu.Libs\Np\V50ExportsPart03.cs","DIRECT_SYSABI_EXPORT_PRESENT"
"b-oySn+G2tE","b-oySn+G2tE#B#C","1","True","src\SharpEmu.Libs\Agc\AgcExports.cs","DIRECT_SYSABI_EXPORT_PRESENT"
"b06Hh0DPEaE","b06Hh0DPEaE#a#a","1","True","src\SharpEmu.Libs\CommonDialog\MsgDialogExports.cs","DIRECT_SYSABI_EXPORT_PRESENT"
"b4bvSzAJv+o","b4bvSzAJv+o#l#l","1","False","","NO_DIRECT_EXPORT_NOT_PROVEN_MISSING"
"b50TWwRmzu8","b50TWwRmzu8#5#4","1","False","","NO_DIRECT_EXPORT_NOT_PROVEN_MISSING"
"b5FjZYVE1n8","b5FjZYVE1n8#l#l","1","True","src\SharpEmu.Libs\Np\V47ExportsPart02.cs","DIRECT_SYSABI_EXPORT_PRESENT"
"b5u0Jzm8TF8","b5u0Jzm8TF8#B#C","1","False","","NO_DIRECT_EXPORT_NOT_PROVEN_MISSING"
"b7leY-LNVnI","b7leY-LNVnI#l#l","1","True","src\SharpEmu.Libs\Np\V48ExportsPart03.cs","DIRECT_SYSABI_EXPORT_PRESENT"
"b9V6fmppLXY","b9V6fmppLXY#o#o","1","True","src\SharpEmu.Libs\Json\JsonValueExports.cs","DIRECT_SYSABI_EXPORT_PRESENT"
"bBfz7kMF2Ho","bBfz7kMF2Ho#3#N","1","True","src\SharpEmu.Libs\Kernel\KernelEventQueueCompatExports.cs","DIRECT_SYSABI_EXPORT_PRESENT"
"bCCKHTeKetw","bCCKHTeKetw#l#l","1","True","src\SharpEmu.Libs\Np\NpCppWebApiV44Exports.cs","DIRECT_SYSABI_EXPORT_PRESENT"
"bDEVVP4bTjQ","bDEVVP4bTjQ#C#D","1","True","src\SharpEmu.Libs\Rtc\RtcExports.cs","DIRECT_SYSABI_EXPORT_PRESENT"
"bErx49PgxyY","bErx49PgxyY#E#F","1","True","src\SharpEmu.Libs\Network\NetExports.cs","DIRECT_SYSABI_EXPORT_PRESENT"
"bEvXpcEk200","bEvXpcEk200#m#m","1","True","src\SharpEmu.Libs\Np\NpWebApi2Exports.cs","DIRECT_SYSABI_EXPORT_PRESENT"
"bEwJsewIngA","bEwJsewIngA#l#l","1","False","","NO_DIRECT_EXPORT_NOT_PROVEN_MISSING"
"bFEs0Gs6D2A","bFEs0Gs6D2A#5#4","1","False","","NO_DIRECT_EXPORT_NOT_PROVEN_MISSING"
"bFVvlb12HRo","bFVvlb12HRo#l#l","1","False","","NO_DIRECT_EXPORT_NOT_PROVEN_MISSING"
"bIDov3wBu5Q","bIDov3wBu5Q#q#q","1","True","src\SharpEmu.Libs\Np\NpTrophy2Exports.cs","DIRECT_SYSABI_EXPORT_PRESENT"
"bKzqp+Lj3YQ","bKzqp+Lj3YQ#l#l","1","True","src\SharpEmu.Libs\Np\V50ExportsPart03.cs","DIRECT_SYSABI_EXPORT_PRESENT"
"bLiiGezq8wo","bLiiGezq8wo#l#l","1","False","","NO_DIRECT_EXPORT_NOT_PROVEN_MISSING"
"bPNJIPCmGqI","bPNJIPCmGqI#l#l","1","True","src\SharpEmu.Libs\Np\V46ExportsPart14.cs","DIRECT_SYSABI_EXPORT_PRESENT"
"bPQ7r7kww0c","bPQ7r7kww0c#l#l","1","True","src\SharpEmu.Libs\Np\V48ExportsPart08.cs","DIRECT_SYSABI_EXPORT_PRESENT"
"bRujIheWlB0","bRujIheWlB0#4#3","1","False","","NO_DIRECT_EXPORT_NOT_PROVEN_MISSING"
"bTKeeOGemO8","bTKeeOGemO8#l#l","1","True","src\SharpEmu.Libs\Np\V46ExportsPart15.cs","DIRECT_SYSABI_EXPORT_PRESENT"
"bTZjr816ME4","bTZjr816ME4#l#l","1","False","","NO_DIRECT_EXPORT_NOT_PROVEN_MISSING"
"bTaEyd6uzzE","bTaEyd6uzzE#l#l","1","False","","NO_DIRECT_EXPORT_NOT_PROVEN_MISSING"
"bY-PO6JhzhQ","bY-PO6JhzhQ#M#N","1","True","src\SharpEmu.Libs\Kernel\KernelMemoryCompatExports.cs","DIRECT_SYSABI_EXPORT_PRESENT"
"bZGh0ikos7A","bZGh0ikos7A#l#l","1","False","","NO_DIRECT_EXPORT_NOT_PROVEN_MISSING"
"baD+O944dgk","baD+O944dgk#l#l","1","False","","NO_DIRECT_EXPORT_NOT_PROVEN_MISSING"
"baQO9ez2gL4","baQO9ez2gL4#5#4","1","True","src\SharpEmu.Libs\Ampr\AmprExports.cs","DIRECT_SYSABI_EXPORT_PRESENT"
"bbFueFP+J4k","bbFueFP+J4k#B#C","1","True","src\SharpEmu.Libs\Agc\AgcExports.cs","DIRECT_SYSABI_EXPORT_PRESENT"
"bcCyjHN5sn0","bcCyjHN5sn0#t#t","1","False","","NO_DIRECT_EXPORT_NOT_PROVEN_MISSING"
"bcH5EnFE2xY","bcH5EnFE2xY#o#o","1","False","","NO_DIRECT_EXPORT_NOT_PROVEN_MISSING"
"beRjXBn-z+o","beRjXBn-z+o#E#F","1","False","","NO_DIRECT_EXPORT_NOT_PROVEN_MISSING"
"biWNVs-42is","biWNVs-42is#l#l","1","True","src\SharpEmu.Libs\Np\V50ExportsPart01.cs","DIRECT_SYSABI_EXPORT_PRESENT"
"boO7DKyXql4","boO7DKyXql4#l#l","1","False","","NO_DIRECT_EXPORT_NOT_PROVEN_MISSING"
"bobGynGpRjk","bobGynGpRjk#l#l","1","False","","NO_DIRECT_EXPORT_NOT_PROVEN_MISSING"
"bpXMsrvbIho","bpXMsrvbIho#l#l","1","True","src\SharpEmu.Libs\Np\V50ExportsPart03.cs","DIRECT_SYSABI_EXPORT_PRESENT"
"br2jlJMs1lQ","br2jlJMs1lQ#l#l","1","True","src\SharpEmu.Libs\Np\V46ExportsPart14.cs","DIRECT_SYSABI_EXPORT_PRESENT"
"bt3CTBKmGyI","bt3CTBKmGyI#3#N","1","True","src\SharpEmu.Libs\Kernel\KernelPthreadExtendedCompatExports.cs","DIRECT_SYSABI_EXPORT_PRESENT"
"bt3LHR9xjK4","bt3LHR9xjK4#5#4","1","False","","NO_DIRECT_EXPORT_NOT_PROVEN_MISSING"
"buTAjf8FCb4","buTAjf8FCb4#l#l","1","True","src\SharpEmu.Libs\Np\NpCppWebApiV44Exports.cs","DIRECT_SYSABI_EXPORT_PRESENT"
"buYbeLOGWmA","buYbeLOGWmA#R#S","1","True","src\SharpEmu.Libs\AppContent\AppContentExports.cs","DIRECT_SYSABI_EXPORT_PRESENT"
"bvfjdByaA6Q","bvfjdByaA6Q#l#l","1","True","src\SharpEmu.Libs\Np\V48ExportsPart09.cs","DIRECT_SYSABI_EXPORT_PRESENT"
"bwFjS+bX9mA","bwFjS+bX9mA#L#M","1","False","","NO_DIRECT_EXPORT_NOT_PROVEN_MISSING"
"bxGoVxpdSPQ","bxGoVxpdSPQ#B#C","1","False","","NO_DIRECT_EXPORT_NOT_PROVEN_MISSING"
"byV+FWlAnB4","byV+FWlAnB4#4#3","16","False","","NO_DIRECT_EXPORT_NOT_PROVEN_MISSING"
"bzQExy189ZI","bzQExy189ZI#4#3","1","True","src\SharpEmu.Libs\Kernel\KernelExports.cs","DIRECT_SYSABI_EXPORT_PRESENT"
"c+ixZemlxM0","c+ixZemlxM0#l#l","1","False","","NO_DIRECT_EXPORT_NOT_PROVEN_MISSING"
"c-lHWCnJjrM","c-lHWCnJjrM#l#l","1","False","","NO_DIRECT_EXPORT_NOT_PROVEN_MISSING"
"c3J9K9XbQqE","c3J9K9XbQqE#l#l","1","True","src\SharpEmu.Libs\Np\V47ExportsPart17.cs","DIRECT_SYSABI_EXPORT_PRESENT"
"c3rtINcNDaw","c3rtINcNDaw#l#l","1","False","","NO_DIRECT_EXPORT_NOT_PROVEN_MISSING"
"c5D63Y35GjI","c5D63Y35GjI#5#4","1","False","","NO_DIRECT_EXPORT_NOT_PROVEN_MISSING"
"c88Yy54Mx0w","c88Yy54Mx0w#S#T","1","True","src\SharpEmu.Libs\SaveData\SaveDataExports.cs","DIRECT_SYSABI_EXPORT_PRESENT"
"c8D9qIjo8EY","c8D9qIjo8EY#j#j","1","False","","NO_DIRECT_EXPORT_NOT_PROVEN_MISSING"
"c9Wbcte973w","c9Wbcte973w#l#l","1","True","src\SharpEmu.Libs\Np\V46ExportsPart17.cs","DIRECT_SYSABI_EXPORT_PRESENT"
"cAnT0Rw-IwU","cAnT0Rw-IwU#d#d","1","True","src\SharpEmu.Libs\Pad\MouseExports.cs","DIRECT_SYSABI_EXPORT_PRESENT"
"cEyJk+5DR7g","cEyJk+5DR7g#l#l","1","False","","NO_DIRECT_EXPORT_NOT_PROVEN_MISSING"
"cF7F0VceNVY","cF7F0VceNVY#l#l","1","True","src\SharpEmu.Libs\Np\V46ExportsPart18.cs","DIRECT_SYSABI_EXPORT_PRESENT"
"cFazmnXpJOE","cFazmnXpJOE#B#C","1","True","src\SharpEmu.Libs\Agc\AgcExports.cs","DIRECT_SYSABI_EXPORT_PRESENT"
"cG1VE2HMl6c","cG1VE2HMl6c#o#o","1","True","src\SharpEmu.Libs\Json\JsonValueExports.cs","DIRECT_SYSABI_EXPORT_PRESENT"
"cK6bYHf-Q5E","cK6bYHf-Q5E#o#o","1","True","src\SharpEmu.Libs\Json\JsonExports.cs","DIRECT_SYSABI_EXPORT_PRESENT"
"cKYtVmeSTcw","cKYtVmeSTcw#v#v","1","True","src\SharpEmu.Libs\Font\FontExports.cs","DIRECT_SYSABI_EXPORT_PRESENT"
"cMtWfMUFIY8","cMtWfMUFIY8#l#l","1","False","","NO_DIRECT_EXPORT_NOT_PROVEN_MISSING"
"cPcej3xetd0","cPcej3xetd0#l#l","1","True","src\SharpEmu.Libs\Np\V48ExportsPart06.cs","DIRECT_SYSABI_EXPORT_PRESENT"
"cQb8Zr8Q0Y0","cQb8Zr8Q0Y0#5#4","1","False","","NO_DIRECT_EXPORT_NOT_PROVEN_MISSING"
"cQkBH-pXhF0","cQkBH-pXhF0#n#n","1","True","src\SharpEmu.Libs\Np\NpSessionSignalingExports.cs","NO_DIRECT_EXPORT_NOT_PROVEN_MISSING"
"cSE8b+8lToM","cSE8b+8lToM#l#l","1","True","src\SharpEmu.Libs\Np\V46ExportsPart18.cs","DIRECT_SYSABI_EXPORT_PRESENT"
"cSLbQUQO2Ns","cSLbQUQO2Ns#l#l","1","False","","NO_DIRECT_EXPORT_NOT_PROVEN_MISSING"
"cTLUQmCfWNQ","cTLUQmCfWNQ#l#l","1","True","src\SharpEmu.Libs\Np\V50ExportsPart02.cs","DIRECT_SYSABI_EXPORT_PRESENT"
"cVSUblwHP90","cVSUblwHP90#l#l","1","False","","NO_DIRECT_EXPORT_NOT_PROVEN_MISSING"
"ca4KPvp0qLQ","ca4KPvp0qLQ#B#C","1","True","src\SharpEmu.Libs\Agc\AgcGraphicsSizingV55Exports.cs","DIRECT_SYSABI_EXPORT_PRESENT"
"cdDRpqcFGbU","cdDRpqcFGbU#B#C","1","True","src\SharpEmu.Libs\Agc\AgcExports.cs","DIRECT_SYSABI_EXPORT_PRESENT"
"chJWZcNSzjk","chJWZcNSzjk#A#B","1","False","","NO_DIRECT_EXPORT_NOT_PROVEN_MISSING"
"ci7j9YWIWNo","ci7j9YWIWNo#l#l","1","False","","NO_DIRECT_EXPORT_NOT_PROVEN_MISSING"
"ckpI53I9ZWw","ckpI53I9ZWw#l#l","1","True","src\SharpEmu.Libs\Np\V48ExportsPart04.cs","DIRECT_SYSABI_EXPORT_PRESENT"
"cmVpl3RY18M","cmVpl3RY18M#l#l","1","True","src\SharpEmu.Libs\Np\NpCppWebApiV44Exports.cs","DIRECT_SYSABI_EXPORT_PRESENT"
"cmo1RIYva9o","cmo1RIYva9o#3#N","1","True","src\SharpEmu.Libs\Kernel\KernelPthreadCompatExports.cs","DIRECT_SYSABI_EXPORT_PRESENT"
"cokIsGCANB0","cokIsGCANB0#l#l","1","True","src\SharpEmu.Libs\Np\V50ExportsPart01.cs","DIRECT_SYSABI_EXPORT_PRESENT"
"cp82JRS8smw","cp82JRS8smw#l#l","1","False","","NO_DIRECT_EXPORT_NOT_PROVEN_MISSING"
"cpCILPya5Zk","cpCILPya5Zk#B#C","1","True","src\SharpEmu.Libs\Agc\AgcExports.cs","DIRECT_SYSABI_EXPORT_PRESENT"
"cpCOXWMgha0","cpCOXWMgha0#4#3","1","False","","NO_DIRECT_EXPORT_NOT_PROVEN_MISSING"
"cqOxjL0ZfFA","cqOxjL0ZfFA#l#l","1","True","src\SharpEmu.Libs\Np\V47ExportsPart02.cs","DIRECT_SYSABI_EXPORT_PRESENT"
"crZ66tvCbo8","crZ66tvCbo8#l#l","1","False","","NO_DIRECT_EXPORT_NOT_PROVEN_MISSING"
"ctghP7Sf6+c","ctghP7Sf6+c#l#l","1","False","","NO_DIRECT_EXPORT_NOT_PROVEN_MISSING"
"cwj+Px7cp0g","cwj+Px7cp0g#l#l","1","True","src\SharpEmu.Libs\Np\V47ExportsPart13.cs","DIRECT_SYSABI_EXPORT_PRESENT"
"cxPZ4Wgvdj8","cxPZ4Wgvdj8#B#C","1","True","src\SharpEmu.Libs\Agc\AgcGraphicsSizingV55Exports.cs","DIRECT_SYSABI_EXPORT_PRESENT"
"cxh9Tu8zj+0","cxh9Tu8zj+0#l#l","1","False","","NO_DIRECT_EXPORT_NOT_PROVEN_MISSING"
"cy2kWghrw-I","cy2kWghrw-I#l#l","1","False","","NO_DIRECT_EXPORT_NOT_PROVEN_MISSING"
"cyWEjTH6na8","cyWEjTH6na8#l#l","1","False","","NO_DIRECT_EXPORT_NOT_PROVEN_MISSING"
"d-6uF9sZDIU","d-6uF9sZDIU#B#C","1","True","src\SharpEmu.Libs\Agc\AgcExports.cs","DIRECT_SYSABI_EXPORT_PRESENT"
"d0Dclzb-DnI","d0Dclzb-DnI#l#l","1","False","","NO_DIRECT_EXPORT_NOT_PROVEN_MISSING"
"d1eEjWR60wk","d1eEjWR60wk#l#l","1","False","","NO_DIRECT_EXPORT_NOT_PROVEN_MISSING"
"d2JuGu+UcU8","d2JuGu+UcU8#l#l","1","True","src\SharpEmu.Libs\Np\V46ExportsPart11.cs","DIRECT_SYSABI_EXPORT_PRESENT"
"d3BbxfGmStE","d3BbxfGmStE#l#l","1","True","src\SharpEmu.Libs\Np\V50ExportsPart01.cs","DIRECT_SYSABI_EXPORT_PRESENT"
"d3DH-QgjgR8","d3DH-QgjgR8#l#l","1","False","","NO_DIRECT_EXPORT_NOT_PROVEN_MISSING"
"d3dMyWORw8A","d3dMyWORw8A#4#3","1","False","","NO_DIRECT_EXPORT_NOT_PROVEN_MISSING"
"d3lKWPM6odc","d3lKWPM6odc#5#4","1","False","","NO_DIRECT_EXPORT_NOT_PROVEN_MISSING"
"d4NZIlguzv0","d4NZIlguzv0#B#C","1","False","","NO_DIRECT_EXPORT_NOT_PROVEN_MISSING"
"d8FcbzfAdQw","d8FcbzfAdQw#h#h","1","True","src\SharpEmu.Libs\AvPlayer\AvPlayerExports.cs","DIRECT_SYSABI_EXPORT_PRESENT"
"d8P11CI40KE","d8P11CI40KE#q#q","1","True","src\SharpEmu.Libs\Np\NpTrophy2Exports.cs","DIRECT_SYSABI_EXPORT_PRESENT"
"d9N3khVxERQ","d9N3khVxERQ#l#l","1","True","src\SharpEmu.Libs\Np\V48ExportsPart04.cs","DIRECT_SYSABI_EXPORT_PRESENT"
"dA0BfgUC88k","dA0BfgUC88k#l#l","1","True","src\SharpEmu.Libs\Np\V48ExportsPart07.cs","DIRECT_SYSABI_EXPORT_PRESENT"
"dAGTHaOuY20","dAGTHaOuY20#l#l","1","False","","NO_DIRECT_EXPORT_NOT_PROVEN_MISSING"
"dASQMnaMR1E","dASQMnaMR1E#l#l","1","True","src\SharpEmu.Libs\Np\V50ExportsPart03.cs","DIRECT_SYSABI_EXPORT_PRESENT"
"dE2PoJBF6Bg","dE2PoJBF6Bg#l#l","1","True","src\SharpEmu.Libs\Np\V46ExportsPart14.cs","DIRECT_SYSABI_EXPORT_PRESENT"
"dEdd7MSM2Mc","dEdd7MSM2Mc#l#l","1","True","src\SharpEmu.Libs\Np\V50ExportsPart02.cs","DIRECT_SYSABI_EXPORT_PRESENT"
"dFCphqnd+a4","dFCphqnd+a4#o#o","1","False","","NO_DIRECT_EXPORT_NOT_PROVEN_MISSING"
"dIFd5OXQYtU","dIFd5OXQYtU#l#l","1","False","","NO_DIRECT_EXPORT_NOT_PROVEN_MISSING"
"dKUBHYQlhMw","dKUBHYQlhMw#l#l","1","False","","NO_DIRECT_EXPORT_NOT_PROVEN_MISSING"
"dKadqZFgKKQ","dKadqZFgKKQ#X#Y","1","True","src\SharpEmu.Libs\Ime\ImeExports.cs","DIRECT_SYSABI_EXPORT_PRESENT"
"dQFPWRSreYc","dQFPWRSreYc#l#l","1","False","","NO_DIRECT_EXPORT_NOT_PROVEN_MISSING"
"dQHWEsJtoE4","dQHWEsJtoE4#M#N","1","True","src\SharpEmu.Libs\Kernel\KernelPthreadCompatExports.cs","DIRECT_SYSABI_EXPORT_PRESENT"
"dVCh5JiPsSY","dVCh5JiPsSY#l#l","1","False","","NO_DIRECT_EXPORT_NOT_PROVEN_MISSING"
"dWSZKX9yF6E","dWSZKX9yF6E#l#l","1","False","","NO_DIRECT_EXPORT_NOT_PROVEN_MISSING"
"dXPaz65HNmk","dXPaz65HNmk#5#4","1","False","","NO_DIRECT_EXPORT_NOT_PROVEN_MISSING"
"dXm043aEyEs","dXm043aEyEs#l#l","1","False","","NO_DIRECT_EXPORT_NOT_PROVEN_MISSING"
"dY6vQe8+YfA","dY6vQe8+YfA#l#l","1","True","src\SharpEmu.Libs\Np\NpCppWebApiV44Exports.cs","DIRECT_SYSABI_EXPORT_PRESENT"
"dYh6MqCHi0w","dYh6MqCHi0w#l#l","1","True","src\SharpEmu.Libs\Np\V50ExportsPart03.cs","DIRECT_SYSABI_EXPORT_PRESENT"
"da1Sm8-QDoU","da1Sm8-QDoU#B#C","1","False","","NO_DIRECT_EXPORT_NOT_PROVEN_MISSING"
"deJgtP9hduc","deJgtP9hduc#l#l","1","True","src\SharpEmu.Libs\Np\V50ExportsPart03.cs","DIRECT_SYSABI_EXPORT_PRESENT"
"dgJBaeJnGpo","dgJBaeJnGpo#E#F","1","True","src\SharpEmu.Libs\Network\NetExports.cs","DIRECT_SYSABI_EXPORT_PRESENT"
"dhK16CKwhQg","dhK16CKwhQg#4#3","1","True","src\SharpEmu.Libs\LibcCompat\RuntimePosixRemainingExportsV54.cs","DIRECT_SYSABI_EXPORT_PRESENT"
"djbNspswbKc","djbNspswbKc#l#l","1","True","src\SharpEmu.Libs\Np\V48ExportsPart04.cs","DIRECT_SYSABI_EXPORT_PRESENT"
"dl+4eHSzUu4","dl+4eHSzUu4#I#J","1","True","src\SharpEmu.Libs\Ajm\AjmExports.cs","DIRECT_SYSABI_EXPORT_PRESENT"
"dmZRH6zRZjI","dmZRH6zRZjI#l#l","1","True","src\SharpEmu.Libs\Np\V50ExportsPart02.cs","DIRECT_SYSABI_EXPORT_PRESENT"
"dnaeGXbjP6E","dnaeGXbjP6E#4#3","1","True","src\SharpEmu.Libs\LibcCompat\LibcMathCompilerRuntimeExports.cs","DIRECT_SYSABI_EXPORT_PRESENT"
"dolOmWH+huQ","dolOmWH+huQ#B#C","1","True","src\SharpEmu.Libs\Agc\AgcExports.cs","DIRECT_SYSABI_EXPORT_PRESENT"
"dpPikaYGTPg","dpPikaYGTPg#l#l","1","False","","NO_DIRECT_EXPORT_NOT_PROVEN_MISSING"
"dqGIvYiZAso","dqGIvYiZAso#l#l","1","True","src\SharpEmu.Libs\Np\V48ExportsPart08.cs","DIRECT_SYSABI_EXPORT_PRESENT"
"drjIbDbA7UQ","drjIbDbA7UQ#E#F","1","False","","NO_DIRECT_EXPORT_NOT_PROVEN_MISSING"
"dsqCVsNM0Zg","dsqCVsNM0Zg#b#b","1","False","","NO_DIRECT_EXPORT_NOT_PROVEN_MISSING"
"dtNkfThj-uk","dtNkfThj-uk#l#l","1","False","","NO_DIRECT_EXPORT_NOT_PROVEN_MISSING"
"dv8KUvfjc8c","dv8KUvfjc8c#l#l","1","False","","NO_DIRECT_EXPORT_NOT_PROVEN_MISSING"
"dyIhnXq-0SM","dyIhnXq-0SM#S#T","1","True","src\SharpEmu.Libs\SaveData\SaveDataExports.cs","DIRECT_SYSABI_EXPORT_PRESENT"
"e0n+XvGVWjY","e0n+XvGVWjY#l#l","1","False","","NO_DIRECT_EXPORT_NOT_PROVEN_MISSING"
"e0oVUnvqg38","e0oVUnvqg38#l#l","1","False","","NO_DIRECT_EXPORT_NOT_PROVEN_MISSING"
"e1DFTg+Sd8U","e1DFTg+Sd8U#B#C","1","True","src\SharpEmu.Libs\Agc\AgcExports.cs","DIRECT_SYSABI_EXPORT_PRESENT"
"eARplY-I3B8","eARplY-I3B8#l#l","1","True","src\SharpEmu.Libs\Np\V48ExportsPart05.cs","DIRECT_SYSABI_EXPORT_PRESENT"
"eAg1RVhw5wA","eAg1RVhw5wA#l#l","1","True","src\SharpEmu.Libs\Np\V50ExportsPart03.cs","DIRECT_SYSABI_EXPORT_PRESENT"
"eAy8eGNsCuU","eAy8eGNsCuU#B#C","1","True","src\SharpEmu.Libs\Agc\AgcExports.cs","DIRECT_SYSABI_EXPORT_PRESENT"
"eCjKaqeeQ5s","eCjKaqeeQ5s#B#C","1","False","","NO_DIRECT_EXPORT_NOT_PROVEN_MISSING"
"eD0Heap9FkI","eD0Heap9FkI#l#l","1","True","src\SharpEmu.Libs\Np\V50ExportsPart03.cs","DIRECT_SYSABI_EXPORT_PRESENT"
"eE4Szl8sil8","eE4Szl8sil8#3#N","1","True","src\SharpEmu.Libs\Kernel\KernelAprCompatExports.cs","DIRECT_SYSABI_EXPORT_PRESENT"
"eF2V2JW0pEQ","eF2V2JW0pEQ#l#l","1","True","src\SharpEmu.Libs\Np\V46ExportsPart18.cs","DIRECT_SYSABI_EXPORT_PRESENT"
"eFEGeSrXMjE","eFEGeSrXMjE#l#l","1","True","src\SharpEmu.Libs\Np\V47ExportsPart03.cs","DIRECT_SYSABI_EXPORT_PRESENT"
"eGRZTvsrK1Q","eGRZTvsrK1Q#l#l","1","False","","NO_DIRECT_EXPORT_NOT_PROVEN_MISSING"
"eHckgiQ4UwY","eHckgiQ4UwY#l#l","1","False","","NO_DIRECT_EXPORT_NOT_PROVEN_MISSING"
"eLdDw6l0-bU","eLdDw6l0-bU#4#3","1","True","src\SharpEmu.Libs\Kernel\KernelMemoryCompatExports.cs","DIRECT_SYSABI_EXPORT_PRESENT"
"ePw-kqZmelo","ePw-kqZmelo#a#a","1","True","src\SharpEmu.Libs\CommonDialog\MsgDialogExports.cs","DIRECT_SYSABI_EXPORT_PRESENT"
"eQCNHjia30c","eQCNHjia30c#l#l","1","False","","NO_DIRECT_EXPORT_NOT_PROVEN_MISSING"
"eQH7nWPcAgc","eQH7nWPcAgc#Q#R","1","True","src\SharpEmu.Libs\Np\NpManagerExports.cs","DIRECT_SYSABI_EXPORT_PRESENT"
"eR2bZFAAU0Q","eR2bZFAAU0Q#J#K","1","True","src\SharpEmu.Libs\Kernel\KernelRuntimeCompatExports.cs","DIRECT_SYSABI_EXPORT_PRESENT"
"eSiHCxqbKas","eSiHCxqbKas#l#l","1","True","src\SharpEmu.Libs\Np\NpCppWebApiV44Exports.cs","DIRECT_SYSABI_EXPORT_PRESENT"
"eT2UsmTewbU","eT2UsmTewbU#4#3","1","False","","NO_DIRECT_EXPORT_NOT_PROVEN_MISSING"
"eT4TQB7OsLA","eT4TQB7OsLA#l#l","1","False","","NO_DIRECT_EXPORT_NOT_PROVEN_MISSING"
"eV9wAD2riIA","eV9wAD2riIA#3#N","1","True","src\SharpEmu.Libs\Kernel\KernelMemoryCompatExports.cs","DIRECT_SYSABI_EXPORT_PRESENT"
"eVU3cXIJz0w","eVU3cXIJz0w#l#l","2","False","","NO_DIRECT_EXPORT_NOT_PROVEN_MISSING"
"eWaWyFegzgQ","eWaWyFegzgQ#B#C","1","False","","NO_DIRECT_EXPORT_NOT_PROVEN_MISSING"
"eXbUSpEaTsA","eXbUSpEaTsA#3#N","1","True","src\SharpEmu.Libs\Kernel\KernelPthreadExtendedCompatExports.cs","DIRECT_SYSABI_EXPORT_PRESENT"
"eYAh2vlCY-U","eYAh2vlCY-U#3#N","1","False","","NO_DIRECT_EXPORT_NOT_PROVEN_MISSING"
"eZ4+17OQz4Q","eZ4+17OQz4Q#B#C","1","True","src\SharpEmu.Libs\Agc\AgcExports.cs","DIRECT_SYSABI_EXPORT_PRESENT"
"eZu2RP0Ma3w","eZu2RP0Ma3w#i#i","1","False","","NO_DIRECT_EXPORT_NOT_PROVEN_MISSING"
"eaFXjfJv3xs","eaFXjfJv3xs#X#Y","1","True","src\SharpEmu.Libs\Ime\ImeExports.cs","DIRECT_SYSABI_EXPORT_PRESENT"
"ebixW91gpPw","ebixW91gpPw#B#C","1","False","","NO_DIRECT_EXPORT_NOT_PROVEN_MISSING"
"ecAaFyB65QI","ecAaFyB65QI#l#l","1","True","src\SharpEmu.Libs\Np\V46ExportsPart19.cs","DIRECT_SYSABI_EXPORT_PRESENT"
"edOjjRsxL1o","edOjjRsxL1o#l#l","1","True","src\SharpEmu.Libs\Np\V47ExportsPart07.cs","DIRECT_SYSABI_EXPORT_PRESENT"
"efhK-YSUYYQ","efhK-YSUYYQ#4#3","1","False","","NO_DIRECT_EXPORT_NOT_PROVEN_MISSING"
"egOOvrnF6mI","egOOvrnF6mI#m#m","1","False","","NO_DIRECT_EXPORT_NOT_PROVEN_MISSING"
"egR6OW+1Z0U","egR6OW+1Z0U#l#l","1","True","src\SharpEmu.Libs\Np\V46ExportsPart06.cs","DIRECT_SYSABI_EXPORT_PRESENT"
"egm8uuznnW4","egm8uuznnW4#l#l","1","False","","NO_DIRECT_EXPORT_NOT_PROVEN_MISSING"
"ehMuSPAqlVQ","ehMuSPAqlVQ#l#l","1","False","","NO_DIRECT_EXPORT_NOT_PROVEN_MISSING"
"eiqMCt9UshI","eiqMCt9UshI#Q#R","1","True","src\SharpEmu.Libs\Np\NpManagerExports.cs","NO_DIRECT_EXPORT_NOT_PROVEN_MISSING"
"ejnQI-coDXA","ejnQI-coDXA#l#l","1","True","src\SharpEmu.Libs\Np\V47ExportsPart04.cs","DIRECT_SYSABI_EXPORT_PRESENT"
"ekNvsT22rsY","ekNvsT22rsY#H#I","1","True","src\SharpEmu.Libs\Audio\AudioOutExports.cs","DIRECT_SYSABI_EXPORT_PRESENT"
"el-GlhDBtNc","el-GlhDBtNc#l#l","1","False","","NO_DIRECT_EXPORT_NOT_PROVEN_MISSING"
"emP3ckeS2uo","emP3ckeS2uo#A#B","1","False","","NO_DIRECT_EXPORT_NOT_PROVEN_MISSING"
"en5OPAbvUvM","en5OPAbvUvM#l#l","1","False","","NO_DIRECT_EXPORT_NOT_PROVEN_MISSING"
"enZm-6GjWqw","enZm-6GjWqw#5#4","1","False","","NO_DIRECT_EXPORT_NOT_PROVEN_MISSING"
"enuMll33T24","enuMll33T24#l#l","1","True","src\SharpEmu.Libs\Np\V46ExportsPart16.cs","DIRECT_SYSABI_EXPORT_PRESENT"
"eoht7mQOCmo","eoht7mQOCmo#3#N","1","True","src\SharpEmu.Libs\Kernel\KernelPthreadExtendedCompatExports.cs","DIRECT_SYSABI_EXPORT_PRESENT"
"epJ6x2LV0kU","epJ6x2LV0kU#o#o","1","False","","NO_DIRECT_EXPORT_NOT_PROVEN_MISSING"
"epwr+cBCIFs","epwr+cBCIFs#l#l","1","True","src\SharpEmu.Libs\Np\V47ExportsPart07.cs","DIRECT_SYSABI_EXPORT_PRESENT"
"eu0j+42u4XI","eu0j+42u4XI#l#l","1","True","src\SharpEmu.Libs\Np\NpCppWebApiV44Exports.cs","DIRECT_SYSABI_EXPORT_PRESENT"
"ewobAQeMo5k","ewobAQeMo5k#B#C","1","True","src\SharpEmu.Libs\Agc\AgcExports.cs","DIRECT_SYSABI_EXPORT_PRESENT"
"exAxkyVLt0s","exAxkyVLt0s#v#v","1","True","src\SharpEmu.Libs\Font\FontExports.cs","DIRECT_SYSABI_EXPORT_PRESENT"
"exkGQSIrF+U","exkGQSIrF+U#l#l","1","False","","NO_DIRECT_EXPORT_NOT_PROVEN_MISSING"
"ezM2OhNxzck","ezM2OhNxzck#I#J","1","True","src\SharpEmu.Libs\Audio\AjmExports.cs","DIRECT_SYSABI_EXPORT_PRESENT"
"f-oj+Yb47R8","f-oj+Yb47R8#l#l","1","True","src\SharpEmu.Libs\Np\V50ExportsPart01.cs","DIRECT_SYSABI_EXPORT_PRESENT"
"f12ObAMEi9A","f12ObAMEi9A#5#4","1","False","","NO_DIRECT_EXPORT_NOT_PROVEN_MISSING"
"f3dg2CSgRKY","f3dg2CSgRKY#B#C","1","True","src\SharpEmu.Libs\Agc\AgcExports.cs","DIRECT_SYSABI_EXPORT_PRESENT"
"f492Zxg0008","f492Zxg0008#l#l","1","False","","NO_DIRECT_EXPORT_NOT_PROVEN_MISSING"
"f69FYKsbeMI","f69FYKsbeMI#l#l","1","True","src\SharpEmu.Libs\Np\V46ExportsPart19.cs","DIRECT_SYSABI_EXPORT_PRESENT"
"f6rmYAKtsMk","f6rmYAKtsMk#l#l","1","True","src\SharpEmu.Libs\Np\V50ExportsPart03.cs","DIRECT_SYSABI_EXPORT_PRESENT"
"f7uOxY9mM1U","f7uOxY9mM1U#3#N","1","True","src\SharpEmu.HLE\HleDataSymbols.cs;src\SharpEmu.Libs\Kernel\KernelRuntimeCompatExports.cs","DIRECT_SYSABI_EXPORT_PRESENT"
"f9jTmCiIUVA","f9jTmCiIUVA#l#l","1","False","","NO_DIRECT_EXPORT_NOT_PROVEN_MISSING"
"f9yKvvilry4","f9yKvvilry4#l#l","1","False","","NO_DIRECT_EXPORT_NOT_PROVEN_MISSING"
"fDex2lyDL+I","fDex2lyDL+I#l#l","1","True","src\SharpEmu.Libs\Np\V50ExportsPart04.cs","DIRECT_SYSABI_EXPORT_PRESENT"
"fEolm-6DTVw","fEolm-6DTVw#l#l","1","True","src\SharpEmu.Libs\Np\V46ExportsPart06.cs","DIRECT_SYSABI_EXPORT_PRESENT"
"fFxGkxF2bVo","fFxGkxF2bVo#M#N","1","True","src\SharpEmu.Libs\Network\NetExports.cs","DIRECT_SYSABI_EXPORT_PRESENT"
"fGZkGHlpjeI","fGZkGHlpjeI#l#l","1","False","","NO_DIRECT_EXPORT_NOT_PROVEN_MISSING"
"fI-bJo6WlXU","fI-bJo6WlXU#l#l","1","False","","NO_DIRECT_EXPORT_NOT_PROVEN_MISSING"
"fIATVMo4Y1w","fIATVMo4Y1w#m#m","1","True","src\SharpEmu.Libs\Np\NpWebApi2Exports.cs","NO_DIRECT_EXPORT_NOT_PROVEN_MISSING"
"fIzsqjyD5oY","fIzsqjyD5oY#l#l","1","False","","NO_DIRECT_EXPORT_NOT_PROVEN_MISSING"
"fJuX5gEyZwU","fJuX5gEyZwU#l#l","1","False","","NO_DIRECT_EXPORT_NOT_PROVEN_MISSING"
"fL3O02ypZFE","fL3O02ypZFE#4#3","1","True","src\SharpEmu.Libs\LibcCompat\LibcMemoryStringExports.cs","DIRECT_SYSABI_EXPORT_PRESENT"
"fMP5NHUOaMk","fMP5NHUOaMk#J#K","1","True","src\SharpEmu.Libs\Kernel\KernelRuntimeCompatExports.cs","DIRECT_SYSABI_EXPORT_PRESENT"
"fPSCdQxgpSw","fPSCdQxgpSw#B#C","1","True","src\SharpEmu.Libs\Agc\AgcExports.cs","DIRECT_SYSABI_EXPORT_PRESENT"
"fRBNJ0emf8s","fRBNJ0emf8s#l#l","1","True","src\SharpEmu.Libs\Np\NpCppWebApiV44Exports.cs","DIRECT_SYSABI_EXPORT_PRESENT"
"fRG-JOH5+sI","fRG-JOH5+sI#B#C","1","False","","NO_DIRECT_EXPORT_NOT_PROVEN_MISSING"
"fSHQFh1yyzw","fSHQFh1yyzw#l#l","1","False","","NO_DIRECT_EXPORT_NOT_PROVEN_MISSING"
"fSb2oQTNrgA","fSb2oQTNrgA#o#o","1","False","","NO_DIRECT_EXPORT_NOT_PROVEN_MISSING"
"fT2haGTnwWE","fT2haGTnwWE#l#l","1","False","","NO_DIRECT_EXPORT_NOT_PROVEN_MISSING"
"fTmhvzraShY","fTmhvzraShY#l#l","1","True","src\SharpEmu.Libs\Np\V50ExportsPart03.cs","DIRECT_SYSABI_EXPORT_PRESENT"
"fTx66l5iWIA","fTx66l5iWIA#3#N","1","True","src\SharpEmu.Libs\Kernel\KernelMemoryCompatExports.cs","NO_DIRECT_EXPORT_NOT_PROVEN_MISSING"
"fTxXvCVeTZU","fTxXvCVeTZU#l#l","1","False","","NO_DIRECT_EXPORT_NOT_PROVEN_MISSING"
"fVUuJBP8CTs","fVUuJBP8CTs#l#l","1","True","src\SharpEmu.Libs\Np\V46ExportsPart15.cs","DIRECT_SYSABI_EXPORT_PRESENT"
"fXY2I1W0WwI","fXY2I1W0WwI#l#l","1","False","","NO_DIRECT_EXPORT_NOT_PROVEN_MISSING"
"fY3QqeNkF8k","fY3QqeNkF8k#m#m","1","True","src\SharpEmu.Libs\Np\NpWebApi2Exports.cs","IMPLEMENTED_V1_8_12"
"fZOeZIOEmLw","fZOeZIOEmLw#M#N","1","True","src\SharpEmu.Libs\Network\NetExports.cs","DIRECT_SYSABI_EXPORT_PRESENT"
"fZo48un7LK4","fZo48un7LK4#W#X","1","True","src\SharpEmu.Libs\SystemService\SystemServiceExports.cs","DIRECT_SYSABI_EXPORT_PRESENT"
"faLX3UugvMA","faLX3UugvMA#l#l","1","False","","NO_DIRECT_EXPORT_NOT_PROVEN_MISSING"
"fcnM7N9hbY8","fcnM7N9hbY8#l#l","1","False","","NO_DIRECT_EXPORT_NOT_PROVEN_MISSING"
"fd5Bp5tGTgo","fd5Bp5tGTgo#B#C","1","True","src\SharpEmu.Libs\Agc\AgcExports.cs","DIRECT_SYSABI_EXPORT_PRESENT"
"fdwMUgaSJ7A","fdwMUgaSJ7A#l#l","1","True","src\SharpEmu.Libs\Np\NpCppWebApiV44Exports.cs","DIRECT_SYSABI_EXPORT_PRESENT"
"feck3i1FOo0","feck3i1FOo0#l#l","1","True","src\SharpEmu.Libs\Np\V46ExportsPart17.cs","DIRECT_SYSABI_EXPORT_PRESENT"
"fef0ftqQSs4","fef0ftqQSs4#l#l","1","True","src\SharpEmu.Libs\Np\V46ExportsPart17.cs","DIRECT_SYSABI_EXPORT_PRESENT"
"fffwELXNVFA","fffwELXNVFA#4#3","1","True","src\SharpEmu.Libs\LibcStdioExports.cs","DIRECT_SYSABI_EXPORT_PRESENT"
"fgIsQ10xYVA","fgIsQ10xYVA#3#N","1","True","src\SharpEmu.Libs\Kernel\KernelMemoryCompatExports.cs","DIRECT_SYSABI_EXPORT_PRESENT"
"fgxnMeTNUtY","fgxnMeTNUtY#3#N","1","True","src\SharpEmu.Libs\Kernel\KernelRuntimeCompatExports.cs","DIRECT_SYSABI_EXPORT_PRESENT"
"fkUKKs-QrJ8","fkUKKs-QrJ8#l#l","1","True","src\SharpEmu.Libs\Np\V48ExportsPart05.cs","DIRECT_SYSABI_EXPORT_PRESENT"
"fqF2T3M8uxk","fqF2T3M8uxk#l#l","1","True","src\SharpEmu.Libs\Np\V50ExportsPart03.cs","DIRECT_SYSABI_EXPORT_PRESENT"
"fsdh0JMoYYk","fsdh0JMoYYk#l#l","1","False","","NO_DIRECT_EXPORT_NOT_PROVEN_MISSING"
"fwYdaeuRgrM","fwYdaeuRgrM#l#l","1","True","src\SharpEmu.Libs\Np\V48ExportsPart08.cs","DIRECT_SYSABI_EXPORT_PRESENT"
"fzyMKs9kim0","fzyMKs9kim0#3#N","1","True","src\SharpEmu.Libs\Kernel\KernelEventQueueCompatExports.cs","DIRECT_SYSABI_EXPORT_PRESENT"
"g+PZd2hiacg","g+PZd2hiacg#3#N","1","True","src\SharpEmu.Libs\Kernel\KernelPthreadCompatExports.cs","DIRECT_SYSABI_EXPORT_PRESENT"
"g+f7a63flt0","g+f7a63flt0#l#l","1","True","src\SharpEmu.Libs\Np\V50ExportsPart03.cs","DIRECT_SYSABI_EXPORT_PRESENT"
"g0VTBxfJyu0","g0VTBxfJyu0#3#N","1","False","","NO_DIRECT_EXPORT_NOT_PROVEN_MISSING"
"g1BAuEQJiRQ","g1BAuEQJiRQ#l#l","1","True","src\SharpEmu.Libs\Np\V46ExportsPart17.cs","DIRECT_SYSABI_EXPORT_PRESENT"
"g2dEqFnhFuw","g2dEqFnhFuw#l#l","1","False","","NO_DIRECT_EXPORT_NOT_PROVEN_MISSING"
"g3ShSirD50I","g3ShSirD50I#4#3","1","True","src\SharpEmu.Libs\LibcCompat\LibcMemoryStringExports.cs","DIRECT_SYSABI_EXPORT_PRESENT"
"g8VFzqnRHX8","g8VFzqnRHX8#l#l","1","False","","NO_DIRECT_EXPORT_NOT_PROVEN_MISSING"
"g8cM39EUZ6o","g8cM39EUZ6o#J#K","1","True","src\SharpEmu.Libs\Kernel\KernelRuntimeCompatExports.cs","DIRECT_SYSABI_EXPORT_PRESENT"
"g9FmpQw2M-U","g9FmpQw2M-U#l#l","1","True","src\SharpEmu.Libs\Np\V50ExportsPart02.cs","DIRECT_SYSABI_EXPORT_PRESENT"
"gAtc79UTt5E","gAtc79UTt5E#5#4","1","False","","NO_DIRECT_EXPORT_NOT_PROVEN_MISSING"
"gDm5a6GSE94","gDm5a6GSE94#u#u","1","False","","NO_DIRECT_EXPORT_NOT_PROVEN_MISSING"
"gEpBkcwxUjw","gEpBkcwxUjw#3#N","1","True","src\SharpEmu.Libs\Kernel\KernelMemoryCompatExports.cs","DIRECT_SYSABI_EXPORT_PRESENT"
"gFEZ+WDc2GY","gFEZ+WDc2GY#l#l","1","False","","NO_DIRECT_EXPORT_NOT_PROVEN_MISSING"
"gNQ1V2vfXDE","gNQ1V2vfXDE#4#3","1","False","","NO_DIRECT_EXPORT_NOT_PROVEN_MISSING"
"gPe3KXjSgig","gPe3KXjSgig#l#l","1","True","src\SharpEmu.Libs\Np\V48ExportsPart08.cs","DIRECT_SYSABI_EXPORT_PRESENT"
"gQX+4GDQjpM","gQX+4GDQjpM#4#3","2","True","src\SharpEmu.Libs\Kernel\KernelMemoryCompatExports.cs","DIRECT_SYSABI_EXPORT_PRESENT"
"gQkqkLttcpw","gQkqkLttcpw#B#C","1","False","","NO_DIRECT_EXPORT_NOT_PROVEN_MISSING"
"gSRnr79F8tQ","gSRnr79F8tQ#A#B","1","True","src\SharpEmu.Libs\Agc\AgcExports.cs","DIRECT_SYSABI_EXPORT_PRESENT"
"gTuXQwP9rrs","gTuXQwP9rrs#4#3","1","False","","NO_DIRECT_EXPORT_NOT_PROVEN_MISSING"
"gVfZ1j2bhPM","gVfZ1j2bhPM#l#l","1","False","","NO_DIRECT_EXPORT_NOT_PROVEN_MISSING"
"gbMKV+8Enuo","gbMKV+8Enuo#G#H","1","False","","NO_DIRECT_EXPORT_NOT_PROVEN_MISSING"
"gdSoJ6dvztU","gdSoJ6dvztU#5#4","1","False","","NO_DIRECT_EXPORT_NOT_PROVEN_MISSING"
"gdUCnU0gHdI","gdUCnU0gHdI#v#v","1","True","src\SharpEmu.Libs\Font\FontExports.cs","DIRECT_SYSABI_EXPORT_PRESENT"
"ge6xTrDDgOs","ge6xTrDDgOs#l#l","1","False","","NO_DIRECT_EXPORT_NOT_PROVEN_MISSING"
"geDaqgH9lTg","geDaqgH9lTg#3#N","1","True","src\SharpEmu.Libs\Kernel\KernelPthreadExtendedCompatExports.cs","DIRECT_SYSABI_EXPORT_PRESENT"
"geae-6xMaag","geae-6xMaag#l#l","1","False","","NO_DIRECT_EXPORT_NOT_PROVEN_MISSING"
"gglj0cQ9K1E","gglj0cQ9K1E#l#l","1","False","","NO_DIRECT_EXPORT_NOT_PROVEN_MISSING"
"gijCqBFE3p0","gijCqBFE3p0#l#l","1","True","src\SharpEmu.Libs\Np\V46ExportsPart11.cs","DIRECT_SYSABI_EXPORT_PRESENT"
"gjP9-KQzoUk","gjP9-KQzoUk#D#E","1","True","src\SharpEmu.Libs\Pad\PadExports.cs","DIRECT_SYSABI_EXPORT_PRESENT"
"gjRZNnw0JPE","gjRZNnw0JPE#S#T","1","True","src\SharpEmu.Libs\SaveData\SaveDataExports.cs","DIRECT_SYSABI_EXPORT_PRESENT"
"gjSyfzSsDcE","gjSyfzSsDcE#k#k","1","False","","NO_DIRECT_EXPORT_NOT_PROVEN_MISSING"
"gmr-M3dWfR0","gmr-M3dWfR0#l#l","2","False","","NO_DIRECT_EXPORT_NOT_PROVEN_MISSING"
"gsAVunFeDT4","gsAVunFeDT4#l#l","1","True","src\SharpEmu.Libs\Np\V46ExportsPart08.cs","DIRECT_SYSABI_EXPORT_PRESENT"
"gtsc5Wj9bno","gtsc5Wj9bno#l#l","1","False","","NO_DIRECT_EXPORT_NOT_PROVEN_MISSING"
"gui41xif0Xw","gui41xif0Xw#l#l","1","False","","NO_DIRECT_EXPORT_NOT_PROVEN_MISSING"
"gvD1greCu0A","gvD1greCu0A#E#F","1","False","","NO_DIRECT_EXPORT_NOT_PROVEN_MISSING"
"gw7fieR8fC4","gw7fieR8fC4#l#l","1","False","","NO_DIRECT_EXPORT_NOT_PROVEN_MISSING"
"gxlgckSr7z4","gxlgckSr7z4#l#l","1","False","","NO_DIRECT_EXPORT_NOT_PROVEN_MISSING"
"gyN2KZV162U","gyN2KZV162U#l#l","1","True","src\SharpEmu.Libs\Np\V48ExportsPart04.cs","DIRECT_SYSABI_EXPORT_PRESENT"
"gyTyVn+bXMw","gyTyVn+bXMw#Y#Z","1","True","src\SharpEmu.Libs\Ime\ImeDialogExports.cs","DIRECT_SYSABI_EXPORT_PRESENT"
"gzndltBEzWc","gzndltBEzWc#5#4","1","True","src\SharpEmu.Libs\Ampr\AmprExports.cs","DIRECT_SYSABI_EXPORT_PRESENT"
"h1dR-t5ISgg","h1dR-t5ISgg#s#s","1","False","","NO_DIRECT_EXPORT_NOT_PROVEN_MISSING"
"h6hIgxXEiEc","h6hIgxXEiEc#v#v","1","False","","NO_DIRECT_EXPORT_NOT_PROVEN_MISSING"
"h9CcP3J0oVM","h9CcP3J0oVM#M#N","1","True","src\SharpEmu.Libs\Kernel\KernelExports.cs","DIRECT_SYSABI_EXPORT_PRESENT"
"h9z6+0hEydk","h9z6+0hEydk#B#C","1","True","src\SharpEmu.Libs\Agc\AgcExports.cs","DIRECT_SYSABI_EXPORT_PRESENT"
"hAH4eertqiA","hAH4eertqiA#l#l","1","False","","NO_DIRECT_EXPORT_NOT_PROVEN_MISSING"
"hEK26Wdny6s","hEK26Wdny6s#B#C","1","False","","NO_DIRECT_EXPORT_NOT_PROVEN_MISSING"
"hFQ9pUxoLQ4","hFQ9pUxoLQ4#B#C","1","False","","NO_DIRECT_EXPORT_NOT_PROVEN_MISSING"
"hH7KHku1lqs","hH7KHku1lqs#l#l","1","False","","NO_DIRECT_EXPORT_NOT_PROVEN_MISSING"
"hH9TSsVNT74","hH9TSsVNT74#l#l","1","True","src\SharpEmu.Libs\Np\NpCppWebApiV44Exports.cs","DIRECT_SYSABI_EXPORT_PRESENT"
"hHrerDFHKj0","hHrerDFHKj0#l#l","1","False","","NO_DIRECT_EXPORT_NOT_PROVEN_MISSING"
"hL06BXMcvJA","hL06BXMcvJA#l#l","1","True","src\SharpEmu.Libs\Np\V46ExportsPart14.cs","DIRECT_SYSABI_EXPORT_PRESENT"
"hL7C0IRpWZI","hL7C0IRpWZI#B#C","1","True","src\SharpEmu.Libs\Agc\AgcExports.cs","DIRECT_SYSABI_EXPORT_PRESENT"
"hLuXdjHnhiI","hLuXdjHnhiI#E#F","1","False","","NO_DIRECT_EXPORT_NOT_PROVEN_MISSING"
"hMAe+TWS9mQ","hMAe+TWS9mQ#4#3","1","False","","NO_DIRECT_EXPORT_NOT_PROVEN_MISSING"
"hMwGlafyzGs","hMwGlafyzGs#l#l","1","False","","NO_DIRECT_EXPORT_NOT_PROVEN_MISSING"
"hMxydTJQ670","hMxydTJQ670#l#l","1","True","src\SharpEmu.Libs\Np\V48ExportsPart09.cs","DIRECT_SYSABI_EXPORT_PRESENT"
"hOnIlcGrO6g","hOnIlcGrO6g#m#m","1","True","src\SharpEmu.Libs\Np\NpWebApi2Exports.cs","IMPLEMENTED_V1_8_12"
"hT0IAEvN+M0","hT0IAEvN+M0#p#p","1","True","src\SharpEmu.Libs\Np\NpUniversalDataSystemExports.cs","DIRECT_SYSABI_EXPORT_PRESENT"
"hUZIRxBcMGU","hUZIRxBcMGU#l#l","1","False","","NO_DIRECT_EXPORT_NOT_PROVEN_MISSING"
"hXpbG6ohjf0","hXpbG6ohjf0#l#l","1","False","","NO_DIRECT_EXPORT_NOT_PROVEN_MISSING"
"hZTfKpftpsU","hZTfKpftpsU#l#l","1","False","","NO_DIRECT_EXPORT_NOT_PROVEN_MISSING"
"hbD28nqQKoc","hbD28nqQKoc#l#l","1","True","src\SharpEmu.Libs\Np\NpCppWebApiV44Exports.cs","DIRECT_SYSABI_EXPORT_PRESENT"
"hcIxS8pmXF4","hcIxS8pmXF4#B#C","1","False","","NO_DIRECT_EXPORT_NOT_PROVEN_MISSING"
"hcgMStahntg","hcgMStahntg#l#l","1","True","src\SharpEmu.Libs\Np\V50ExportsPart02.cs","DIRECT_SYSABI_EXPORT_PRESENT"
"hcuQgD53UxM","hcuQgD53UxM#4#3","1","False","","NO_DIRECT_EXPORT_NOT_PROVEN_MISSING"
"hdTyRzCXQeQ","hdTyRzCXQeQ#h#h","1","True","src\SharpEmu.Libs\AvPlayer\AvPlayerExports.cs","DIRECT_SYSABI_EXPORT_PRESENT"
"hdpVEUDFW3s","hdpVEUDFW3s#N#O","1","True","src\SharpEmu.Libs\Network\SslExports.cs","DIRECT_SYSABI_EXPORT_PRESENT"
"hedUKkqxVb4","hedUKkqxVb4#l#l","1","True","src\SharpEmu.Libs\Np\V46ExportsPart14.cs","DIRECT_SYSABI_EXPORT_PRESENT"
"hgyiFlIb2L4","hgyiFlIb2L4#l#l","1","False","","NO_DIRECT_EXPORT_NOT_PROVEN_MISSING"
"hj40eDtISJY","hj40eDtISJY#l#l","1","True","src\SharpEmu.Libs\Np\NpCppWebApiV45Exports.cs","DIRECT_SYSABI_EXPORT_PRESENT"
"hjsm6ZT-Qq8","hjsm6ZT-Qq8#l#l","1","True","src\SharpEmu.Libs\Np\V46ExportsPart17.cs","DIRECT_SYSABI_EXPORT_PRESENT"
"hksbskNToEA","hksbskNToEA#m#m","1","False","","NO_DIRECT_EXPORT_NOT_PROVEN_MISSING"
"hmVJYbCOt60","hmVJYbCOt60#l#l","1","True","src\SharpEmu.Libs\Np\V50ExportsPart03.cs","DIRECT_SYSABI_EXPORT_PRESENT"
"hoe1JJcbvz0","hoe1JJcbvz0#l#l","1","False","","NO_DIRECT_EXPORT_NOT_PROVEN_MISSING"
"hqeACk2dkzE","hqeACk2dkzE#l#l","1","False","","NO_DIRECT_EXPORT_NOT_PROVEN_MISSING"
"hrEIwWDKm-w","hrEIwWDKm-w#3#N","1","False","","NO_DIRECT_EXPORT_NOT_PROVEN_MISSING"
"hrzHgwpa2rQ","hrzHgwpa2rQ#l#l","1","False","","NO_DIRECT_EXPORT_NOT_PROVEN_MISSING"
"hsi9drzHR2k","hsi9drzHR2k#4#3","1","True","src\SharpEmu.Libs\LibcCompat\LibcMathCompilerRuntimeExports.cs","DIRECT_SYSABI_EXPORT_PRESENT"
"htn36gPnBk4","htn36gPnBk4#B#C","1","True","src\SharpEmu.Libs\Agc\AgcExports.cs","DIRECT_SYSABI_EXPORT_PRESENT"
"huoedZ1CsgU","huoedZ1CsgU#l#l","1","True","src\SharpEmu.Libs\Np\V50ExportsPart01.cs","DIRECT_SYSABI_EXPORT_PRESENT"
"hv1luiJrqQM","hv1luiJrqQM#D#E","1","True","src\SharpEmu.Libs\Pad\PadExports.cs","DIRECT_SYSABI_EXPORT_PRESENT"
"hvG6GfBMXg8","hvG6GfBMXg8#O#P","1","True","src\SharpEmu.Libs\Network\HttpExports.cs","NO_DIRECT_EXPORT_NOT_PROVEN_MISSING"
"hvUfkUIQcOE","hvUfkUIQcOE#B#C","1","True","src\SharpEmu.Libs\Agc\AgcExports.cs","DIRECT_SYSABI_EXPORT_PRESENT"
"hvaTjFV3IEU","hvaTjFV3IEU#l#l","1","True","src\SharpEmu.Libs\Np\NpCppWebApiV44Exports.cs","DIRECT_SYSABI_EXPORT_PRESENT"
"hyVLT2VlOYk","hyVLT2VlOYk#G#H","1","True","src\SharpEmu.Libs\Ngs2\Ngs2Exports.cs","DEFER_OUTPUT_ABI"
"hyeuycsBGsM","hyeuycsBGsM#l#l","1","False","","NO_DIRECT_EXPORT_NOT_PROVEN_MISSING"
"i+SjlS9hatI","i+SjlS9hatI#l#l","1","True","src\SharpEmu.Libs\Np\V50ExportsPart02.cs","DIRECT_SYSABI_EXPORT_PRESENT"
"i-XwZjw0OOY","i-XwZjw0OOY#o#o","2","False","","NO_DIRECT_EXPORT_NOT_PROVEN_MISSING"
"i-iEzNiWKUE","i-iEzNiWKUE#l#l","1","True","src\SharpEmu.Libs\Np\V47ExportsPart04.cs","DIRECT_SYSABI_EXPORT_PRESENT"
"i0VnXM-C9fc","i0VnXM-C9fc#G#H","1","True","src\SharpEmu.Libs\Ngs2\Ngs2Exports.cs","DIRECT_SYSABI_EXPORT_PRESENT"
"i1GAPIM3DL8","i1GAPIM3DL8#l#l","1","False","","NO_DIRECT_EXPORT_NOT_PROVEN_MISSING"
"i1jyy49AjXU","i1jyy49AjXU#B#C","1","True","src\SharpEmu.Libs\Agc\AgcExports.cs","DIRECT_SYSABI_EXPORT_PRESENT"
"i3HWvW35jao","i3HWvW35jao#3#N","1","False","","NO_DIRECT_EXPORT_NOT_PROVEN_MISSING"
"i6+3zRRQ+Bg","i6+3zRRQ+Bg#l#l","1","False","","NO_DIRECT_EXPORT_NOT_PROVEN_MISSING"
"iALcMz+hdPQ","iALcMz+hdPQ#l#l","1","True","src\SharpEmu.Libs\Np\V46ExportsPart18.cs","DIRECT_SYSABI_EXPORT_PRESENT"
"iDGjTvynVug","iDGjTvynVug#l#l","1","True","src\SharpEmu.Libs\Np\V46ExportsPart17.cs","DIRECT_SYSABI_EXPORT_PRESENT"
"iE8QHg0jx-k","iE8QHg0jx-k#l#l","1","True","src\SharpEmu.Libs\Np\V50ExportsPart03.cs","DIRECT_SYSABI_EXPORT_PRESENT"
"iGNQ7R33THQ","iGNQ7R33THQ#l#l","1","True","src\SharpEmu.Libs\Np\V48ExportsPart06.cs","DIRECT_SYSABI_EXPORT_PRESENT"
"iGjsr1WAtI0","iGjsr1WAtI0#M#N","1","True","src\SharpEmu.Libs\Kernel\KernelPthreadExtendedCompatExports.cs","DIRECT_SYSABI_EXPORT_PRESENT"
"iLnckwH2WBQ","iLnckwH2WBQ#l#l","1","True","src\SharpEmu.Libs\Np\V50ExportsPart01.cs","DIRECT_SYSABI_EXPORT_PRESENT"
"iMcKgGtukyA","iMcKgGtukyA#l#l","1","True","src\SharpEmu.Libs\Np\V46ExportsPart17.cs","DIRECT_SYSABI_EXPORT_PRESENT"
"iMgibUAAwdg","iMgibUAAwdg#l#l","1","True","src\SharpEmu.Libs\Np\V46ExportsPart08.cs","DIRECT_SYSABI_EXPORT_PRESENT"
"iMp8QpE+XO4","iMp8QpE+XO4#3#N","1","True","src\SharpEmu.Libs\Kernel\KernelPthreadCompatExports.cs","DIRECT_SYSABI_EXPORT_PRESENT"
"iPBqs+YUUFw","iPBqs+YUUFw#4#3","1","True","src\SharpEmu.Libs\LibcCompat\LibcRuntimeExpansionV46Exports.cs","DIRECT_SYSABI_EXPORT_PRESENT"
"iPfI2v+oYnQ","iPfI2v+oYnQ#l#l","1","True","src\SharpEmu.Libs\Np\V47ExportsPart07.cs","DIRECT_SYSABI_EXPORT_PRESENT"
"iQw3iQPhvUQ","iQw3iQPhvUQ#F#G","1","True","src\SharpEmu.Libs\Network\NetCtlExports.cs","DIRECT_SYSABI_EXPORT_PRESENT"
"iS4aWbUonl0","iS4aWbUonl0#4#3","1","False","","NO_DIRECT_EXPORT_NOT_PROVEN_MISSING"
"iTIgJfwD0MY","iTIgJfwD0MY#l#l","1","False","","NO_DIRECT_EXPORT_NOT_PROVEN_MISSING"
"iWQWrwiSt8A","iWQWrwiSt8A#E#F","1","True","src\SharpEmu.Libs\Network\NetExports.cs","DIRECT_SYSABI_EXPORT_PRESENT"
"iWRQ8ANp-gc","iWRQ8ANp-gc#l#l","1","False","","NO_DIRECT_EXPORT_NOT_PROVEN_MISSING"
"iWjdWa9Y5iI","iWjdWa9Y5iI#l#l","1","False","","NO_DIRECT_EXPORT_NOT_PROVEN_MISSING"
"iYFKnyetU4Q","iYFKnyetU4Q#l#l","1","False","","NO_DIRECT_EXPORT_NOT_PROVEN_MISSING"
"iZeYfOxtMRg","iZeYfOxtMRg#o#o","1","False","","NO_DIRECT_EXPORT_NOT_PROVEN_MISSING"
"idlaArvdXEs","idlaArvdXEs#B#C","1","False","","NO_DIRECT_EXPORT_NOT_PROVEN_MISSING"
"ie-UuLGbYXo","ie-UuLGbYXo#5#4","1","False","","NO_DIRECT_EXPORT_NOT_PROVEN_MISSING"
"ie7qhZ4X0Cc","ie7qhZ4X0Cc#S#T","1","True","src\SharpEmu.Libs\SaveData\SaveDataExports.cs","DIRECT_SYSABI_EXPORT_PRESENT"
"ieEQWlOYTg8","ieEQWlOYTg8#l#l","1","True","src\SharpEmu.Libs\Np\V50ExportsPart03.cs","DIRECT_SYSABI_EXPORT_PRESENT"
"ig-ACL9RLUU","ig-ACL9RLUU#l#l","1","True","src\SharpEmu.Libs\Np\V46ExportsPart06.cs","DIRECT_SYSABI_EXPORT_PRESENT"
"igLY5HmW6qk","igLY5HmW6qk#l#l","1","False","","NO_DIRECT_EXPORT_NOT_PROVEN_MISSING"
"igs871aV3H0","igs871aV3H0#l#l","1","False","","NO_DIRECT_EXPORT_NOT_PROVEN_MISSING"
"iiqR-H-DYrM","iiqR-H-DYrM#l#l","1","True","src\SharpEmu.Libs\Np\V48ExportsPart08.cs","DIRECT_SYSABI_EXPORT_PRESENT"
"ijijXYpJzC8","ijijXYpJzC8#l#l","1","True","src\SharpEmu.Libs\Np\V50ExportsPart01.cs","DIRECT_SYSABI_EXPORT_PRESENT"
"ijvRMHfwwjc","ijvRMHfwwjc#5#4","1","True","src\SharpEmu.Libs\Ampr\AmprExports.cs","DIRECT_SYSABI_EXPORT_PRESENT"
"imxVx8lm+KM","imxVx8lm+KM#v#v","1","True","src\SharpEmu.Libs\Font\FontExports.cs","DIRECT_SYSABI_EXPORT_PRESENT"
"io-+Ahbd3dA","io-+Ahbd3dA#l#l","1","True","src\SharpEmu.Libs\Np\V46ExportsPart20.cs","DIRECT_SYSABI_EXPORT_PRESENT"
"ipZRT3HMuJA","ipZRT3HMuJA#l#l","1","False","","NO_DIRECT_EXPORT_NOT_PROVEN_MISSING"
"iqQQW2cBmWU","iqQQW2cBmWU#i#i","1","False","","NO_DIRECT_EXPORT_NOT_PROVEN_MISSING"
"isruqthpYcw","isruqthpYcw#1#1","1","True","src\SharpEmu.Libs\Stubs\GameServiceStubs.cs","DIRECT_SYSABI_EXPORT_PRESENT"
"iwTNhyaemnw","iwTNhyaemnw#5#4","1","False","","NO_DIRECT_EXPORT_NOT_PROVEN_MISSING"
"j-Fwh0bKH6Y","j-Fwh0bKH6Y#l#l","1","False","","NO_DIRECT_EXPORT_NOT_PROVEN_MISSING"
"j-N8TB-WFjA","j-N8TB-WFjA#l#l","1","False","","NO_DIRECT_EXPORT_NOT_PROVEN_MISSING"
"j0+3uJMxYJY","j0+3uJMxYJY#5#4","1","True","src\SharpEmu.Libs\Ampr\AmprExports.cs","DIRECT_SYSABI_EXPORT_PRESENT"
"j1rSbhWbnmQ","j1rSbhWbnmQ#l#l","1","True","src\SharpEmu.Libs\Np\V50ExportsPart02.cs","DIRECT_SYSABI_EXPORT_PRESENT"
"j2AIqSqJP0w","j2AIqSqJP0w#3#N","1","True","src\SharpEmu.Libs\Kernel\KernelMemoryCompatExports.cs","DIRECT_SYSABI_EXPORT_PRESENT"
"j2C9no3P4Nw","j2C9no3P4Nw#5#4","1","False","","NO_DIRECT_EXPORT_NOT_PROVEN_MISSING"
"j3EtxFkSIhQ","j3EtxFkSIhQ#B#C","1","True","src\SharpEmu.Libs\Agc\AgcExports.cs","DIRECT_SYSABI_EXPORT_PRESENT"
"j3YMu1MVNNo","j3YMu1MVNNo#L#M","1","True","src\SharpEmu.Libs\UserService\UserServiceExports.cs","DIRECT_SYSABI_EXPORT_PRESENT"
"j4ViWNHEgww","j4ViWNHEgww#4#3","1","True","src\SharpEmu.Libs\Kernel\KernelMemoryCompatExports.cs","DIRECT_SYSABI_EXPORT_PRESENT"
"j4emHHndCPY","j4emHHndCPY#B#C","1","True","src\SharpEmu.Libs\Agc\AgcGraphicsSizingV55Exports.cs","DIRECT_SYSABI_EXPORT_PRESENT"
"j6RaAUlaLv0","j6RaAUlaLv0#K#L","1","True","src\SharpEmu.Libs\VideoOut\VideoOutExports.cs","DIRECT_SYSABI_EXPORT_PRESENT"
"j9Xt85krooc","j9Xt85krooc#i#i","1","False","","NO_DIRECT_EXPORT_NOT_PROVEN_MISSING"
"jBAPhO31KZw","jBAPhO31KZw#l#l","1","True","src\SharpEmu.Libs\Np\V46ExportsPart15.cs","DIRECT_SYSABI_EXPORT_PRESENT"
"jEIXUAr9XE8","jEIXUAr9XE8#g#g","1","False","","NO_DIRECT_EXPORT_NOT_PROVEN_MISSING"
"jK+yuYCI7MA","jK+yuYCI7MA#5#4","1","False","","NO_DIRECT_EXPORT_NOT_PROVEN_MISSING"
"jNF3HS1ziFs","jNF3HS1ziFs#l#l","1","True","src\SharpEmu.Libs\Np\V46ExportsPart15.cs","DIRECT_SYSABI_EXPORT_PRESENT"
"jO8DM8oyego","jO8DM8oyego#2#2","1","True","src\SharpEmu.Libs\Np\NpEntitlementAccessExports.cs","DIRECT_SYSABI_EXPORT_PRESENT"
"jU2YUZ4YNvY","jU2YUZ4YNvY#l#l","1","True","src\SharpEmu.Libs\Np\V50ExportsPart02.cs","DIRECT_SYSABI_EXPORT_PRESENT"
"jWoi+KzyT8M","jWoi+KzyT8M#l#l","1","False","","NO_DIRECT_EXPORT_NOT_PROVEN_MISSING"
"jWylMa2FtuA","jWylMa2FtuA#l#l","1","False","","NO_DIRECT_EXPORT_NOT_PROVEN_MISSING"
"jYAXNHlcQAc","jYAXNHlcQAc#l#l","1","True","src\SharpEmu.Libs\Np\V47ExportsPart07.cs","DIRECT_SYSABI_EXPORT_PRESENT"
"jaVd5xkK0tU","jaVd5xkK0tU#l#l","1","False","","NO_DIRECT_EXPORT_NOT_PROVEN_MISSING"
"jbz9I9vkqkk","jbz9I9vkqkk#4#3","1","True","src\SharpEmu.Libs\Kernel\KernelMemoryCompatExports.cs","DIRECT_SYSABI_EXPORT_PRESENT"
"jdEbTdOhlqI","jdEbTdOhlqI#l#l","1","True","src\SharpEmu.Libs\Np\V47ExportsPart05.cs","DIRECT_SYSABI_EXPORT_PRESENT"
"jfpSx14AeLc","jfpSx14AeLc#l#l","1","True","src\SharpEmu.Libs\Np\V47ExportsPart02.cs","DIRECT_SYSABI_EXPORT_PRESENT"
"jisqpUJlaPA","jisqpUJlaPA#l#l","1","True","src\SharpEmu.Libs\Np\NpCppWebApiV45Exports.cs","DIRECT_SYSABI_EXPORT_PRESENT"
"jjjRS7l1MPM","jjjRS7l1MPM#4#3","1","False","","NO_DIRECT_EXPORT_NOT_PROVEN_MISSING"
"joNORJjCFhg","joNORJjCFhg#5#4","1","False","","NO_DIRECT_EXPORT_NOT_PROVEN_MISSING"
"jpFjmgAC5AE","jpFjmgAC5AE#3#N","1","True","src\SharpEmu.Libs\Kernel\KernelEventQueueCompatExports.cs","DIRECT_SYSABI_EXPORT_PRESENT"
"jqb7HntFQFc","jqb7HntFQFc#s#s","1","True","src\SharpEmu.Libs\Stubs\GameServiceStubs.cs","DIRECT_SYSABI_EXPORT_PRESENT"
"jrb6hgpa4Cc","jrb6hgpa4Cc#l#l","1","True","src\SharpEmu.Libs\Np\V46ExportsPart17.cs","DIRECT_SYSABI_EXPORT_PRESENT"
"jt3pl7EN17o","jt3pl7EN17o#B#C","1","False","","NO_DIRECT_EXPORT_NOT_PROVEN_MISSING"
"jxC6X62V4Yw","jxC6X62V4Yw#l#l","1","False","","NO_DIRECT_EXPORT_NOT_PROVEN_MISSING"
"jxM0UUOggXU","jxM0UUOggXU#l#l","1","False","","NO_DIRECT_EXPORT_NOT_PROVEN_MISSING"
"jydFDMsVG-I","jydFDMsVG-I#l#l","1","True","src\SharpEmu.Libs\Np\V46ExportsPart14.cs","DIRECT_SYSABI_EXPORT_PRESENT"
"jyqje3VCc2o","jyqje3VCc2o#l#l","1","False","","NO_DIRECT_EXPORT_NOT_PROVEN_MISSING"
"jzkGwpPsFqI","jzkGwpPsFqI#l#l","1","False","","NO_DIRECT_EXPORT_NOT_PROVEN_MISSING"
"k-JpyR2dYAM","k-JpyR2dYAM#B#C","1","False","","NO_DIRECT_EXPORT_NOT_PROVEN_MISSING"
"k-q+xOxdc3E","k-q+xOxdc3E#h#h","1","True","src\SharpEmu.Libs\AvPlayer\AvPlayerExports.cs","DIRECT_SYSABI_EXPORT_PRESENT"
"k0E7vkgqAuE","k0E7vkgqAuE#B#C","1","False","","NO_DIRECT_EXPORT_NOT_PROVEN_MISSING"
"k1-l3-S82-Y","k1-l3-S82-Y#l#l","1","False","","NO_DIRECT_EXPORT_NOT_PROVEN_MISSING"
"k1DeKHg-DP4","k1DeKHg-DP4#l#l","1","True","src\SharpEmu.Libs\Np\V50ExportsPart01.cs","DIRECT_SYSABI_EXPORT_PRESENT"
"k1Hsc0qMW9s","k1Hsc0qMW9s#l#l","1","True","src\SharpEmu.Libs\Np\V46ExportsPart08.cs","DIRECT_SYSABI_EXPORT_PRESENT"
"k1gBazlQOKo","k1gBazlQOKo#l#l","1","True","src\SharpEmu.Libs\Np\V46ExportsPart16.cs","DIRECT_SYSABI_EXPORT_PRESENT"
"k3GhuSNmBLU","k3GhuSNmBLU#B#C","1","True","src\SharpEmu.Libs\Agc\AgcExports.cs","DIRECT_SYSABI_EXPORT_PRESENT"
"k9zKu3RL5xs","k9zKu3RL5xs#l#l","1","False","","NO_DIRECT_EXPORT_NOT_PROVEN_MISSING"
"kA-TdiOCsaY","kA-TdiOCsaY#4#3","1","True","src\SharpEmu.Libs\LibcCompat\LibcMemoryStringExports.cs","DIRECT_SYSABI_EXPORT_PRESENT"
"kALvdgEv5ME","kALvdgEv5ME#4#3","1","False","","NO_DIRECT_EXPORT_NOT_PROVEN_MISSING"
"kAenWy1Zw5o","kAenWy1Zw5o#v#v","1","True","src\SharpEmu.Libs\Font\FontExports.cs","DIRECT_SYSABI_EXPORT_PRESENT"
"kBwCPsYX-m4","kBwCPsYX-m4#3#N","1","True","src\SharpEmu.Libs\Kernel\KernelMemoryCompatExports.cs","DIRECT_SYSABI_EXPORT_PRESENT"
"kBxwE4YfbIM","kBxwE4YfbIM#l#l","1","True","src\SharpEmu.Libs\Np\V50ExportsPart02.cs","DIRECT_SYSABI_EXPORT_PRESENT"
"kDh-NfxgMtE","kDh-NfxgMtE#3#N","1","True","src\SharpEmu.Libs\Kernel\KernelPthreadCompatExports.cs","DIRECT_SYSABI_EXPORT_PRESENT"
"kE0kdvcHTiY","kE0kdvcHTiY#i#i","1","False","","NO_DIRECT_EXPORT_NOT_PROVEN_MISSING"
"kFhuwHrIUqs","kFhuwHrIUqs#u#u","1","False","","NO_DIRECT_EXPORT_NOT_PROVEN_MISSING"
"kHg45qPC6f0","kHg45qPC6f0#4#3","1","True","src\SharpEmu.Libs\Kernel\KernelMemoryCompatExports.cs","DIRECT_SYSABI_EXPORT_PRESENT"
"kI0wgtzMZC0","kI0wgtzMZC0#l#l","1","True","src\SharpEmu.Libs\Np\V46ExportsPart18.cs","DIRECT_SYSABI_EXPORT_PRESENT"
"kJRDf7LAnDo","kJRDf7LAnDo#l#l","1","True","src\SharpEmu.Libs\Np\V46ExportsPart07.cs","DIRECT_SYSABI_EXPORT_PRESENT"
"kJlYH5uMAWI","kJlYH5uMAWI#E#F","1","True","src\SharpEmu.Libs\Network\NetExports.cs","DIRECT_SYSABI_EXPORT_PRESENT"
"kLU6hhXsa2A","kLU6hhXsa2A#i#i","1","False","","NO_DIRECT_EXPORT_NOT_PROVEN_MISSING"
"kOaUt01Wmr8","kOaUt01Wmr8#l#l","1","False","","NO_DIRECT_EXPORT_NOT_PROVEN_MISSING"
"kOeBKp8TgFk","kOeBKp8TgFk#l#l","1","False","","NO_DIRECT_EXPORT_NOT_PROVEN_MISSING"
"kOfZlhbVAkc","kOfZlhbVAkc#5#4","1","False","","NO_DIRECT_EXPORT_NOT_PROVEN_MISSING"
"kSYZo64APPs","kSYZo64APPs#l#l","1","False","","NO_DIRECT_EXPORT_NOT_PROVEN_MISSING"
"kUXTOO674kk","kUXTOO674kk#l#l","1","False","","NO_DIRECT_EXPORT_NOT_PROVEN_MISSING"
"kUlvghKs-mA","kUlvghKs-mA#B#C","1","False","","NO_DIRECT_EXPORT_NOT_PROVEN_MISSING"
"kVGz48sqNJM","kVGz48sqNJM#l#l","1","False","","NO_DIRECT_EXPORT_NOT_PROVEN_MISSING"
"kWH76XkadNY","kWH76XkadNY#l#l","1","False","","NO_DIRECT_EXPORT_NOT_PROVEN_MISSING"
"kZFwfdh0z5o","kZFwfdh0z5o#l#l","1","False","","NO_DIRECT_EXPORT_NOT_PROVEN_MISSING"
"kaAYYbwFoAg","kaAYYbwFoAg#l#l","1","True","src\SharpEmu.Libs\Np\V50ExportsPart01.cs","DIRECT_SYSABI_EXPORT_PRESENT"
"kdFImtTD0hc","kdFImtTD0hc#5#4","1","False","","NO_DIRECT_EXPORT_NOT_PROVEN_MISSING"
"khvgaTcMzP0","khvgaTcMzP0#l#l","1","False","","NO_DIRECT_EXPORT_NOT_PROVEN_MISSING"
"kiZSXIWd9vg","kiZSXIWd9vg#4#3","1","True","src\SharpEmu.Libs\Kernel\KernelMemoryCompatExports.cs","DIRECT_SYSABI_EXPORT_PRESENT"
"kjGNMDCO7jk","kjGNMDCO7jk#l#l","1","True","src\SharpEmu.Libs\Np\V48ExportsPart03.cs","DIRECT_SYSABI_EXPORT_PRESENT"
"kn0yiYeExgA","kn0yiYeExgA#4#3","1","True","src\SharpEmu.Libs\LibcCompat\LibcMemoryStringExports.cs","DIRECT_SYSABI_EXPORT_PRESENT"
"kpbW7Dr44Gc","kpbW7Dr44Gc#l#l","1","True","src\SharpEmu.Libs\Np\V50ExportsPart01.cs","DIRECT_SYSABI_EXPORT_PRESENT"
"ksHRN6fY8X0","ksHRN6fY8X0#l#l","1","True","src\SharpEmu.Libs\Np\V48ExportsPart08.cs","DIRECT_SYSABI_EXPORT_PRESENT"
"ktGKgTDt-nU","ktGKgTDt-nU#l#l","1","False","","NO_DIRECT_EXPORT_NOT_PROVEN_MISSING"
"kvYEw2lBndk","kvYEw2lBndk#V#W","1","True","src\SharpEmu.Libs\Stubs\GameServiceStubs.cs","DIRECT_SYSABI_EXPORT_PRESENT"
"kw-FTaZzJoU","kw-FTaZzJoU#l#l","1","True","src\SharpEmu.Libs\Np\V46ExportsPart17.cs","DIRECT_SYSABI_EXPORT_PRESENT"
"kwGyyjohI50","kwGyyjohI50#3#N","1","True","src\SharpEmu.Libs\Kernel\KernelEventQueueCompatExports.cs","DIRECT_SYSABI_EXPORT_PRESENT"
"kz2Z38yTLq0","kz2Z38yTLq0#l#l","1","False","","NO_DIRECT_EXPORT_NOT_PROVEN_MISSING"
"l-ackmrDncM","l-ackmrDncM#l#l","1","True","src\SharpEmu.Libs\Np\V50ExportsPart03.cs","DIRECT_SYSABI_EXPORT_PRESENT"
"l1R5eJgjwys","l1R5eJgjwys#l#l","1","False","","NO_DIRECT_EXPORT_NOT_PROVEN_MISSING"
"l3-83fvIqvM","l3-83fvIqvM#l#l","1","False","","NO_DIRECT_EXPORT_NOT_PROVEN_MISSING"
"l4fM9K-Lyks","l4fM9K-Lyks#B#C","1","True","src\SharpEmu.Libs\Agc\AgcExports.cs","DIRECT_SYSABI_EXPORT_PRESENT"
"l7FaTnbBF8A","l7FaTnbBF8A#l#l","1","True","src\SharpEmu.Libs\Np\V48ExportsPart04.cs","DIRECT_SYSABI_EXPORT_PRESENT"
"lA2Lycz6ugQ","lA2Lycz6ugQ#l#l","1","False","","NO_DIRECT_EXPORT_NOT_PROVEN_MISSING"
"lCUIV-jwm70","lCUIV-jwm70#l#l","1","True","src\SharpEmu.Libs\Np\V48ExportsPart05.cs","DIRECT_SYSABI_EXPORT_PRESENT"
"lCcoeldiMhM","lCcoeldiMhM#l#l","1","False","","NO_DIRECT_EXPORT_NOT_PROVEN_MISSING"
"lCqD7oycmIM","lCqD7oycmIM#G#H","1","True","src\SharpEmu.Libs\Ngs2\Ngs2Exports.cs","DIRECT_SYSABI_EXPORT_PRESENT"
"lDqxaY1UbEo","lDqxaY1UbEo#a#a","1","True","src\SharpEmu.Libs\CommonDialog\MsgDialogExports.cs","DIRECT_SYSABI_EXPORT_PRESENT"
"lFoCvh0UOew","lFoCvh0UOew#l#l","1","True","src\SharpEmu.Libs\Np\NpCppWebApiV44Exports.cs","DIRECT_SYSABI_EXPORT_PRESENT"
"lJUQuaKqoKY","lJUQuaKqoKY#S#T","1","True","src\SharpEmu.Libs\SaveData\SaveDataExports.cs","DIRECT_SYSABI_EXPORT_PRESENT"
"lK8dLBNp9OE","lK8dLBNp9OE#V#W","1","False","","NO_DIRECT_EXPORT_NOT_PROVEN_MISSING"
"lKEN2IebgJ0","lKEN2IebgJ0#4#3","2","False","","NO_DIRECT_EXPORT_NOT_PROVEN_MISSING"
"lLMT9vJAck0","lLMT9vJAck0#M#N","1","True","src\SharpEmu.Libs\Kernel\KernelMemoryCompatExports.cs","DIRECT_SYSABI_EXPORT_PRESENT"
"lQ7+8vb2vx4","lQ7+8vb2vx4#l#l","1","False","","NO_DIRECT_EXPORT_NOT_PROVEN_MISSING"
"lQOCF84lvzw","lQOCF84lvzw#m#m","1","False","","DEFER_NETWORK_SEMANTICS"
"lUk6wrGXyMw","lUk6wrGXyMw#M#N","1","False","","NO_DIRECT_EXPORT_NOT_PROVEN_MISSING"
"lYGZWRWJP6Q","lYGZWRWJP6Q#l#l","1","False","","NO_DIRECT_EXPORT_NOT_PROVEN_MISSING"
"layhczIKTH4","layhczIKTH4#l#l","1","True","src\SharpEmu.Libs\Np\V50ExportsPart03.cs","DIRECT_SYSABI_EXPORT_PRESENT"
"lbB+UlZqVG0","lbB+UlZqVG0#4#3","1","True","src\SharpEmu.Libs\LibcStdioExports.cs","DIRECT_SYSABI_EXPORT_PRESENT"
"lbPlT4+QVcE","lbPlT4+QVcE#p#p","1","False","","NO_DIRECT_EXPORT_NOT_PROVEN_MISSING"
"ldwx4dhgoh8","ldwx4dhgoh8#l#l","1","True","src\SharpEmu.Libs\Np\V50ExportsPart03.cs","DIRECT_SYSABI_EXPORT_PRESENT"
"lgu-GuXVCOo","lgu-GuXVCOo#l#l","1","False","","NO_DIRECT_EXPORT_NOT_PROVEN_MISSING"
"lh6XyHyme90","lh6XyHyme90#l#l","1","True","src\SharpEmu.Libs\Np\V50ExportsPart03.cs","DIRECT_SYSABI_EXPORT_PRESENT"
"lhpd6Wk6ccs","lhpd6Wk6ccs#4#3","1","True","src\SharpEmu.Libs\LibcCompat\LibcMathCompilerRuntimeExports.cs","DIRECT_SYSABI_EXPORT_PRESENT"
"lje+7Q7rn5U","lje+7Q7rn5U#l#l","1","False","","NO_DIRECT_EXPORT_NOT_PROVEN_MISSING"
"lmima8meJtc","lmima8meJtc#l#l","1","True","src\SharpEmu.Libs\Np\V46ExportsPart18.cs","DIRECT_SYSABI_EXPORT_PRESENT"
"ls4jfY576lw","ls4jfY576lw#A#B","1","False","","NO_DIRECT_EXPORT_NOT_PROVEN_MISSING"
"ltCfaGr2JGE","ltCfaGr2JGE#M#N","1","True","src\SharpEmu.Libs\Kernel\KernelPthreadCompatExports.cs","DIRECT_SYSABI_EXPORT_PRESENT"
"luaN6xA1bn8","luaN6xA1bn8#l#l","1","True","src\SharpEmu.Libs\Np\V47ExportsPart05.cs","DIRECT_SYSABI_EXPORT_PRESENT"
"lvNClhNHzxI","lvNClhNHzxI#i#i","1","False","","NO_DIRECT_EXPORT_NOT_PROVEN_MISSING"
"lvljpaO7euQ","lvljpaO7euQ#l#l","1","True","src\SharpEmu.Libs\Np\V48ExportsPart08.cs","DIRECT_SYSABI_EXPORT_PRESENT"
"lwS-7y3jcBI","lwS-7y3jcBI#5#4","1","True","src\SharpEmu.Libs\Ampr\AmprExports.cs","DIRECT_SYSABI_EXPORT_PRESENT"
"lxtHJMwBsaU","lxtHJMwBsaU#m#m","1","False","","NO_DIRECT_EXPORT_NOT_PROVEN_MISSING"
"lyDzpTI5dWM","lyDzpTI5dWM#l#l","1","True","src\SharpEmu.Libs\Np\V47ExportsPart11.cs","DIRECT_SYSABI_EXPORT_PRESENT"
"lydPjwJQufI","lydPjwJQufI#l#l","1","False","","NO_DIRECT_EXPORT_NOT_PROVEN_MISSING"
"m+fYyX8oFqw","m+fYyX8oFqw#5#4","1","False","","NO_DIRECT_EXPORT_NOT_PROVEN_MISSING"
"m-I92Ab50W8","m-I92Ab50W8#b#b","1","False","","NO_DIRECT_EXPORT_NOT_PROVEN_MISSING"
"m0iS6jNsXds","m0iS6jNsXds#M#N","1","False","","NO_DIRECT_EXPORT_NOT_PROVEN_MISSING"
"m2Z378C5GDU","m2Z378C5GDU#l#l","1","False","","NO_DIRECT_EXPORT_NOT_PROVEN_MISSING"
"m5CYKX20wfg","m5CYKX20wfg#W#X","1","False","","NO_DIRECT_EXPORT_NOT_PROVEN_MISSING"
"m5DU6GnjSlo","m5DU6GnjSlo#l#l","1","True","src\SharpEmu.Libs\Np\NpCppWebApiV44Exports.cs","DIRECT_SYSABI_EXPORT_PRESENT"
"m5wN+SwZOR4","m5wN+SwZOR4#4#3","1","False","","NO_DIRECT_EXPORT_NOT_PROVEN_MISSING"
"m6o+BHqSlG8","m6o+BHqSlG8#l#l","1","False","","NO_DIRECT_EXPORT_NOT_PROVEN_MISSING"
"m7ykSknwnRg","m7ykSknwnRg#l#l","1","False","","NO_DIRECT_EXPORT_NOT_PROVEN_MISSING"
"m87BHxt-H60","m87BHxt-H60#g#g","1","True","src\SharpEmu.Libs\NpGameIntent\NpGameIntentExports.cs","DIRECT_SYSABI_EXPORT_PRESENT"
"mA00Xm1g-80","mA00Xm1g-80#l#l","1","True","src\SharpEmu.Libs\Np\V48ExportsPart04.cs","DIRECT_SYSABI_EXPORT_PRESENT"
"mAJiQGwBKOs","mAJiQGwBKOs#l#l","1","True","src\SharpEmu.Libs\Np\NpCppWebApiV44Exports.cs","DIRECT_SYSABI_EXPORT_PRESENT"
"mB3-pVyXXps","mB3-pVyXXps#l#l","1","True","src\SharpEmu.Libs\Np\V46ExportsPart06.cs","DIRECT_SYSABI_EXPORT_PRESENT"
"mBbG0YM9fEM","mBbG0YM9fEM#l#l","1","False","","NO_DIRECT_EXPORT_NOT_PROVEN_MISSING"
"mBxWXq2rJMo","mBxWXq2rJMo#l#l","1","False","","NO_DIRECT_EXPORT_NOT_PROVEN_MISSING"
"mDmgMOGVUqg","mDmgMOGVUqg#M#N","1","True","src\SharpEmu.Libs\Kernel\KernelPthreadCompatExports.cs","DIRECT_SYSABI_EXPORT_PRESENT"
"mGsBNF15gDU","mGsBNF15gDU#l#l","1","True","src\SharpEmu.Libs\Np\V46ExportsPart15.cs","DIRECT_SYSABI_EXPORT_PRESENT"
"mHtHPNmc+2M","mHtHPNmc+2M#l#l","1","False","","NO_DIRECT_EXPORT_NOT_PROVEN_MISSING"
"mLxIRUZyHHU","mLxIRUZyHHU#l#l","1","True","src\SharpEmu.Libs\Np\V46ExportsPart08.cs","DIRECT_SYSABI_EXPORT_PRESENT"
"mPYgU4oYpuY","mPYgU4oYpuY#G#H","1","True","src\SharpEmu.Libs\Ngs2\Ngs2Exports.cs","DIRECT_SYSABI_EXPORT_PRESENT"
"mQ16-QdKv7k","mQ16-QdKv7k#5#4","1","True","src\SharpEmu.Core\Cpu\Native\DirectExecutionBackend.DragonBallFighterZAprReadTrace.cs;src\SharpEmu.Libs\Ampr\AmprExports.cs","DIRECT_SYSABI_EXPORT_PRESENT"
"mQfTgWuG0FA","mQfTgWuG0FA#l#l","1","False","","NO_DIRECT_EXPORT_NOT_PROVEN_MISSING"
"mR9j7+SfM34","mR9j7+SfM34#B#C","1","False","","NO_DIRECT_EXPORT_NOT_PROVEN_MISSING"
"mSM-Qy4oFi0","mSM-Qy4oFi0#l#l","1","True","src\SharpEmu.Libs\Np\V47ExportsPart14.cs","DIRECT_SYSABI_EXPORT_PRESENT"
"mStuvI0zOtc","mStuvI0zOtc#B#C","1","True","src\SharpEmu.Libs\Agc\AgcExports.cs","DIRECT_SYSABI_EXPORT_PRESENT"
"mTdwsiRfpf4","mTdwsiRfpf4#l#l","1","False","","NO_DIRECT_EXPORT_NOT_PROVEN_MISSING"
"mUft23Sr2KU","mUft23Sr2KU#l#l","1","True","src\SharpEmu.Libs\Np\V50ExportsPart03.cs","DIRECT_SYSABI_EXPORT_PRESENT"
"mV3PKml1+B4","mV3PKml1+B4#l#l","1","True","src\SharpEmu.Libs\Np\NpCppWebApiV44Exports.cs","DIRECT_SYSABI_EXPORT_PRESENT"
"mXlxhmLNMPg","mXlxhmLNMPg#4#3","1","True","src\SharpEmu.Libs\LibcCompat\LibcRuntimeExpansionV46Exports.cs","DIRECT_SYSABI_EXPORT_PRESENT"
"mXn+K9E-wOA","mXn+K9E-wOA#A#B","1","False","","NO_DIRECT_EXPORT_NOT_PROVEN_MISSING"
"mYUENHsJfe0","mYUENHsJfe0#l#l","1","True","src\SharpEmu.Libs\Np\V46ExportsPart15.cs","DIRECT_SYSABI_EXPORT_PRESENT"
"mYo06zO7G3c","mYo06zO7G3c#l#l","1","False","","NO_DIRECT_EXPORT_NOT_PROVEN_MISSING"
"mZSbNJVJpV8","mZSbNJVJpV8#5#4","1","False","","NO_DIRECT_EXPORT_NOT_PROVEN_MISSING"
"mZxR56GIXBk","mZxR56GIXBk#l#l","1","True","src\SharpEmu.Libs\Np\V46ExportsPart18.cs","DIRECT_SYSABI_EXPORT_PRESENT"
"mfJBpJ+qoLA","mfJBpJ+qoLA#l#l","1","False","","NO_DIRECT_EXPORT_NOT_PROVEN_MISSING"
"mfsiKgM1X2c","mfsiKgM1X2c#l#l","1","False","","NO_DIRECT_EXPORT_NOT_PROVEN_MISSING"
"mieJ+AVFBnQ","mieJ+AVFBnQ#l#l","1","False","","NO_DIRECT_EXPORT_NOT_PROVEN_MISSING"
"mjChPky6hL0","mjChPky6hL0#l#l","1","False","","NO_DIRECT_EXPORT_NOT_PROVEN_MISSING"
"mkWsKEh0h0o","mkWsKEh0h0o#l#l","1","True","src\SharpEmu.Libs\Np\V46ExportsPart13.cs","DIRECT_SYSABI_EXPORT_PRESENT"
"mku1GIeN1Fw","mku1GIeN1Fw#l#l","1","True","src\SharpEmu.Libs\Np\V50ExportsPart04.cs","DIRECT_SYSABI_EXPORT_PRESENT"
"mkx2fVhNMsg","mkx2fVhNMsg#M#N","1","True","src\SharpEmu.Libs\Kernel\KernelPthreadCompatExports.cs","DIRECT_SYSABI_EXPORT_PRESENT"
"mljzuGDZRQ4","mljzuGDZRQ4#B#C","1","True","src\SharpEmu.Libs\Agc\AgcExports.cs","DIRECT_SYSABI_EXPORT_PRESENT"
"mmyOCxQMVYQ","mmyOCxQMVYQ#j#j","1","True","src\SharpEmu.Libs\Network\Http2Exports.cs","NO_DIRECT_EXPORT_NOT_PROVEN_MISSING"
"mpEZaKKV5Bw","mpEZaKKV5Bw#l#l","1","False","","NO_DIRECT_EXPORT_NOT_PROVEN_MISSING"
"mqM7+dpduR0","mqM7+dpduR0#l#l","1","False","","NO_DIRECT_EXPORT_NOT_PROVEN_MISSING"
"mqULNdimTn0","mqULNdimTn0#M#N","1","True","src\SharpEmu.Libs\Kernel\KernelPthreadExtendedCompatExports.cs","DIRECT_SYSABI_EXPORT_PRESENT"
"mqXwMzp+7pE","mqXwMzp+7pE#l#l","1","True","src\SharpEmu.Libs\Np\V50ExportsPart01.cs","DIRECT_SYSABI_EXPORT_PRESENT"
"mqdNorrB+gI","mqdNorrB+gI#3#N","1","True","src\SharpEmu.Libs\Kernel\KernelPthreadExtendedCompatExports.cs","DIRECT_SYSABI_EXPORT_PRESENT"
"ms1xVoZ-Vwc","ms1xVoZ-Vwc#B#C","1","False","","NO_DIRECT_EXPORT_NOT_PROVEN_MISSING"
"mv0O8Zg0woU","mv0O8Zg0woU#5#4","1","False","","NO_DIRECT_EXPORT_NOT_PROVEN_MISSING"
"mxFJwBFDCvg","mxFJwBFDCvg#l#l","1","True","src\SharpEmu.Libs\Np\V46ExportsPart11.cs","DIRECT_SYSABI_EXPORT_PRESENT"
"n1fn2KFeLDA","n1fn2KFeLDA#n#n","1","False","","NO_DIRECT_EXPORT_NOT_PROVEN_MISSING"
"n1yCLMxpseQ","n1yCLMxpseQ#l#l","1","True","src\SharpEmu.Libs\Np\V48ExportsPart09.cs","DIRECT_SYSABI_EXPORT_PRESENT"
"n2fD4A+pb+g","n2fD4A+pb+g#B#C","1","True","src\SharpEmu.Libs\Agc\AgcExports.cs","DIRECT_SYSABI_EXPORT_PRESENT"
"n3kSX62fgNo","n3kSX62fgNo#D#E","1","False","","DEFER_UNKNOWN_IDENTITY"
"n485EBnIWmk","n485EBnIWmk#B#C","1","True","src\SharpEmu.Libs\Agc\AgcExports.cs","DIRECT_SYSABI_EXPORT_PRESENT"
"n590hj5Oe-k","n590hj5Oe-k#v#v","1","True","src\SharpEmu.Libs\Font\FontExports.cs","DIRECT_SYSABI_EXPORT_PRESENT"
"n5ElQVYsU1A","n5ElQVYsU1A#A#B","1","False","","NO_DIRECT_EXPORT_NOT_PROVEN_MISSING"
"n6PRMUwUtXU","n6PRMUwUtXU#l#l","1","True","src\SharpEmu.Libs\Np\V46ExportsPart15.cs","DIRECT_SYSABI_EXPORT_PRESENT"
"n7AepwR0s34","n7AepwR0s34#4#3","1","False","","NO_DIRECT_EXPORT_NOT_PROVEN_MISSING"
"n88vx3C5nW8","n88vx3C5nW8#M#N","1","True","src\SharpEmu.Libs\Kernel\KernelRuntimeCompatExports.cs","DIRECT_SYSABI_EXPORT_PRESENT"
"n8vgpaQg6dA","n8vgpaQg6dA#B#C","1","False","","NO_DIRECT_EXPORT_NOT_PROVEN_MISSING"
"nBDD66kiFW8","nBDD66kiFW8#c#c","1","True","src\SharpEmu.Libs\Share\ShareExports.cs","DIRECT_SYSABI_EXPORT_PRESENT"
"nCUgItdN2ms","nCUgItdN2ms#B#C","1","False","","NO_DIRECT_EXPORT_NOT_PROVEN_MISSING"
"nE0ooeCMRm8","nE0ooeCMRm8#l#l","1","False","","NO_DIRECT_EXPORT_NOT_PROVEN_MISSING"
"nJNonkUuVms","nJNonkUuVms#l#l","1","False","","NO_DIRECT_EXPORT_NOT_PROVEN_MISSING"
"nJz16JE1txM","nJz16JE1txM#4#3","1","True","src\SharpEmu.Libs\Kernel\KernelMemoryCompatExports.cs","DIRECT_SYSABI_EXPORT_PRESENT"
"nL9vSVq-29s","nL9vSVq-29s#l#l","1","False","","NO_DIRECT_EXPORT_NOT_PROVEN_MISSING"
"nLA4Ue4iOGU","nLA4Ue4iOGU#l#l","1","True","src\SharpEmu.Libs\Np\V50ExportsPart03.cs","DIRECT_SYSABI_EXPORT_PRESENT"
"nNlUtdDDvZ0","nNlUtdDDvZ0#B#C","1","False","","NO_DIRECT_EXPORT_NOT_PROVEN_MISSING"
"nNqExI9JIMk","nNqExI9JIMk#l#l","1","False","","NO_DIRECT_EXPORT_NOT_PROVEN_MISSING"
"nP-yK1MfjXw","nP-yK1MfjXw#l#l","1","True","src\SharpEmu.Libs\Np\V46ExportsPart14.cs","DIRECT_SYSABI_EXPORT_PRESENT"
"nXa0s7xnbsQ","nXa0s7xnbsQ#l#l","1","True","src\SharpEmu.Libs\Np\V47ExportsPart08.cs","DIRECT_SYSABI_EXPORT_PRESENT"
"nZNxsX9uPfk","nZNxsX9uPfk#l#l","1","False","","NO_DIRECT_EXPORT_NOT_PROVEN_MISSING"
"nZqMHNtatUU","nZqMHNtatUU#l#l","1","True","src\SharpEmu.Libs\Np\V46ExportsPart18.cs","DIRECT_SYSABI_EXPORT_PRESENT"
"naInUjYt3so","naInUjYt3so#3#N","1","True","src\SharpEmu.Libs\Kernel\KernelMemoryCompatExports.cs","DIRECT_SYSABI_EXPORT_PRESENT"
"nbRU58b2L1E","nbRU58b2L1E#l#l","1","False","","NO_DIRECT_EXPORT_NOT_PROVEN_MISSING"
"nfr6YfsSasQ","nfr6YfsSasQ#l#l","1","True","src\SharpEmu.Libs\Np\V50ExportsPart03.cs","DIRECT_SYSABI_EXPORT_PRESENT"
"nj0zxZTsvg4","nj0zxZTsvg4#l#l","1","True","src\SharpEmu.Libs\Np\V46ExportsPart15.cs","DIRECT_SYSABI_EXPORT_PRESENT"
"njBb1RnJ43M","njBb1RnJ43M#l#l","1","False","","NO_DIRECT_EXPORT_NOT_PROVEN_MISSING"
"nlaojL9hDtA","nlaojL9hDtA#4#3","1","True","src\SharpEmu.Libs\LibcCompat\LibcMathCompilerRuntimeExports.cs","DIRECT_SYSABI_EXPORT_PRESENT"
"nmz5JYKcMfY","nmz5JYKcMfY#l#l","1","False","","NO_DIRECT_EXPORT_NOT_PROVEN_MISSING"
"noBxgWVHwBg","noBxgWVHwBg#l#l","1","True","src\SharpEmu.Libs\Np\V46ExportsPart19.cs","DIRECT_SYSABI_EXPORT_PRESENT"
"npLpPTaSuHg","npLpPTaSuHg#4#3","1","False","","NO_DIRECT_EXPORT_NOT_PROVEN_MISSING"
"npMIfvNUuiQ","npMIfvNUuiQ#l#l","1","False","","NO_DIRECT_EXPORT_NOT_PROVEN_MISSING"
"nrPfOE8TQu0","nrPfOE8TQu0#j#j","1","True","src\SharpEmu.Libs\Network\Http2Exports.cs","NO_DIRECT_EXPORT_NOT_PROVEN_MISSING"
"nsYoNRywwNg","nsYoNRywwNg#3#N","1","True","src\SharpEmu.Libs\Kernel\KernelPthreadExtendedCompatExports.cs","DIRECT_SYSABI_EXPORT_PRESENT"
"ntfVELXIYvE","ntfVELXIYvE#l#l","1","True","src\SharpEmu.Libs\Np\V46ExportsPart19.cs","DIRECT_SYSABI_EXPORT_PRESENT"
"nu4a0-arQis","nu4a0-arQis#3#N","1","True","src\SharpEmu.Libs\Kernel\KernelRuntimeCompatExports.cs","DIRECT_SYSABI_EXPORT_PRESENT"
"nwqYelH-nW4","nwqYelH-nW4#l#l","1","False","","NO_DIRECT_EXPORT_NOT_PROVEN_MISSING"
"nwujzxOPXzQ","nwujzxOPXzQ#4#3","1","False","","NO_DIRECT_EXPORT_NOT_PROVEN_MISSING"
"o0DBQpFE13o","o0DBQpFE13o#j#j","1","False","","NO_DIRECT_EXPORT_NOT_PROVEN_MISSING"
"o0G0ttErXCI","o0G0ttErXCI#l#l","1","True","src\SharpEmu.Libs\Np\NpCppWebApiV45Exports.cs","DIRECT_SYSABI_EXPORT_PRESENT"
"o16occEFteM","o16occEFteM#l#l","1","False","","NO_DIRECT_EXPORT_NOT_PROVEN_MISSING"
"o4qtwaucN+Y","o4qtwaucN+Y#l#l","2","False","","NO_DIRECT_EXPORT_NOT_PROVEN_MISSING"
"o5bwR+jJ3O8","o5bwR+jJ3O8#l#l","1","False","","NO_DIRECT_EXPORT_NOT_PROVEN_MISSING"
"o65F+Yukk7g","o65F+Yukk7g#l#l","1","True","src\SharpEmu.Libs\Np\V50ExportsPart03.cs","DIRECT_SYSABI_EXPORT_PRESENT"
"o69RpYO-Mu0","o69RpYO-Mu0#3#N","1","False","","NO_DIRECT_EXPORT_NOT_PROVEN_MISSING"
"o7Rj82lRZ98","o7Rj82lRZ98#l#l","1","True","src\SharpEmu.Libs\Np\NpCppWebApiV45Exports.cs","DIRECT_SYSABI_EXPORT_PRESENT"
"o9eWRkSL+M4","o9eWRkSL+M4#h#h","1","True","src\SharpEmu.Libs\AvPlayer\AvPlayerExports.cs","DIRECT_SYSABI_EXPORT_PRESENT"
"oAuFlME7yNI","oAuFlME7yNI#l#l","1","True","src\SharpEmu.Libs\Np\V46ExportsPart19.cs","DIRECT_SYSABI_EXPORT_PRESENT"
"oBcQL9+IY8U","oBcQL9+IY8U#l#l","1","False","","NO_DIRECT_EXPORT_NOT_PROVEN_MISSING"
"oBmw4xrmfKs","oBmw4xrmfKs#Y#Z","1","True","src\SharpEmu.Libs\Ime\ImeDialogExports.cs","DIRECT_SYSABI_EXPORT_PRESENT"
"oBr313PppNE","oBr313PppNE#M#N","1","False","","NO_DIRECT_EXPORT_NOT_PROVEN_MISSING"
"oEHZ5ia8+KY","oEHZ5ia8+KY#l#l","1","False","","NO_DIRECT_EXPORT_NOT_PROVEN_MISSING"
"oIAblY6YUTQ","oIAblY6YUTQ#l#l","1","False","","NO_DIRECT_EXPORT_NOT_PROVEN_MISSING"
"oM+XCzVG3oM","oM+XCzVG3oM#w#w","1","True","src\SharpEmu.Libs\Font\FontExports.cs","DIRECT_SYSABI_EXPORT_PRESENT"
"oQrvxj3qQq8","oQrvxj3qQq8#l#l","1","False","","NO_DIRECT_EXPORT_NOT_PROVEN_MISSING"
"oTirsxQpqj0","oTirsxQpqj0#l#l","1","False","","NO_DIRECT_EXPORT_NOT_PROVEN_MISSING"
"oVkZ8W8-Q8A","oVkZ8W8-Q8A#4#3","1","True","src\SharpEmu.Libs\LibcCompat\LibcRuntimeExpansionV46Exports.cs","DIRECT_SYSABI_EXPORT_PRESENT"
"oYUTamHByZI","oYUTamHByZI#l#l","1","False","","NO_DIRECT_EXPORT_NOT_PROVEN_MISSING"
"ob5xAW4ln-0","ob5xAW4ln-0#4#3","1","True","src\SharpEmu.Libs\Kernel\KernelMemoryCompatExports.cs","DIRECT_SYSABI_EXPORT_PRESENT"
"obpwwLfR1Ew","obpwwLfR1Ew#l#l","1","True","src\SharpEmu.Libs\Np\V50ExportsPart01.cs","DIRECT_SYSABI_EXPORT_PRESENT"
"obuxdTiwkF8","obuxdTiwkF8#F#G","1","True","src\SharpEmu.Libs\Network\NetCtlExports.cs","DIRECT_SYSABI_EXPORT_PRESENT"
"ocHtyBwHfys","ocHtyBwHfys#s#s","1","True","src\SharpEmu.Libs\Stubs\GameServiceStubs.cs","DIRECT_SYSABI_EXPORT_PRESENT"
"ocg6JEGRtz0","ocg6JEGRtz0#l#l","1","False","","NO_DIRECT_EXPORT_NOT_PROVEN_MISSING"
"ogc2cNOobW8","ogc2cNOobW8#l#l","1","False","","NO_DIRECT_EXPORT_NOT_PROVEN_MISSING"
"oib76F-12fk","oib76F-12fk#3#N","1","True","src\SharpEmu.Libs\Kernel\KernelMemoryCompatExports.cs","DIRECT_SYSABI_EXPORT_PRESENT"
"oicZcfjulAs","oicZcfjulAs#l#l","1","True","src\SharpEmu.Libs\Np\V46ExportsPart15.cs","DIRECT_SYSABI_EXPORT_PRESENT"
"ojA1dqecGw4","ojA1dqecGw4#l#l","1","False","","NO_DIRECT_EXPORT_NOT_PROVEN_MISSING"
"ojBkmG7+CgE","ojBkmG7+CgE#5#4","1","False","","NO_DIRECT_EXPORT_NOT_PROVEN_MISSING"
"ojac7V4XpDU","ojac7V4XpDU#l#l","1","False","","NO_DIRECT_EXPORT_NOT_PROVEN_MISSING"
"okAxtWIxibY","okAxtWIxibY#l#l","1","False","","NO_DIRECT_EXPORT_NOT_PROVEN_MISSING"
"olf4MzGpXWM","olf4MzGpXWM#l#l","1","False","","NO_DIRECT_EXPORT_NOT_PROVEN_MISSING"
"onFll9DvvBY","onFll9DvvBY#l#l","1","True","src\SharpEmu.Libs\Np\V46ExportsPart15.cs","DIRECT_SYSABI_EXPORT_PRESENT"
"onNY9Byn-W8","onNY9Byn-W8#3#N","1","True","src\SharpEmu.Libs\Kernel\KernelExports.cs","DIRECT_SYSABI_EXPORT_PRESENT"
"opR1JeJZCBU","opR1JeJZCBU#B#C","1","False","","NO_DIRECT_EXPORT_NOT_PROVEN_MISSING"
"ou16V5hh5sg","ou16V5hh5sg#B#C","1","False","","NO_DIRECT_EXPORT_NOT_PROVEN_MISSING"
"owrpOxU0eoE","owrpOxU0eoE#l#l","1","False","","NO_DIRECT_EXPORT_NOT_PROVEN_MISSING"
"oz6zQq1JwCE","oz6zQq1JwCE#B#C","1","False","","NO_DIRECT_EXPORT_NOT_PROVEN_MISSING"
"ozKzBP4aki4","ozKzBP4aki4#B#C","1","False","","NO_DIRECT_EXPORT_NOT_PROVEN_MISSING"
"ozMAr28BwSY","ozMAr28BwSY#4#3","1","False","","NO_DIRECT_EXPORT_NOT_PROVEN_MISSING"
"p+GcLqwpL9M","p+GcLqwpL9M#p#p","1","True","src\SharpEmu.Libs\Np\NpUniversalDataSystemExports.cs","DIRECT_SYSABI_EXPORT_PRESENT"
"p1SPtutBLtQ","p1SPtutBLtQ#l#l","1","False","","NO_DIRECT_EXPORT_NOT_PROVEN_MISSING"
"p2uPjeeVeVE","p2uPjeeVeVE#l#l","1","False","","NO_DIRECT_EXPORT_NOT_PROVEN_MISSING"
"p52lBBeQdJM","p52lBBeQdJM#l#l","1","False","","NO_DIRECT_EXPORT_NOT_PROVEN_MISSING"
"p7ieGjluqCU","p7ieGjluqCU#l#l","1","True","src\SharpEmu.Libs\Np\V46ExportsPart15.cs","DIRECT_SYSABI_EXPORT_PRESENT"
"p9tI+yTvx68","p9tI+yTvx68#B#C","1","False","","NO_DIRECT_EXPORT_NOT_PROVEN_MISSING"
"pAI9K0j3zuc","pAI9K0j3zuc#l#l","1","False","","NO_DIRECT_EXPORT_NOT_PROVEN_MISSING"
"pBSgMrf0tnM","pBSgMrf0tnM#l#l","1","True","src\SharpEmu.Libs\Np\V50ExportsPart02.cs","DIRECT_SYSABI_EXPORT_PRESENT"
"pChAYPYSxWA","pChAYPYSxWA#l#l","1","False","","NO_DIRECT_EXPORT_NOT_PROVEN_MISSING"
"pDUQVO32lZY","pDUQVO32lZY#l#l","1","True","src\SharpEmu.Libs\Np\NpCppWebApiV45Exports.cs","DIRECT_SYSABI_EXPORT_PRESENT"
"pDom5-078DA","pDom5-078DA#j#j","1","True","src\SharpEmu.Libs\Network\Http2Exports.cs","NO_DIRECT_EXPORT_NOT_PROVEN_MISSING"
"pFLArOT53+w","pFLArOT53+w#B#C","1","False","","NO_DIRECT_EXPORT_NOT_PROVEN_MISSING"
"pFQ9UHpO52s","pFQ9UHpO52s#5#4","1","False","","NO_DIRECT_EXPORT_NOT_PROVEN_MISSING"
"pITl48PLFeg","pITl48PLFeg#l#l","1","True","src\SharpEmu.Libs\Np\V46ExportsPart19.cs","DIRECT_SYSABI_EXPORT_PRESENT"
"pJGfKNGIPpI","pJGfKNGIPpI#l#l","1","True","src\SharpEmu.Libs\Np\V46ExportsPart07.cs","DIRECT_SYSABI_EXPORT_PRESENT"
"pKwslsMUmSk","pKwslsMUmSk#4#3","1","True","src\SharpEmu.Libs\LibcCompat\LibcMathCompilerRuntimeExports.cs","DIRECT_SYSABI_EXPORT_PRESENT"
"pLgDetoUvdE","pLgDetoUvdE#l#l","1","True","src\SharpEmu.Libs\Np\V46ExportsPart19.cs","DIRECT_SYSABI_EXPORT_PRESENT"
"pNtJdE3x49E","pNtJdE3x49E#4#3","1","True","src\SharpEmu.Libs\Kernel\KernelMemoryCompatExports.cs","DIRECT_SYSABI_EXPORT_PRESENT"
"pO96TwzOm5E","pO96TwzOm5E#3#N","1","True","src\SharpEmu.Libs\Kernel\KernelMemoryCompatExports.cs","DIRECT_SYSABI_EXPORT_PRESENT"
"pPWv2pOXj5w","pPWv2pOXj5w#l#l","1","False","","NO_DIRECT_EXPORT_NOT_PROVEN_MISSING"
"pQGpHYopAIY","pQGpHYopAIY#E#F","1","True","src\SharpEmu.Libs\Network\NetExports.cs","DIRECT_SYSABI_EXPORT_PRESENT"
"pSpO3hPNv64","pSpO3hPNv64#l#l","1","True","src\SharpEmu.Libs\Np\V46ExportsPart20.cs","DIRECT_SYSABI_EXPORT_PRESENT"
"pUSjD6Wmxo4","pUSjD6Wmxo4#l#l","1","False","","NO_DIRECT_EXPORT_NOT_PROVEN_MISSING"
"pWE9pFFi68Q","pWE9pFFi68Q#l#l","1","False","","NO_DIRECT_EXPORT_NOT_PROVEN_MISSING"
"pWLG7WOpVcw","pWLG7WOpVcw#A#B","1","True","src\SharpEmu.Libs\Agc\AgcExports.cs","DIRECT_SYSABI_EXPORT_PRESENT"
"pXvbDfchu6k","pXvbDfchu6k#4#3","1","True","src\SharpEmu.Libs\LibcCompat\LibcMemoryStringExports.cs","DIRECT_SYSABI_EXPORT_PRESENT"
"pYoKs3lPy88","pYoKs3lPy88#B#C","1","False","","NO_DIRECT_EXPORT_NOT_PROVEN_MISSING"
"pZ9WXcClPO8","pZ9WXcClPO8#4#3","316","False","","NO_DIRECT_EXPORT_NOT_PROVEN_MISSING"
"pbnNnahE8vk","pbnNnahE8vk#5#4","1","False","","NO_DIRECT_EXPORT_NOT_PROVEN_MISSING"
"phueB6QtB5o","phueB6QtB5o#l#l","1","False","","NO_DIRECT_EXPORT_NOT_PROVEN_MISSING"
"pleuuED1nRY","pleuuED1nRY#l#l","1","False","","NO_DIRECT_EXPORT_NOT_PROVEN_MISSING"
"pmgE9a-bpHQ","pmgE9a-bpHQ#l#l","1","False","","NO_DIRECT_EXPORT_NOT_PROVEN_MISSING"
"pncKzlpsGBs","pncKzlpsGBs#l#l","1","True","src\SharpEmu.Libs\Np\V46ExportsPart17.cs","DIRECT_SYSABI_EXPORT_PRESENT"
"pq7sFJ6E6Sg","pq7sFJ6E6Sg#l#l","1","True","src\SharpEmu.Libs\Np\V50ExportsPart01.cs","DIRECT_SYSABI_EXPORT_PRESENT"
"prJ++4gQB9U","prJ++4gQB9U#l#l","1","False","","NO_DIRECT_EXPORT_NOT_PROVEN_MISSING"
"ptE7eJxWp0c","ptE7eJxWp0c#l#l","1","True","src\SharpEmu.Libs\Np\V48ExportsPart03.cs","DIRECT_SYSABI_EXPORT_PRESENT"
"puesPxZFDaQ","puesPxZFDaQ#l#l","1","True","src\SharpEmu.Libs\Np\V50ExportsPart04.cs","DIRECT_SYSABI_EXPORT_PRESENT"
"pvUFDOHilnE","pvUFDOHilnE#5#4","1","True","src\SharpEmu.Libs\Ampr\AmprExports.cs","DIRECT_SYSABI_EXPORT_PRESENT"
"pxnCmagrtao","pxnCmagrtao#M#N","1","False","","NO_DIRECT_EXPORT_NOT_PROVEN_MISSING"
"pxx-GoOSdw4","pxx-GoOSdw4#B#C","1","False","","NO_DIRECT_EXPORT_NOT_PROVEN_MISSING"
"pzhdkWrC-2c","pzhdkWrC-2c#l#l","1","True","src\SharpEmu.Libs\Np\V46ExportsPart17.cs","DIRECT_SYSABI_EXPORT_PRESENT"
"pztV4AF18iI","pztV4AF18iI#4#3","1","True","src\SharpEmu.Libs\LibcCompat\RuntimePosixRemainingExportsV54.cs","DIRECT_SYSABI_EXPORT_PRESENT"
"q+50oeoRpnY","q+50oeoRpnY#l#l","1","False","","NO_DIRECT_EXPORT_NOT_PROVEN_MISSING"
"q+9E0X3aWpU","q+9E0X3aWpU#4#3","1","False","","NO_DIRECT_EXPORT_NOT_PROVEN_MISSING"
"q0CBI7DJ0X8","q0CBI7DJ0X8#l#l","1","False","","NO_DIRECT_EXPORT_NOT_PROVEN_MISSING"
"q4VuU-QsLOE","q4VuU-QsLOE#B#C","1","False","","NO_DIRECT_EXPORT_NOT_PROVEN_MISSING"
"q88lQ+GP5Yk","q88lQ+GP5Yk#B#C","1","True","src\SharpEmu.Libs\Agc\AgcExports.cs","DIRECT_SYSABI_EXPORT_PRESENT"
"q9Ac0wYBOgQ","q9Ac0wYBOgQ#l#l","1","True","src\SharpEmu.Libs\Np\V50ExportsPart04.cs","DIRECT_SYSABI_EXPORT_PRESENT"
"q9PEYKv1Ed0","q9PEYKv1Ed0#l#l","1","True","src\SharpEmu.Libs\Np\V46ExportsPart15.cs","DIRECT_SYSABI_EXPORT_PRESENT"
"qBMjqyBn3OM","qBMjqyBn3OM#o#o","1","True","src\SharpEmu.Libs\Json\JsonValueExports.cs","DIRECT_SYSABI_EXPORT_PRESENT"
"qFz8fbyj0Z0","qFz8fbyj0Z0#l#l","1","True","src\SharpEmu.Libs\Np\V50ExportsPart02.cs","DIRECT_SYSABI_EXPORT_PRESENT"
"qGP8hoLWSEI","qGP8hoLWSEI#l#l","1","False","","NO_DIRECT_EXPORT_NOT_PROVEN_MISSING"
"qISjDHrxONc","qISjDHrxONc#O#P","1","True","src\SharpEmu.Libs\Network\HttpExports.cs","NO_DIRECT_EXPORT_NOT_PROVEN_MISSING"
"qMYMahQKgPQ","qMYMahQKgPQ#l#l","1","True","src\SharpEmu.Libs\Np\V50ExportsPart01.cs","DIRECT_SYSABI_EXPORT_PRESENT"
"qMlfB1ZhMDc","qMlfB1ZhMDc#B#C","1","True","src\SharpEmu.Libs\Agc\AgcGraphicsSizingV55Exports.cs","DIRECT_SYSABI_EXPORT_PRESENT"
"qOkG6L16PZI","qOkG6L16PZI#l#l","1","True","src\SharpEmu.Libs\Np\V46ExportsPart19.cs","DIRECT_SYSABI_EXPORT_PRESENT"
"qQJfO8HAiaY","qQJfO8HAiaY#Q#R","1","True","src\SharpEmu.Libs\Np\NpManagerExports.cs","DIRECT_SYSABI_EXPORT_PRESENT"
"qR57vtAF3gw","qR57vtAF3gw#l#l","1","False","","NO_DIRECT_EXPORT_NOT_PROVEN_MISSING"
"qSmqLXXCPas","qSmqLXXCPas#o#o","1","True","src\SharpEmu.Libs\Json\JsonValueExports.cs","DIRECT_SYSABI_EXPORT_PRESENT"
"qUziNVrQ+wo","qUziNVrQ+wo#l#l","1","True","src\SharpEmu.Libs\Np\NpCppWebApiV44Exports.cs","DIRECT_SYSABI_EXPORT_PRESENT"
"qXL7ilwIZUw","qXL7ilwIZUw#l#l","1","True","src\SharpEmu.Libs\Np\V48ExportsPart04.cs","DIRECT_SYSABI_EXPORT_PRESENT"
"qYhnoevd9bI","qYhnoevd9bI#4#3","1","False","","NO_DIRECT_EXPORT_NOT_PROVEN_MISSING"
"qbG3dvn-Qvo","qbG3dvn-Qvo#l#l","1","True","src\SharpEmu.Libs\Np\NpCppWebApiV44Exports.cs","DIRECT_SYSABI_EXPORT_PRESENT"
"qdGFBoLVNKI","qdGFBoLVNKI#4#3","1","False","","NO_DIRECT_EXPORT_NOT_PROVEN_MISSING"
"qe7oZ+v4PWA","qe7oZ+v4PWA#O#P","1","True","src\SharpEmu.Libs\Network\HttpExports.cs","NO_DIRECT_EXPORT_NOT_PROVEN_MISSING"
"qesF88X4DRg","qesF88X4DRg#5#4","1","False","","NO_DIRECT_EXPORT_NOT_PROVEN_MISSING"
"qf2I9BlKXis","qf2I9BlKXis#l#l","1","True","src\SharpEmu.Libs\Np\V50ExportsPart02.cs","DIRECT_SYSABI_EXPORT_PRESENT"
"qfNBROhf3q8","qfNBROhf3q8#l#l","1","True","src\SharpEmu.Libs\Np\V46ExportsPart16.cs","DIRECT_SYSABI_EXPORT_PRESENT"
"qgxDBjorUxs","qgxDBjorUxs#O#P","1","True","src\SharpEmu.Libs\Network\HttpExports.cs","NO_DIRECT_EXPORT_NOT_PROVEN_MISSING"
"qi+xvgAV4bo","qi+xvgAV4bo#l#l","1","True","src\SharpEmu.Libs\Np\V47ExportsPart05.cs","DIRECT_SYSABI_EXPORT_PRESENT"
"qiD2PU2Jstc","qiD2PU2Jstc#l#l","1","False","","NO_DIRECT_EXPORT_NOT_PROVEN_MISSING"
"qj7QZpgr9Uw","qj7QZpgr9Uw#B#C","1","True","src\SharpEmu.Libs\Agc\AgcExports.cs","DIRECT_SYSABI_EXPORT_PRESENT"
"qnvk932UxYg","qnvk932UxYg#l#l","1","True","src\SharpEmu.Libs\Np\V47ExportsPart02.cs","DIRECT_SYSABI_EXPORT_PRESENT"
"qpqAsPMQlxs","qpqAsPMQlxs#l#l","1","False","","NO_DIRECT_EXPORT_NOT_PROVEN_MISSING"
"qspAL8bgcBY","qspAL8bgcBY#A#B","1","False","","NO_DIRECT_EXPORT_NOT_PROVEN_MISSING"
"qtagaBorsKQ","qtagaBorsKQ#l#l","1","False","","NO_DIRECT_EXPORT_NOT_PROVEN_MISSING"
"qu8vIEhVfZg","qu8vIEhVfZg#l#l","1","False","","NO_DIRECT_EXPORT_NOT_PROVEN_MISSING"
"qvMUCyyaCSI","qvMUCyyaCSI#3#N","1","True","src\SharpEmu.Libs\Kernel\KernelAprCompatExports.cs","DIRECT_SYSABI_EXPORT_PRESENT"
"qvbdJc7bG+s","qvbdJc7bG+s#5#4","1","False","","NO_DIRECT_EXPORT_NOT_PROVEN_MISSING"
"qvp47ao23og","qvp47ao23og#l#l","1","False","","NO_DIRECT_EXPORT_NOT_PROVEN_MISSING"
"qwa0biONtPI","qwa0biONtPI#l#l","1","True","src\SharpEmu.Libs\Np\V50ExportsPart01.cs","DIRECT_SYSABI_EXPORT_PRESENT"
"qyM2bxYFPAk","qyM2bxYFPAk#B#C","1","False","","NO_DIRECT_EXPORT_NOT_PROVEN_MISSING"
"qzMN2XKGA4k","qzMN2XKGA4k#B#C","1","False","","NO_DIRECT_EXPORT_NOT_PROVEN_MISSING"
"r+bobzRe1IM","r+bobzRe1IM#l#l","1","False","","NO_DIRECT_EXPORT_NOT_PROVEN_MISSING"
"r+jU4rXRMm8","r+jU4rXRMm8#l#l","1","True","src\SharpEmu.Libs\Np\V48ExportsPart04.cs","DIRECT_SYSABI_EXPORT_PRESENT"
"r-twZl6gN5k","r-twZl6gN5k#l#l","1","True","src\SharpEmu.Libs\Np\V50ExportsPart03.cs","DIRECT_SYSABI_EXPORT_PRESENT"
"r42bWcQbtZY","r42bWcQbtZY#b#b","1","False","","NO_DIRECT_EXPORT_NOT_PROVEN_MISSING"
"r4XacqHvkn4","r4XacqHvkn4#n#n","1","True","src\SharpEmu.Libs\Np\NpSessionSignalingExports.cs","NO_DIRECT_EXPORT_NOT_PROVEN_MISSING"
"r8mVMwlafF8","r8mVMwlafF8#n#n","1","False","","NO_DIRECT_EXPORT_NOT_PROVEN_MISSING"
"r98I08t+LOg","r98I08t+LOg#B#C","1","True","src\SharpEmu.Libs\Agc\AgcExports.cs","DIRECT_SYSABI_EXPORT_PRESENT"
"rBNBuzCGsLQ","rBNBuzCGsLQ#l#l","1","False","","NO_DIRECT_EXPORT_NOT_PROVEN_MISSING"
"rEh728kXk3w","rEh728kXk3w#G#H","1","True","src\SharpEmu.Libs\Ngs2\Ngs2Exports.cs","DIRECT_SYSABI_EXPORT_PRESENT"
"rEt3OdJ9JMY","rEt3OdJ9JMY#l#l","1","True","src\SharpEmu.Libs\Np\V50ExportsPart02.cs","DIRECT_SYSABI_EXPORT_PRESENT"
"rFFxx44Zmtc","rFFxx44Zmtc#l#l","1","False","","NO_DIRECT_EXPORT_NOT_PROVEN_MISSING"
"rGChFIFjACs","rGChFIFjACs#l#l","1","False","","NO_DIRECT_EXPORT_NOT_PROVEN_MISSING"
"rGVD1AHDPbw","rGVD1AHDPbw#l#l","1","True","src\SharpEmu.Libs\Np\V48ExportsPart04.cs","DIRECT_SYSABI_EXPORT_PRESENT"
"rI9lNAXPMIw","rI9lNAXPMIw#A#B","1","False","","NO_DIRECT_EXPORT_NOT_PROVEN_MISSING"
"rIZnR6eSpvk","rIZnR6eSpvk#D#E","1","False","","NO_DIRECT_EXPORT_NOT_PROVEN_MISSING"
"rJUyMrDdxJg","rJUyMrDdxJg#A#B","1","False","","NO_DIRECT_EXPORT_NOT_PROVEN_MISSING"
"rKBUtgRrtbk","rKBUtgRrtbk#K#L","1","True","src\SharpEmu.Libs\VideoOut\VideoOutExports.cs","DIRECT_SYSABI_EXPORT_PRESENT"
"rKPTlHwGa4k","rKPTlHwGa4k#u#u","1","False","","NO_DIRECT_EXPORT_NOT_PROVEN_MISSING"
"rKq9nG+L9Xo","rKq9nG+L9Xo#5#4","1","False","","NO_DIRECT_EXPORT_NOT_PROVEN_MISSING"
"rMXlAdCYpNQ","rMXlAdCYpNQ#l#l","1","False","","NO_DIRECT_EXPORT_NOT_PROVEN_MISSING"
"rOO80s82v6E","rOO80s82v6E#l#l","1","False","","NO_DIRECT_EXPORT_NOT_PROVEN_MISSING"
"rP5xLdOf26k","rP5xLdOf26k#B#C","1","False","","NO_DIRECT_EXPORT_NOT_PROVEN_MISSING"
"rPl0INNc-M8","rPl0INNc-M8#g#g","1","False","","NO_DIRECT_EXPORT_NOT_PROVEN_MISSING"
"rPo6tV8D9bM","rPo6tV8D9bM#W#X","1","True","src\SharpEmu.Libs\SystemService\SystemServiceExports.cs","DIRECT_SYSABI_EXPORT_PRESENT"
"rPxhVLFJBm4","rPxhVLFJBm4#l#l","1","False","","NO_DIRECT_EXPORT_NOT_PROVEN_MISSING"
"rQFNwRTkhZA","rQFNwRTkhZA#l#l","1","True","src\SharpEmu.Libs\Np\V46ExportsPart15.cs","DIRECT_SYSABI_EXPORT_PRESENT"
"rQFVBXp-Cxg","rQFVBXp-Cxg#4#3","1","True","src\SharpEmu.Libs\LibcStdioExports.cs","DIRECT_SYSABI_EXPORT_PRESENT"
"rUuVjyR+Rd4","rUuVjyR+Rd4#B#C","1","True","src\SharpEmu.Libs\Agc\AgcExports.cs","DIRECT_SYSABI_EXPORT_PRESENT"
"rVOmPz2RBlg","rVOmPz2RBlg#B#C","1","False","","NO_DIRECT_EXPORT_NOT_PROVEN_MISSING"
"rVjRvHJ0X6c","rVjRvHJ0X6c#3#N","1","True","src\SharpEmu.Libs\Kernel\KernelMemoryCompatExports.cs","DIRECT_SYSABI_EXPORT_PRESENT"
"rYWJ3CJ8+6w","rYWJ3CJ8+6w#l#l","1","True","src\SharpEmu.Libs\Np\V46ExportsPart02.cs","DIRECT_SYSABI_EXPORT_PRESENT"
"rbknaUjpqWo","rbknaUjpqWo#Q#R","1","True","src\SharpEmu.Libs\Np\NpManagerExports.cs","DIRECT_SYSABI_EXPORT_PRESENT"
"rbqZig38AT8","rbqZig38AT8#j#j","1","False","","NO_DIRECT_EXPORT_NOT_PROVEN_MISSING"
"rcQCUr0EaRU","rcQCUr0EaRU#4#3","1","False","","NO_DIRECT_EXPORT_NOT_PROVEN_MISSING"
"rcrVFJsQWRY","rcrVFJsQWRY#3#N","1","True","src\SharpEmu.Libs\Kernel\KernelPthreadExtendedCompatExports.cs","DIRECT_SYSABI_EXPORT_PRESENT"
"rdEN7D3ZN1E","rdEN7D3ZN1E#l#l","1","True","src\SharpEmu.Libs\Np\V48ExportsPart03.cs","DIRECT_SYSABI_EXPORT_PRESENT"
"rddQYXM0CjM","rddQYXM0CjM#5#4","1","False","","NO_DIRECT_EXPORT_NOT_PROVEN_MISSING"
"rdi9BAfDLq8","rdi9BAfDLq8#p#p","1","False","","NO_DIRECT_EXPORT_NOT_PROVEN_MISSING"
"rhxXeFerKNw","rhxXeFerKNw#l#l","1","True","src\SharpEmu.Libs\Np\V46ExportsPart18.cs","DIRECT_SYSABI_EXPORT_PRESENT"
"rpmRha1Eq9s","rpmRha1Eq9s#l#l","1","False","","NO_DIRECT_EXPORT_NOT_PROVEN_MISSING"
"rq73eO5xSRc","rq73eO5xSRc#l#l","1","True","src\SharpEmu.Libs\Np\V50ExportsPart01.cs","DIRECT_SYSABI_EXPORT_PRESENT"
"rqwFKI4PAiM","rqwFKI4PAiM#3#N","1","True","src\SharpEmu.Libs\Kernel\KernelAprCompatExports.cs","DIRECT_SYSABI_EXPORT_PRESENT"
"rtV7-jWC6Yg","rtV7-jWC6Yg#4#3","1","True","src\SharpEmu.Libs\LibcCompat\LibcMathCompilerRuntimeExports.cs","DIRECT_SYSABI_EXPORT_PRESENT"
"rtjxnvq9Qwk","rtjxnvq9Qwk#l#l","1","True","src\SharpEmu.Libs\Np\V46ExportsPart16.cs","DIRECT_SYSABI_EXPORT_PRESENT"
"rvBSfTimejE","rvBSfTimejE#P#Q","1","True","src\SharpEmu.Libs\PlayGo\PlayGoExports.cs","DIRECT_SYSABI_EXPORT_PRESENT"
"rx3a9I1GwWw","rx3a9I1GwWw#l#l","1","False","","NO_DIRECT_EXPORT_NOT_PROVEN_MISSING"
"rx6wK+L8tIE","rx6wK+L8tIE#l#l","1","False","","NO_DIRECT_EXPORT_NOT_PROVEN_MISSING"
"s+IPZZwEOpE","s+IPZZwEOpE#l#l","1","False","","NO_DIRECT_EXPORT_NOT_PROVEN_MISSING"
"s+VGAMDQ0AQ","s+VGAMDQ0AQ#B#C","1","False","","NO_DIRECT_EXPORT_NOT_PROVEN_MISSING"
"s+xL+l2aMsg","s+xL+l2aMsg#l#l","1","False","","NO_DIRECT_EXPORT_NOT_PROVEN_MISSING"
"s0E+jrkzo-A","s0E+jrkzo-A#l#l","1","True","src\SharpEmu.Libs\Np\V46ExportsPart18.cs","DIRECT_SYSABI_EXPORT_PRESENT"
"s1--uE9mBFw","s1--uE9mBFw#H#I","1","True","src\SharpEmu.Libs\Audio\AudioOutExports.cs","DIRECT_SYSABI_EXPORT_PRESENT"
"s2-NPIvz+iA","s2-NPIvz+iA#O#P","1","False","","NO_DIRECT_EXPORT_NOT_PROVEN_MISSING"
"s4G45M9w8tc","s4G45M9w8tc#l#l","1","True","src\SharpEmu.Libs\Np\V50ExportsPart01.cs","DIRECT_SYSABI_EXPORT_PRESENT"
"s5Yf-0h2kyE","s5Yf-0h2kyE#l#l","1","False","","NO_DIRECT_EXPORT_NOT_PROVEN_MISSING"
"s5xvFcUb3Ao","s5xvFcUb3Ao#l#l","1","False","","NO_DIRECT_EXPORT_NOT_PROVEN_MISSING"
"s6W4Zl4Slgk","s6W4Zl4Slgk#p#p","1","True","src\SharpEmu.Libs\Np\NpUniversalDataSystemExports.cs","NO_DIRECT_EXPORT_NOT_PROVEN_MISSING"
"s7XXk0rxSgg","s7XXk0rxSgg#l#l","1","False","","NO_DIRECT_EXPORT_NOT_PROVEN_MISSING"
"s8GYZ2aPoTU","s8GYZ2aPoTU#l#l","1","True","src\SharpEmu.Libs\Np\V46ExportsPart14.cs","DIRECT_SYSABI_EXPORT_PRESENT"
"s9e3+YpRnzw","s9e3+YpRnzw#T#U","1","True","src\SharpEmu.Libs\SaveData\SaveDataDialogExports.cs","DIRECT_SYSABI_EXPORT_PRESENT"
"sDCBrmc61XU","sDCBrmc61XU#S#T","1","True","src\SharpEmu.Libs\SaveData\SaveDataExports.cs","DIRECT_SYSABI_EXPORT_PRESENT"
"sIlRvQqsN2Y","sIlRvQqsN2Y#M#N","1","True","src\SharpEmu.Libs\Kernel\KernelPthreadExtendedCompatExports.cs","DIRECT_SYSABI_EXPORT_PRESENT"
"sRn6qePT54Q","sRn6qePT54Q#l#l","1","False","","NO_DIRECT_EXPORT_NOT_PROVEN_MISSING"
"sSAUCCU1dv4","sSAUCCU1dv4#5#4","1","True","src\SharpEmu.Libs\Ampr\AmprExports.cs","DIRECT_SYSABI_EXPORT_PRESENT"
"sUP1hBaouOw","sUP1hBaouOw#4#3","1","True","src\SharpEmu.Libs\LibcStdioExports.cs","DIRECT_SYSABI_EXPORT_PRESENT"
"sUXGfNMalIo","sUXGfNMalIo#q#q","1","True","src\SharpEmu.Libs\Np\NpTrophy2Exports.cs","DIRECT_SYSABI_EXPORT_PRESENT"
"sW6h+-un80k","sW6h+-un80k#l#l","1","True","src\SharpEmu.Libs\Np\NpCppWebApiV44Exports.cs","DIRECT_SYSABI_EXPORT_PRESENT"
"sWbST0oQKsc","sWbST0oQKsc#5#4","1","False","","NO_DIRECT_EXPORT_NOT_PROVEN_MISSING"
"sZIoMRGO+jk","sZIoMRGO+jk#o#o","1","True","src\SharpEmu.Libs\Json\JsonValueExports.cs","DIRECT_SYSABI_EXPORT_PRESENT"
"sZLrjx-yEx4","sZLrjx-yEx4#4#3","1","False","","NO_DIRECT_EXPORT_NOT_PROVEN_MISSING"
"seBoSuoZ3T8","seBoSuoZ3T8#l#l","1","True","src\SharpEmu.Libs\Np\V48ExportsPart06.cs","DIRECT_SYSABI_EXPORT_PRESENT"
"shsyj1FfVkQ","shsyj1FfVkQ#l#l","1","False","","NO_DIRECT_EXPORT_NOT_PROVEN_MISSING"
"siOnS0C7Quo","siOnS0C7Quo#l#l","1","True","src\SharpEmu.Libs\Np\V46ExportsPart14.cs","DIRECT_SYSABI_EXPORT_PRESENT"
"sjaobBgqeB4","sjaobBgqeB4#p#p","1","True","src\SharpEmu.Libs\Np\NpUniversalDataSystemExports.cs","DIRECT_SYSABI_EXPORT_PRESENT"
"sk54bi6FtYM","sk54bi6FtYM#m#m","1","True","src\SharpEmu.Libs\Np\NpWebApi2Exports.cs","DIRECT_SYSABI_EXPORT_PRESENT"
"smWEktiyyG0","smWEktiyyG0#3#N","1","True","src\SharpEmu.Libs\Kernel\KernelPthreadCompatExports.cs","DIRECT_SYSABI_EXPORT_PRESENT"
"smwAAHq-Q-o","smwAAHq-Q-o#l#l","1","True","src\SharpEmu.Libs\Np\V47ExportsPart18.cs","DIRECT_SYSABI_EXPORT_PRESENT"
"sn4HNCtNRzY","sn4HNCtNRzY#o#o","1","True","src\SharpEmu.Libs\Json\JsonExports.cs","DIRECT_SYSABI_EXPORT_PRESENT"
"snUone92hj8","snUone92hj8#l#l","1","False","","NO_DIRECT_EXPORT_NOT_PROVEN_MISSING"
"snWcGhO1omE","snWcGhO1omE#l#l","1","False","","NO_DIRECT_EXPORT_NOT_PROVEN_MISSING"
"so7o-HhMCU0","so7o-HhMCU0#l#l","1","False","","NO_DIRECT_EXPORT_NOT_PROVEN_MISSING"
"spjcxyNX-KE","spjcxyNX-KE#5#4","1","False","","NO_DIRECT_EXPORT_NOT_PROVEN_MISSING"
"syDD+xcUmEs","syDD+xcUmEs#l#l","1","False","","NO_DIRECT_EXPORT_NOT_PROVEN_MISSING"
"syK5g6mvSX8","syK5g6mvSX8#l#l","1","True","src\SharpEmu.Libs\Np\V46ExportsPart15.cs","DIRECT_SYSABI_EXPORT_PRESENT"
"sySG4MR0gZU","sySG4MR0gZU#l#l","1","True","src\SharpEmu.Libs\Np\V50ExportsPart04.cs","DIRECT_SYSABI_EXPORT_PRESENT"
"sysY2FHYff4","sysY2FHYff4#q#q","1","True","src\SharpEmu.Libs\Np\NpTrophy2Exports.cs","DIRECT_SYSABI_EXPORT_PRESENT"
"szG7hz2yEhA","szG7hz2yEhA#B#C","1","False","","NO_DIRECT_EXPORT_NOT_PROVEN_MISSING"
"t-YO0GlpdOE","t-YO0GlpdOE#l#l","1","True","src\SharpEmu.Libs\Np\V48ExportsPart03.cs","DIRECT_SYSABI_EXPORT_PRESENT"
"t04gsObcCZ0","t04gsObcCZ0#l#l","1","True","src\SharpEmu.Libs\Np\V46ExportsPart15.cs","DIRECT_SYSABI_EXPORT_PRESENT"
"t0Upc-BAuQs","t0Upc-BAuQs#l#l","1","False","","NO_DIRECT_EXPORT_NOT_PROVEN_MISSING"
"t0gtqDVSszU","t0gtqDVSszU#l#l","1","True","src\SharpEmu.Libs\Np\V46ExportsPart16.cs","DIRECT_SYSABI_EXPORT_PRESENT"
"t1vNu082-jM","t1vNu082-jM#B#C","1","True","src\SharpEmu.Libs\Agc\AgcExports.cs","DIRECT_SYSABI_EXPORT_PRESENT"
"t2firQTyFsI","t2firQTyFsI#l#l","1","True","src\SharpEmu.Libs\Np\V46ExportsPart14.cs","DIRECT_SYSABI_EXPORT_PRESENT"
"t3Y63SE7O08","t3Y63SE7O08#l#l","1","False","","NO_DIRECT_EXPORT_NOT_PROVEN_MISSING"
"t4-KJiSB1hA","t4-KJiSB1hA#l#l","1","True","src\SharpEmu.Libs\Np\V48ExportsPart02.cs","DIRECT_SYSABI_EXPORT_PRESENT"
"t4ExS+SwLjs","t4ExS+SwLjs#5#4","1","False","","NO_DIRECT_EXPORT_NOT_PROVEN_MISSING"
"t4FA0L6NjqY","t4FA0L6NjqY#l#l","1","True","src\SharpEmu.Libs\Np\NpCppWebApiV44Exports.cs","DIRECT_SYSABI_EXPORT_PRESENT"
"t7PlZ9nt5Lc","t7PlZ9nt5Lc#B#C","1","True","src\SharpEmu.Libs\Agc\AgcExports.cs","DIRECT_SYSABI_EXPORT_PRESENT"
"t8-zRyLWOXE","t8-zRyLWOXE#l#l","1","True","src\SharpEmu.Libs\Np\V50ExportsPart01.cs","DIRECT_SYSABI_EXPORT_PRESENT"
"t84AiYnMwPg","t84AiYnMwPg#l#l","1","True","src\SharpEmu.Libs\Np\V48ExportsPart09.cs","DIRECT_SYSABI_EXPORT_PRESENT"
"tCi2HGtNZYc","tCi2HGtNZYc#l#l","1","False","","NO_DIRECT_EXPORT_NOT_PROVEN_MISSING"
"tFe8YsdlKyc","tFe8YsdlKyc#l#l","1","True","src\SharpEmu.Libs\Np\V48ExportsPart07.cs","DIRECT_SYSABI_EXPORT_PRESENT"
"tFe964qzGEM","tFe964qzGEM#l#l","1","True","src\SharpEmu.Libs\Np\V49ExportsPart01.cs","DIRECT_SYSABI_EXPORT_PRESENT"
"tHnYDUM6SpQ","tHnYDUM6SpQ#l#l","1","True","src\SharpEmu.Libs\Np\V50ExportsPart03.cs","DIRECT_SYSABI_EXPORT_PRESENT"
"tIhsqj0qsFE","tIhsqj0qsFE#4#3","2","True","src\SharpEmu.Libs\Kernel\KernelMemoryCompatExports.cs","DIRECT_SYSABI_EXPORT_PRESENT"
"tJ2EMNwxLic","tJ2EMNwxLic#l#l","1","True","src\SharpEmu.Libs\Np\V50ExportsPart02.cs","DIRECT_SYSABI_EXPORT_PRESENT"
"tKzyAw3ywjo","tKzyAw3ywjo#l#l","1","False","","NO_DIRECT_EXPORT_NOT_PROVEN_MISSING"
"tNn5WBkta60","tNn5WBkta60#5#4","1","False","","NO_DIRECT_EXPORT_NOT_PROVEN_MISSING"
"tQIo+GIPklo","tQIo+GIPklo#4#3","1","False","","NO_DIRECT_EXPORT_NOT_PROVEN_MISSING"
"tQNolUV1q5A","tQNolUV1q5A#4#3","1","False","","NO_DIRECT_EXPORT_NOT_PROVEN_MISSING"
"tSBxhAPyytQ","tSBxhAPyytQ#B#C","1","True","src\SharpEmu.Libs\Agc\AgcExports.cs","DIRECT_SYSABI_EXPORT_PRESENT"
"tUT0r9LCo9g","tUT0r9LCo9g#l#l","1","True","src\SharpEmu.Libs\Np\V50ExportsPart02.cs","DIRECT_SYSABI_EXPORT_PRESENT"
"tZ+2Lm15pOE","tZ+2Lm15pOE#l#l","1","False","","NO_DIRECT_EXPORT_NOT_PROVEN_MISSING"
"tZDDEo2tE5k","tZDDEo2tE5k#5#4","1","True","src\SharpEmu.Libs\Ampr\AmprExports.cs","DIRECT_SYSABI_EXPORT_PRESENT"
"tcVi5SivF7Q","tcVi5SivF7Q#4#3","1","True","src\SharpEmu.Libs\Kernel\KernelMemoryCompatExports.cs","DIRECT_SYSABI_EXPORT_PRESENT"
"tdgoXqPSNKk","tdgoXqPSNKk#l#l","1","True","src\SharpEmu.Libs\Np\V50ExportsPart03.cs","DIRECT_SYSABI_EXPORT_PRESENT"
"tdt1pcVlfac","tdt1pcVlfac#l#l","1","False","","NO_DIRECT_EXPORT_NOT_PROVEN_MISSING"
"tgioGpKtmbE","tgioGpKtmbE#4#3","1","False","","NO_DIRECT_EXPORT_NOT_PROVEN_MISSING"
"tjOYtZ4xFN0","tjOYtZ4xFN0#l#l","1","True","src\SharpEmu.Libs\Np\V48ExportsPart09.cs","DIRECT_SYSABI_EXPORT_PRESENT"
"tjZgJ24KMJs","tjZgJ24KMJs#l#l","1","True","src\SharpEmu.Libs\Np\V46ExportsPart15.cs","DIRECT_SYSABI_EXPORT_PRESENT"
"tme8lbzh1Kc","tme8lbzh1Kc#l#l","1","True","src\SharpEmu.Libs\Np\V46ExportsPart02.cs","DIRECT_SYSABI_EXPORT_PRESENT"
"tmfr97+ED5I","tmfr97+ED5I#5#4","1","False","","NO_DIRECT_EXPORT_NOT_PROVEN_MISSING"
"tmy-+rBpspY","tmy-+rBpspY#B#C","1","True","src\SharpEmu.Libs\Agc\AgcExports.cs","DIRECT_SYSABI_EXPORT_PRESENT"
"tn3VlD0hG60","tn3VlD0hG60#3#N","1","True","src\SharpEmu.Libs\Kernel\KernelPthreadCompatExports.cs","DIRECT_SYSABI_EXPORT_PRESENT"
"tnym874g8jE","tnym874g8jE#l#l","1","False","","NO_DIRECT_EXPORT_NOT_PROVEN_MISSING"
"touqMEt6qXQ","touqMEt6qXQ#5#4","1","False","","NO_DIRECT_EXPORT_NOT_PROVEN_MISSING"
"tpFJ8LIKvPw","tpFJ8LIKvPw#p#p","1","True","src\SharpEmu.Libs\Np\NpUniversalDataSystemExports.cs","DIRECT_SYSABI_EXPORT_PRESENT"
"tpz4YwJwqcQ","tpz4YwJwqcQ#l#l","1","False","","NO_DIRECT_EXPORT_NOT_PROVEN_MISSING"
"ts6GlZOKRrE","ts6GlZOKRrE#P#Q","1","True","src\SharpEmu.Libs\PlayGo\PlayGoExports.cs","DIRECT_SYSABI_EXPORT_PRESENT"
"tsvEmnenz48","tsvEmnenz48#4#3","1","True","src\SharpEmu.Libs\Kernel\KernelExports.cs","DIRECT_SYSABI_EXPORT_PRESENT"
"ttHNfU+qDBU","ttHNfU+qDBU#M#N","1","True","src\SharpEmu.Libs\Kernel\KernelPthreadCompatExports.cs","DIRECT_SYSABI_EXPORT_PRESENT"
"tvYQoCdopVg","tvYQoCdopVg#l#l","1","True","src\SharpEmu.Libs\Np\NpCppWebApiV45Exports.cs","DIRECT_SYSABI_EXPORT_PRESENT"
"u-WrYDaJA3k","u-WrYDaJA3k#G#H","1","True","src\SharpEmu.Libs\Ngs2\Ngs2Exports.cs","DIRECT_SYSABI_EXPORT_PRESENT"
"u0XOsuOmOzc","u0XOsuOmOzc#4#3","1","True","src\SharpEmu.Libs\Kernel\KernelMemoryCompatExports.cs","DIRECT_SYSABI_EXPORT_PRESENT"
"u2T2DiA5hRI","u2T2DiA5hRI#B#C","1","True","src\SharpEmu.Libs\Agc\AgcExports.cs","DIRECT_SYSABI_EXPORT_PRESENT"
"u5GYBCMlh-I","u5GYBCMlh-I#l#l","1","False","","NO_DIRECT_EXPORT_NOT_PROVEN_MISSING"
"u8fpXsjm+Rk","u8fpXsjm+Rk#l#l","1","True","src\SharpEmu.Libs\Np\V46ExportsPart16.cs","DIRECT_SYSABI_EXPORT_PRESENT"
"uBvSzZvntAU","uBvSzZvntAU#l#l","1","True","src\SharpEmu.Libs\Np\V46ExportsPart19.cs","DIRECT_SYSABI_EXPORT_PRESENT"
"uC-DmNKwiOA","uC-DmNKwiOA#l#l","1","True","src\SharpEmu.Libs\Np\V50ExportsPart01.cs","DIRECT_SYSABI_EXPORT_PRESENT"
"uCZdii3T6zc","uCZdii3T6zc#l#l","1","True","src\SharpEmu.Libs\Np\V46ExportsPart06.cs","DIRECT_SYSABI_EXPORT_PRESENT"
"uG3xw77eZvc","uG3xw77eZvc#l#l","1","False","","NO_DIRECT_EXPORT_NOT_PROVEN_MISSING"
"uGs4yyYTASM","uGs4yyYTASM#5#4","1","False","","NO_DIRECT_EXPORT_NOT_PROVEN_MISSING"
"uJ3m8INuikg","uJ3m8INuikg#I#J","1","True","src\SharpEmu.Libs\Audio\AjmExports.cs","DIRECT_SYSABI_EXPORT_PRESENT"
"uJH0UZFEMRg","uJH0UZFEMRg#l#l","1","True","src\SharpEmu.Libs\Np\V46ExportsPart17.cs","DIRECT_SYSABI_EXPORT_PRESENT"
"uJziRsODk1c","uJziRsODk1c#A#B","1","True","src\SharpEmu.Libs\Agc\AgcExports.cs","DIRECT_SYSABI_EXPORT_PRESENT"
"uMei1W9uyNo","uMei1W9uyNo#4#3","1","True","src\SharpEmu.Libs\Kernel\KernelExports.cs","DIRECT_SYSABI_EXPORT_PRESENT"
"uPBxGgP0xcM","uPBxGgP0xcM#l#l","1","False","","NO_DIRECT_EXPORT_NOT_PROVEN_MISSING"
"uR63v7Jt6VM","uR63v7Jt6VM#l#l","1","True","src\SharpEmu.Libs\Np\V46ExportsPart17.cs","DIRECT_SYSABI_EXPORT_PRESENT"
"uTWW7GR8-YM","uTWW7GR8-YM#l#l","1","True","src\SharpEmu.Libs\Np\V47ExportsPart05.cs","DIRECT_SYSABI_EXPORT_PRESENT"
"uW4vfTwMQVo","uW4vfTwMQVo#S#T","1","True","src\SharpEmu.Libs\SaveData\SaveDataExports.cs","DIRECT_SYSABI_EXPORT_PRESENT"
"uWIYLFkkwqk","uWIYLFkkwqk#P#Q","1","True","src\SharpEmu.Libs\PlayGo\PlayGoExports.cs","DIRECT_SYSABI_EXPORT_PRESENT"
"uWx7Xd2dgkE","uWx7Xd2dgkE#l#l","1","True","src\SharpEmu.Libs\Np\V46ExportsPart17.cs","DIRECT_SYSABI_EXPORT_PRESENT"
"uZW-mqsxkrM","uZW-mqsxkrM#B#C","1","True","src\SharpEmu.Libs\Agc\AgcExports.cs","DIRECT_SYSABI_EXPORT_PRESENT"
"uaieF+glFPs","uaieF+glFPs#W#X","1","False","","NO_DIRECT_EXPORT_NOT_PROVEN_MISSING"
"ub-4aF7I0Lg","ub-4aF7I0Lg#l#l","1","False","","NO_DIRECT_EXPORT_NOT_PROVEN_MISSING"
"ucOP9llCucE","ucOP9llCucE#l#l","1","True","src\SharpEmu.Libs\Np\V48ExportsPart07.cs","DIRECT_SYSABI_EXPORT_PRESENT"
"ueega6v3GUw","ueega6v3GUw#C#D","1","True","src\SharpEmu.Libs\Rtc\RtcExports.cs","DIRECT_SYSABI_EXPORT_PRESENT"
"ug1fTsmntv4","ug1fTsmntv4#l#l","1","True","src\SharpEmu.Libs\Np\V46ExportsPart15.cs","DIRECT_SYSABI_EXPORT_PRESENT"
"umjYKp8Bc6c","umjYKp8Bc6c#l#l","1","True","src\SharpEmu.Libs\Np\V48ExportsPart06.cs","DIRECT_SYSABI_EXPORT_PRESENT"
"umm5m+mXiZs","umm5m+mXiZs#l#l","1","False","","NO_DIRECT_EXPORT_NOT_PROVEN_MISSING"
"uoUpLGNkygk","uoUpLGNkygk#U#V","1","True","src\SharpEmu.Libs\CommonDialog\CommonDialogExports.cs","DIRECT_SYSABI_EXPORT_PRESENT"
"uodLYyUip20","uodLYyUip20#4#3","1","True","src\SharpEmu.Libs\LibcStdioExports.cs","DIRECT_SYSABI_EXPORT_PRESENT"
"upoVrzMHFeE","upoVrzMHFeE#3#N","1","True","src\SharpEmu.Libs\Kernel\KernelPthreadCompatExports.cs","DIRECT_SYSABI_EXPORT_PRESENT"
"uquVH4-Du78","uquVH4-Du78#K#L","1","True","src\SharpEmu.Libs\VideoOut\VideoOutExports.cs","DIRECT_SYSABI_EXPORT_PRESENT"
"urz1KK4Je0U","urz1KK4Je0U#l#l","1","True","src\SharpEmu.Libs\Np\V48ExportsPart04.cs","DIRECT_SYSABI_EXPORT_PRESENT"
"utPrVdxio-8","utPrVdxio-8#K#L","1","True","src\SharpEmu.Libs\VideoOut\VideoOutExports.cs","DIRECT_SYSABI_EXPORT_PRESENT"
"uu94irFOGpA","uu94irFOGpA#G#H","1","True","src\SharpEmu.Libs\Ngs2\Ngs2Exports.cs","DIRECT_SYSABI_EXPORT_PRESENT"
"uwJp2vMxUIk","uwJp2vMxUIk#l#l","1","True","src\SharpEmu.Libs\Np\V46ExportsPart17.cs","DIRECT_SYSABI_EXPORT_PRESENT"
"uwhztB49KOQ","uwhztB49KOQ#l#l","1","False","","NO_DIRECT_EXPORT_NOT_PROVEN_MISSING"
"v6EZ-YWRdMs","v6EZ-YWRdMs#P#Q","1","True","src\SharpEmu.Libs\PlayGo\PlayGoExports.cs","DIRECT_SYSABI_EXPORT_PRESENT"
"v6OJwqfxqzQ","v6OJwqfxqzQ#l#l","1","False","","NO_DIRECT_EXPORT_NOT_PROVEN_MISSING"
"vAJCcVB-TLw","vAJCcVB-TLw#l#l","1","True","src\SharpEmu.Libs\Np\V50ExportsPart03.cs","DIRECT_SYSABI_EXPORT_PRESENT"
"vCFTfAoPeZo","vCFTfAoPeZo#l#l","1","True","src\SharpEmu.Libs\Np\V46ExportsPart17.cs","DIRECT_SYSABI_EXPORT_PRESENT"
"vCaW0fgVQmc","vCaW0fgVQmc#s#s","1","False","","NO_DIRECT_EXPORT_NOT_PROVEN_MISSING"
"vDv8dP6VDik","vDv8dP6VDik#l#l","1","False","","NO_DIRECT_EXPORT_NOT_PROVEN_MISSING"
"vEaqE-7IZYc","vEaqE-7IZYc#4#3","1","False","","NO_DIRECT_EXPORT_NOT_PROVEN_MISSING"
"vFMRb8-gA7I","vFMRb8-gA7I#l#l","1","False","","NO_DIRECT_EXPORT_NOT_PROVEN_MISSING"
"vFSzbv76iMA","vFSzbv76iMA#l#l","1","False","","NO_DIRECT_EXPORT_NOT_PROVEN_MISSING"
"vJrnbutABoE","vJrnbutABoE#l#l","1","True","src\SharpEmu.Libs\Np\V46ExportsPart19.cs","DIRECT_SYSABI_EXPORT_PRESENT"
"vLpNFjC9lc4","vLpNFjC9lc4#l#l","1","False","","NO_DIRECT_EXPORT_NOT_PROVEN_MISSING"
"vLrBL8DQiz8","vLrBL8DQiz8#B#C","1","False","","NO_DIRECT_EXPORT_NOT_PROVEN_MISSING"
"vRB6SfZc+10","vRB6SfZc+10#l#l","1","False","","NO_DIRECT_EXPORT_NOT_PROVEN_MISSING"
"vRoArM9zaIk","vRoArM9zaIk#B#C","1","True","src\SharpEmu.Libs\Agc\AgcExports.cs","DIRECT_SYSABI_EXPORT_PRESENT"
"vRpYko5WTm4","vRpYko5WTm4#l#l","1","True","src\SharpEmu.Libs\Np\V46ExportsPart18.cs","DIRECT_SYSABI_EXPORT_PRESENT"
"vSMAm3cxYTY","vSMAm3cxYTY#3#N","1","True","src\SharpEmu.Libs\Kernel\KernelMemoryCompatExports.cs","DIRECT_SYSABI_EXPORT_PRESENT"
"vURZNQ8+cP0","vURZNQ8+cP0#l#l","1","True","src\SharpEmu.Libs\Np\V46ExportsPart14.cs","DIRECT_SYSABI_EXPORT_PRESENT"
"vWU-odnS+fU","vWU-odnS+fU#5#4","1","True","src\SharpEmu.Libs\Ampr\AmprExports.cs","DIRECT_SYSABI_EXPORT_PRESENT"
"vYU8P9Td2Zo","vYU8P9Td2Zo#3#N","1","True","src\SharpEmu.Libs\Kernel\KernelRuntimeCompatExports.cs","DIRECT_SYSABI_EXPORT_PRESENT"
"vbJxberpWTs","vbJxberpWTs#l#l","1","False","","NO_DIRECT_EXPORT_NOT_PROVEN_MISSING"
"vcGcgbhP0BU","vcGcgbhP0BU#l#l","1","False","","NO_DIRECT_EXPORT_NOT_PROVEN_MISSING"
"vcgfSZOpqLg","vcgfSZOpqLg#l#l","1","False","","NO_DIRECT_EXPORT_NOT_PROVEN_MISSING"
"vcmNN+AAXnY","vcmNN+AAXnY#B#C","1","True","src\SharpEmu.Libs\Agc\AgcExports.cs","DIRECT_SYSABI_EXPORT_PRESENT"
"vdpVwH3lbwU","vdpVwH3lbwU#l#l","1","True","src\SharpEmu.Libs\Np\V46ExportsPart15.cs","DIRECT_SYSABI_EXPORT_PRESENT"
"veRySWMcttw","veRySWMcttw#l#l","1","False","","NO_DIRECT_EXPORT_NOT_PROVEN_MISSING"
"vgTyRFegScw","vgTyRFegScw#l#l","1","False","","NO_DIRECT_EXPORT_NOT_PROVEN_MISSING"
"viiwFMaNamA","viiwFMaNamA#4#3","1","True","src\SharpEmu.Libs\Kernel\KernelMemoryCompatExports.cs","DIRECT_SYSABI_EXPORT_PRESENT"
"vjw99oC+SaU","vjw99oC+SaU#l#l","1","True","src\SharpEmu.Libs\Np\V50ExportsPart03.cs","DIRECT_SYSABI_EXPORT_PRESENT"
"vpen+AiTSKY","vpen+AiTSKY#l#l","1","True","src\SharpEmu.Libs\Np\V48ExportsPart06.cs","DIRECT_SYSABI_EXPORT_PRESENT"
"vpkkVwCPaxE","vpkkVwCPaxE#l#l","1","True","src\SharpEmu.Libs\Np\V46ExportsPart20.cs","DIRECT_SYSABI_EXPORT_PRESENT"
"vrZgN7nMcGM","vrZgN7nMcGM#l#l","1","True","src\SharpEmu.Libs\Np\V48ExportsPart03.cs","DIRECT_SYSABI_EXPORT_PRESENT"
"vs2SuyIZid4","vs2SuyIZid4#l#l","1","True","src\SharpEmu.Libs\Np\V47ExportsPart05.cs","DIRECT_SYSABI_EXPORT_PRESENT"
"vuSXe69VILM","vuSXe69VILM#B#C","1","True","src\SharpEmu.Libs\Agc\AgcExports.cs","DIRECT_SYSABI_EXPORT_PRESENT"
"vvzWO-DvG1s","vvzWO-DvG1s#m#m","1","True","src\SharpEmu.Libs\Np\NpWebApi2Exports.cs","NO_DIRECT_EXPORT_NOT_PROVEN_MISSING"
"vx4I6uMoiww","vx4I6uMoiww#l#l","1","True","src\SharpEmu.Libs\Np\NpCppWebApiV44Exports.cs","DIRECT_SYSABI_EXPORT_PRESENT"
"vzHs3C8lWJk","vzHs3C8lWJk#v#v","1","True","src\SharpEmu.Libs\Font\FontExports.cs","DIRECT_SYSABI_EXPORT_PRESENT"
"vzKNY2nY7Jk","vzKNY2nY7Jk#l#l","1","True","src\SharpEmu.Libs\Np\V48ExportsPart11.cs","DIRECT_SYSABI_EXPORT_PRESENT"
"w1KFAHVqpaU","w1KFAHVqpaU#B#C","1","True","src\SharpEmu.Libs\Agc\AgcExports.cs","DIRECT_SYSABI_EXPORT_PRESENT"
"w2TjgpWqhb4","w2TjgpWqhb4#l#l","1","True","src\SharpEmu.Libs\Np\V46ExportsPart15.cs","DIRECT_SYSABI_EXPORT_PRESENT"
"w2rJhmD+dsE","w2rJhmD+dsE#A#B","1","True","src\SharpEmu.Libs\Agc\AgcExports.cs","DIRECT_SYSABI_EXPORT_PRESENT"
"w3jAgmDwR2c","w3jAgmDwR2c#l#l","1","True","src\SharpEmu.Libs\Np\V46ExportsPart20.cs","DIRECT_SYSABI_EXPORT_PRESENT"
"w4-d0n60hdo","w4-d0n60hdo#B#C","1","True","src\SharpEmu.Libs\Agc\AgcExports.cs","DIRECT_SYSABI_EXPORT_PRESENT"
"w4K4nTYwhVE","w4K4nTYwhVE#l#l","1","False","","NO_DIRECT_EXPORT_NOT_PROVEN_MISSING"
"w5+VCznos5E","w5+VCznos5E#o#o","1","False","","NO_DIRECT_EXPORT_NOT_PROVEN_MISSING"
"w5fcCG+t31g","w5fcCG+t31g#3#N","1","True","src\SharpEmu.Libs\Kernel\KernelMemoryCompatExports.cs","DIRECT_SYSABI_EXPORT_PRESENT"
"w5moABNwnRY","w5moABNwnRY#h#h","1","True","src\SharpEmu.Libs\AvPlayer\AvPlayerExports.cs","DIRECT_SYSABI_EXPORT_PRESENT"
"w69eiIfctsk","w69eiIfctsk#l#l","1","False","","NO_DIRECT_EXPORT_NOT_PROVEN_MISSING"
"w6Dj1VJt5qY","w6Dj1VJt5qY#B#C","1","True","src\SharpEmu.Libs\Agc\AgcExports.cs","DIRECT_SYSABI_EXPORT_PRESENT"
"w8HVkEeXPv8","w8HVkEeXPv8#B#C","1","True","src\SharpEmu.Libs\Agc\AgcGraphicsSizingV55Exports.cs","DIRECT_SYSABI_EXPORT_PRESENT"
"wB7IWzGp2v0","wB7IWzGp2v0#p#p","1","False","","NO_DIRECT_EXPORT_NOT_PROVEN_MISSING"
"wDK7QHoNjsY","wDK7QHoNjsY#l#l","1","True","src\SharpEmu.Libs\Np\V46ExportsPart05.cs","DIRECT_SYSABI_EXPORT_PRESENT"
"wFcm6bgWB9Q","wFcm6bgWB9Q#l#l","1","False","","NO_DIRECT_EXPORT_NOT_PROVEN_MISSING"
"wG+84pnNIuo","wG+84pnNIuo#p#p","1","True","src\SharpEmu.Libs\Np\NpUniversalDataSystemExports.cs","DIRECT_SYSABI_EXPORT_PRESENT"
"wG53ujmymHI","wG53ujmymHI#l#l","1","True","src\SharpEmu.Libs\Np\V46ExportsPart15.cs","DIRECT_SYSABI_EXPORT_PRESENT"
"wJWqKZOj4Ts","wJWqKZOj4Ts#l#l","1","True","src\SharpEmu.Libs\Np\NpCppWebApiV44Exports.cs","DIRECT_SYSABI_EXPORT_PRESENT"
"wLlFkwG9UcQ","wLlFkwG9UcQ#4#3","1","False","","NO_DIRECT_EXPORT_NOT_PROVEN_MISSING"
"wPEv3CHUImU","wPEv3CHUImU#l#l","1","True","src\SharpEmu.Libs\Np\V50ExportsPart03.cs","DIRECT_SYSABI_EXPORT_PRESENT"
"wQZSd2EOn0E","wQZSd2EOn0E#l#l","1","False","","NO_DIRECT_EXPORT_NOT_PROVEN_MISSING"
"wRbq6ZjNop4","wRbq6ZjNop4#B#C","1","True","src\SharpEmu.Libs\Agc\AgcExports.cs","DIRECT_SYSABI_EXPORT_PRESENT"
"wS6DC0qTbqk","wS6DC0qTbqk#l#l","1","True","src\SharpEmu.Libs\Np\V48ExportsPart09.cs","DIRECT_SYSABI_EXPORT_PRESENT"
"wVqxM58sIKs","wVqxM58sIKs#q#q","1","True","src\SharpEmu.Libs\Np\NpTrophy2Exports.cs","DIRECT_SYSABI_EXPORT_PRESENT"
"wW5ObWAQ8HA","wW5ObWAQ8HA#l#l","1","True","src\SharpEmu.Libs\Np\V50ExportsPart01.cs","DIRECT_SYSABI_EXPORT_PRESENT"
"wWdKuMPssRQ","wWdKuMPssRQ#l#l","1","True","src\SharpEmu.Libs\Np\V50ExportsPart01.cs","DIRECT_SYSABI_EXPORT_PRESENT"
"wYhXVfS2Et4","wYhXVfS2Et4#O#P","1","False","","NO_DIRECT_EXPORT_NOT_PROVEN_MISSING"
"wZST0SYCWWc","wZST0SYCWWc#l#l","1","True","src\SharpEmu.Libs\Np\V50ExportsPart04.cs","DIRECT_SYSABI_EXPORT_PRESENT"
"wZi5ly2guNw","wZi5ly2guNw#4#3","1","False","","NO_DIRECT_EXPORT_NOT_PROVEN_MISSING"
"waM0cFaBPbA","waM0cFaBPbA#l#l","1","True","src\SharpEmu.Libs\Np\V46ExportsPart19.cs","DIRECT_SYSABI_EXPORT_PRESENT"
"waic+rKvYd0","waic+rKvYd0#l#l","1","False","","NO_DIRECT_EXPORT_NOT_PROVEN_MISSING"
"wc+k3ulMh0Y","wc+k3ulMh0Y#l#l","1","False","","NO_DIRECT_EXPORT_NOT_PROVEN_MISSING"
"wcgr5mte7T8","wcgr5mte7T8#o#o","1","False","","NO_DIRECT_EXPORT_NOT_PROVEN_MISSING"
"wd3t5dSrf+Y","wd3t5dSrf+Y#l#l","1","True","src\SharpEmu.Libs\Np\V46ExportsPart11.cs","DIRECT_SYSABI_EXPORT_PRESENT"
"weDug8QD-lE","weDug8QD-lE#4#3","1","True","src\SharpEmu.Libs\LibcCompat\LibcMathCompilerRuntimeExports.cs","DIRECT_SYSABI_EXPORT_PRESENT"
"whb1RL7K4Ss","whb1RL7K4Ss#B#C","1","False","","NO_DIRECT_EXPORT_NOT_PROVEN_MISSING"
"whrS4oksXc4","whrS4oksXc4#v#v","1","True","src\SharpEmu.Libs\Font\FontExports.cs","DIRECT_SYSABI_EXPORT_PRESENT"
"wi2nosL6l1k","wi2nosL6l1k#l#l","1","True","src\SharpEmu.Libs\Np\V46ExportsPart16.cs","DIRECT_SYSABI_EXPORT_PRESENT"
"wkQR9+xTFKY","wkQR9+xTFKY#5#4","1","True","src\SharpEmu.Libs\Ampr\AmprAmmVirtualAddressCompatExports.cs","DIRECT_SYSABI_EXPORT_PRESENT"
"wl2g7GlHxIY","wl2g7GlHxIY#l#l","1","True","src\SharpEmu.Libs\Np\V47ExportsPart04.cs","DIRECT_SYSABI_EXPORT_PRESENT"
"wp8+c84G5Xw","wp8+c84G5Xw#l#l","1","False","","NO_DIRECT_EXPORT_NOT_PROVEN_MISSING"
"wr23dPKyWc0","wr23dPKyWc0#B#C","1","True","src\SharpEmu.Libs\Agc\AgcExports.cs","DIRECT_SYSABI_EXPORT_PRESENT"
"wtkt-teR1so","wtkt-teR1so#M#N","1","True","src\SharpEmu.Libs\Kernel\KernelPthreadExtendedCompatExports.cs","DIRECT_SYSABI_EXPORT_PRESENT"
"wuAQt-j+p4o","wuAQt-j+p4o#4#3","1","True","src\SharpEmu.Libs\LibcCompat\LibcMathCompilerRuntimeExports.cs","DIRECT_SYSABI_EXPORT_PRESENT"
"wwM99gjFf1Y","wwM99gjFf1Y#h#h","1","True","src\SharpEmu.Libs\AvPlayer\AvPlayerExports.cs","DIRECT_SYSABI_EXPORT_PRESENT"
"wwsoDm+0Uo4","wwsoDm+0Uo4#l#l","1","False","","NO_DIRECT_EXPORT_NOT_PROVEN_MISSING"
"wzvqT4UqKX8","wzvqT4UqKX8#3#N","1","True","src\SharpEmu.Libs\Kernel\KernelRuntimeCompatExports.cs","DIRECT_SYSABI_EXPORT_PRESENT"
"x+0LGhJIwNU","x+0LGhJIwNU#l#l","1","True","src\SharpEmu.Libs\Np\V47ExportsPart04.cs","DIRECT_SYSABI_EXPORT_PRESENT"
"x+bH7Ykt6bc","x+bH7Ykt6bc#l#l","1","False","","NO_DIRECT_EXPORT_NOT_PROVEN_MISSING"
"x+jZ+7cfi9s","x+jZ+7cfi9s#l#l","1","True","src\SharpEmu.Libs\Np\V46ExportsPart18.cs","DIRECT_SYSABI_EXPORT_PRESENT"
"x+nxQC52xh4","x+nxQC52xh4#l#l","1","False","","NO_DIRECT_EXPORT_NOT_PROVEN_MISSING"
"x01jxu+vxlc","x01jxu+vxlc#Y#Z","1","True","src\SharpEmu.Libs\Ime\ImeDialogExports.cs","DIRECT_SYSABI_EXPORT_PRESENT"
"x0SVrzZN7bg","x0SVrzZN7bg#l#l","1","True","src\SharpEmu.Libs\Np\V50ExportsPart03.cs","DIRECT_SYSABI_EXPORT_PRESENT"
"x4sp8UN8lkQ","x4sp8UN8lkQ#l#l","1","False","","NO_DIRECT_EXPORT_NOT_PROVEN_MISSING"
"x63FI5PDpuw","x63FI5PDpuw#l#l","1","True","src\SharpEmu.Libs\Np\V46ExportsPart19.cs","DIRECT_SYSABI_EXPORT_PRESENT"
"x8qnXqh-tiM","x8qnXqh-tiM#d#d","1","True","src\SharpEmu.Libs\Mouse\MouseExports.cs","DIRECT_SYSABI_EXPORT_PRESENT"
"x8uvuFOPZhU","x8uvuFOPZhU#h#h","1","True","src\SharpEmu.Libs\AvPlayer\AvPlayerExports.cs","DIRECT_SYSABI_EXPORT_PRESENT"
"x9hkly4XJFc","x9hkly4XJFc#l#l","1","True","src\SharpEmu.Libs\Np\V50ExportsPart03.cs","DIRECT_SYSABI_EXPORT_PRESENT"
"x9yyuiVwzEI","x9yyuiVwzEI#l#l","1","True","src\SharpEmu.Libs\Np\V47ExportsPart02.cs","DIRECT_SYSABI_EXPORT_PRESENT"
"xAeBOa0A3kk","xAeBOa0A3kk#B#C","1","False","","NO_DIRECT_EXPORT_NOT_PROVEN_MISSING"
"xEszJVGpybs","xEszJVGpybs#4#3","1","False","","NO_DIRECT_EXPORT_NOT_PROVEN_MISSING"
"xHr7sblfjwc","xHr7sblfjwc#l#l","1","False","","NO_DIRECT_EXPORT_NOT_PROVEN_MISSING"
"xIKDGNGXNgE","xIKDGNGXNgE#l#l","1","True","src\SharpEmu.Libs\Np\V46ExportsPart16.cs","DIRECT_SYSABI_EXPORT_PRESENT"
"xIdBBTvAz7o","xIdBBTvAz7o#l#l","1","False","","NO_DIRECT_EXPORT_NOT_PROVEN_MISSING"
"xPDzGjyjYEQ","xPDzGjyjYEQ#l#l","1","False","","NO_DIRECT_EXPORT_NOT_PROVEN_MISSING"
"xSAR0LTcRKM","xSAR0LTcRKM#B#C","1","True","src\SharpEmu.Libs\Agc\AgcExports.cs","DIRECT_SYSABI_EXPORT_PRESENT"
"xT3e-qs91IU","xT3e-qs91IU#l#l","1","False","","NO_DIRECT_EXPORT_NOT_PROVEN_MISSING"
"xXqX5FltSmw","xXqX5FltSmw#l#l","1","True","src\SharpEmu.Libs\Np\V47ExportsPart04.cs","DIRECT_SYSABI_EXPORT_PRESENT"
"xZ2OF6809Mk","xZ2OF6809Mk#l#l","1","False","","NO_DIRECT_EXPORT_NOT_PROVEN_MISSING"
"xZLL0Y9IImE","xZLL0Y9IImE#l#l","1","True","src\SharpEmu.Libs\Np\V46ExportsPart19.cs","DIRECT_SYSABI_EXPORT_PRESENT"
"xa8oL9dmXkM","xa8oL9dmXkM#G#H","1","True","src\SharpEmu.Libs\Ngs2\Ngs2Exports.cs","DIRECT_SYSABI_EXPORT_PRESENT"
"xbma7s2JMEk","xbma7s2JMEk#l#l","1","True","src\SharpEmu.Libs\Np\NpCppWebApiV45Exports.cs","DIRECT_SYSABI_EXPORT_PRESENT"
"xcc6DTcL8QA","xcc6DTcL8QA#4#3","1","False","","NO_DIRECT_EXPORT_NOT_PROVEN_MISSING"
"xeYO4u7uyJ0","xeYO4u7uyJ0#4#3","1","True","src\SharpEmu.Libs\LibcStdioExports.cs","DIRECT_SYSABI_EXPORT_PRESENT"
"xele5n8grDs","xele5n8grDs#l#l","1","True","src\SharpEmu.Libs\Np\V47ExportsPart04.cs","DIRECT_SYSABI_EXPORT_PRESENT"
"xfmGwgBnPp8","xfmGwgBnPp8#l#l","1","True","src\SharpEmu.Libs\Np\V47ExportsPart07.cs","DIRECT_SYSABI_EXPORT_PRESENT"
"xg9A5nBRkB0","xg9A5nBRkB0#l#l","1","True","src\SharpEmu.Libs\Np\V50ExportsPart04.cs","DIRECT_SYSABI_EXPORT_PRESENT"
"xhlKg2g4Nnc","xhlKg2g4Nnc#l#l","1","True","src\SharpEmu.Libs\Np\V50ExportsPart03.cs","DIRECT_SYSABI_EXPORT_PRESENT"
"xjVhrq2KPJA","xjVhrq2KPJA#l#l","1","False","","NO_DIRECT_EXPORT_NOT_PROVEN_MISSING"
"xjp4yqGNY2A","xjp4yqGNY2A#l#l","1","False","","NO_DIRECT_EXPORT_NOT_PROVEN_MISSING"
"xjs+AdvF4j0","xjs+AdvF4j0#l#l","1","True","src\SharpEmu.Libs\Np\V50ExportsPart03.cs","DIRECT_SYSABI_EXPORT_PRESENT"
"xk0AcarP3V4","xk0AcarP3V4#D#E","1","True","src\SharpEmu.Libs\Pad\PadExports.cs","DIRECT_SYSABI_EXPORT_PRESENT"
"xpMw3H+9ThQ","xpMw3H+9ThQ#l#l","1","True","src\SharpEmu.Libs\Np\V47ExportsPart13.cs","DIRECT_SYSABI_EXPORT_PRESENT"
"xugo4hJuBQQ","xugo4hJuBQQ#l#l","1","False","","NO_DIRECT_EXPORT_NOT_PROVEN_MISSING"
"xvsP5Yz6FmY","xvsP5Yz6FmY#p#p","1","False","","NO_DIRECT_EXPORT_NOT_PROVEN_MISSING"
"xwy1I52dE8o","xwy1I52dE8o#l#l","1","True","src\SharpEmu.Libs\Np\V46ExportsPart05.cs","DIRECT_SYSABI_EXPORT_PRESENT"
"xxdwmfFNjjE","xxdwmfFNjjE#l#l","1","False","","NO_DIRECT_EXPORT_NOT_PROVEN_MISSING"
"y0BDcAt6FGE","y0BDcAt6FGE#l#l","1","True","src\SharpEmu.Libs\Np\NpCppWebApiV44Exports.cs","DIRECT_SYSABI_EXPORT_PRESENT"
"y0q33hmapKk","y0q33hmapKk#l#l","1","False","","NO_DIRECT_EXPORT_NOT_PROVEN_MISSING"
"y1MqEVNE55Y","y1MqEVNE55Y#l#l","1","True","src\SharpEmu.Libs\Np\V47ExportsPart15.cs","DIRECT_SYSABI_EXPORT_PRESENT"
"y3jG5RBYv60","y3jG5RBYv60#l#l","1","False","","NO_DIRECT_EXPORT_NOT_PROVEN_MISSING"
"y3zHpdZO6ME","y3zHpdZO6ME#q#q","1","True","src\SharpEmu.Libs\Np\NpTrophy2Exports.cs","DIRECT_SYSABI_EXPORT_PRESENT"
"y5K5tPktiL8","y5K5tPktiL8#B#C","1","False","","NO_DIRECT_EXPORT_NOT_PROVEN_MISSING"
"y7+O6u182Rg","y7+O6u182Rg#l#l","1","True","src\SharpEmu.Libs\Np\V50ExportsPart02.cs","DIRECT_SYSABI_EXPORT_PRESENT"
"y7FUfrz4kGI","y7FUfrz4kGI#l#l","1","False","","NO_DIRECT_EXPORT_NOT_PROVEN_MISSING"
"y9Vc1aQH-Vw","y9Vc1aQH-Vw#l#l","1","True","src\SharpEmu.Libs\Np\V50ExportsPart03.cs","DIRECT_SYSABI_EXPORT_PRESENT"
"yBEI+rzE0tU","yBEI+rzE0tU#l#l","1","False","","NO_DIRECT_EXPORT_NOT_PROVEN_MISSING"
"yD3I2CRcKmw","yD3I2CRcKmw#l#l","1","True","src\SharpEmu.Libs\Np\V46ExportsPart14.cs","DIRECT_SYSABI_EXPORT_PRESENT"
"yDfMLEGDphw","yDfMLEGDphw#l#l","1","True","src\SharpEmu.Libs\Np\V46ExportsPart06.cs","DIRECT_SYSABI_EXPORT_PRESENT"
"yEiJ-qqr6Cg","yEiJ-qqr6Cg#T#U","1","True","src\SharpEmu.Libs\SaveData\SaveDataDialogExports.cs","DIRECT_SYSABI_EXPORT_PRESENT"
"yFVnOdGxvZY","yFVnOdGxvZY#D#E","1","True","src\SharpEmu.Libs\Pad\PadExports.cs","DIRECT_SYSABI_EXPORT_PRESENT"
"yH17Q6NWtVg","yH17Q6NWtVg#L#M","1","True","src\SharpEmu.Libs\UserService\UserServiceExports.cs","DIRECT_SYSABI_EXPORT_PRESENT"
"yJw2m6UWDYU","yJw2m6UWDYU#n#n","1","True","src\SharpEmu.Libs\Np\NpSessionSignalingExports.cs","NO_DIRECT_EXPORT_NOT_PROVEN_MISSING"
"yKDy8S5yLA0","yKDy8S5yLA0#S#T","1","True","src\SharpEmu.Libs\SaveData\SaveDataExports.cs","DIRECT_SYSABI_EXPORT_PRESENT"
"yORnm6N3rGA","yORnm6N3rGA#l#l","1","False","","NO_DIRECT_EXPORT_NOT_PROVEN_MISSING"
"yOUuI64kBuc","yOUuI64kBuc#l#l","1","False","","NO_DIRECT_EXPORT_NOT_PROVEN_MISSING"
"yS0XpsJEDzo","yS0XpsJEDzo#l#l","1","True","src\SharpEmu.Libs\Np\V46ExportsPart14.cs","DIRECT_SYSABI_EXPORT_PRESENT"
"yS8U2TGCe1A","yS8U2TGCe1A#M#N","1","True","src\SharpEmu.Libs\Kernel\KernelRuntimeCompatExports.cs","DIRECT_SYSABI_EXPORT_PRESENT"
"yU4-BCjWhHo","yU4-BCjWhHo#l#l","1","True","src\SharpEmu.Libs\Np\NpCppWebApiV45Exports.cs","DIRECT_SYSABI_EXPORT_PRESENT"
"yUBESvCCJ4I","yUBESvCCJ4I#B#C","1","False","","NO_DIRECT_EXPORT_NOT_PROVEN_MISSING"
"yc7kZNvtoI8","yc7kZNvtoI8#l#l","1","True","src\SharpEmu.Libs\Np\V46ExportsPart17.cs","DIRECT_SYSABI_EXPORT_PRESENT"
"ygLeNBGWgf8","ygLeNBGWgf8#l#l","1","False","","NO_DIRECT_EXPORT_NOT_PROVEN_MISSING"
"yheJGN-ay+A","yheJGN-ay+A#B#C","1","False","","NO_DIRECT_EXPORT_NOT_PROVEN_MISSING"
"yj73o2yhIcM","yj73o2yhIcM#l#l","1","False","","NO_DIRECT_EXPORT_NOT_PROVEN_MISSING"
"yj9KGoSd8E8","yj9KGoSd8E8#l#l","1","True","src\SharpEmu.Libs\Np\V50ExportsPart01.cs","DIRECT_SYSABI_EXPORT_PRESENT"
"yk05VJ8evEs","yk05VJ8evEs#l#l","1","False","","NO_DIRECT_EXPORT_NOT_PROVEN_MISSING"
"ykIRhYqogeM","ykIRhYqogeM#l#l","1","False","","NO_DIRECT_EXPORT_NOT_PROVEN_MISSING"
"yl3T9brJay4","yl3T9brJay4#l#l","1","False","","NO_DIRECT_EXPORT_NOT_PROVEN_MISSING"
"ymB4A1QMkI0","ymB4A1QMkI0#l#l","1","False","","NO_DIRECT_EXPORT_NOT_PROVEN_MISSING"
"ymJUCSROIpI","ymJUCSROIpI#l#l","1","True","src\SharpEmu.Libs\Np\V50ExportsPart02.cs","DIRECT_SYSABI_EXPORT_PRESENT"
"ymTIKjlVMtc","ymTIKjlVMtc#l#l","1","True","src\SharpEmu.Libs\Np\V47ExportsPart07.cs","DIRECT_SYSABI_EXPORT_PRESENT"
"ynvhoQekbwg","ynvhoQekbwg#l#l","1","False","","NO_DIRECT_EXPORT_NOT_PROVEN_MISSING"
"ypQ1+CIeMQ4","ypQ1+CIeMQ4#l#l","1","True","src\SharpEmu.Libs\Np\NpCppWebApiV44Exports.cs","DIRECT_SYSABI_EXPORT_PRESENT"
"ypVBz4uPKcQ","ypVBz4uPKcQ#B#C","1","True","src\SharpEmu.Libs\Agc\AgcExports.cs","DIRECT_SYSABI_EXPORT_PRESENT"
"ysAnsG6EfkM","ysAnsG6EfkM#l#l","1","False","","NO_DIRECT_EXPORT_NOT_PROVEN_MISSING"
"ysmw6J-P8Ak","ysmw6J-P8Ak#n#n","1","True","src\SharpEmu.Libs\Np\NpSessionSignalingExports.cs","DIRECT_SYSABI_EXPORT_PRESENT"
"yt73vm77v4Q","yt73vm77v4Q#l#l","1","False","","NO_DIRECT_EXPORT_NOT_PROVEN_MISSING"
"ytHxQmhBCGM","ytHxQmhBCGM#l#l","1","False","","NO_DIRECT_EXPORT_NOT_PROVEN_MISSING"
"ytQULN-nhL4","ytQULN-nhL4#M#N","1","True","src\SharpEmu.Libs\Kernel\KernelPthreadExtendedCompatExports.cs","DIRECT_SYSABI_EXPORT_PRESENT"
"yuO2H2Uvnos","yuO2H2Uvnos#O#P","1","True","src\SharpEmu.Libs\Network\HttpExports.cs","NO_DIRECT_EXPORT_NOT_PROVEN_MISSING"
"yxz4GKZkkUk","yxz4GKZkkUk#l#l","1","False","","NO_DIRECT_EXPORT_NOT_PROVEN_MISSING"
"z+aXXhCwtKU","z+aXXhCwtKU#l#l","1","False","","NO_DIRECT_EXPORT_NOT_PROVEN_MISSING"
"z2duB-hHQSM","z2duB-hHQSM#B#C","1","True","src\SharpEmu.Libs\Agc\AgcExports.cs","DIRECT_SYSABI_EXPORT_PRESENT"
"z3id8GlN+Hc","z3id8GlN+Hc#l#l","1","False","","NO_DIRECT_EXPORT_NOT_PROVEN_MISSING"
"z506+nKTUW4","z506+nKTUW4#l#l","1","True","src\SharpEmu.Libs\Np\V50ExportsPart03.cs","DIRECT_SYSABI_EXPORT_PRESENT"
"z5ornO9coA4","z5ornO9coA4#l#l","1","True","src\SharpEmu.Libs\Np\V50ExportsPart03.cs","DIRECT_SYSABI_EXPORT_PRESENT"
"zARR5aCmkoY","zARR5aCmkoY#B#C","1","False","","NO_DIRECT_EXPORT_NOT_PROVEN_MISSING"
"zBCt-Jv4PIg","zBCt-Jv4PIg#l#l","1","True","src\SharpEmu.Libs\Np\V46ExportsPart17.cs","DIRECT_SYSABI_EXPORT_PRESENT"
"zCi5QdW+4ts","zCi5QdW+4ts#l#l","1","False","","NO_DIRECT_EXPORT_NOT_PROVEN_MISSING"
"zDTxL-Jz1iM","zDTxL-Jz1iM#l#l","1","True","src\SharpEmu.Libs\Np\V50ExportsPart03.cs","DIRECT_SYSABI_EXPORT_PRESENT"
"zFDPaFShCH8","zFDPaFShCH8#l#l","1","False","","NO_DIRECT_EXPORT_NOT_PROVEN_MISSING"
"zHchY8ft5pk","zHchY8ft5pk#M#N","1","True","src\SharpEmu.Libs\Kernel\KernelPthreadExtendedCompatExports.cs","DIRECT_SYSABI_EXPORT_PRESENT"
"zI5kPLikrZY","zI5kPLikrZY#l#l","1","True","src\SharpEmu.Libs\Np\V46ExportsPart15.cs","DIRECT_SYSABI_EXPORT_PRESENT"
"zJGf8xjFnQE","zJGf8xjFnQE#E#F","1","False","","NO_DIRECT_EXPORT_NOT_PROVEN_MISSING"
"zMMLx4tVFf0","zMMLx4tVFf0#l#l","1","False","","NO_DIRECT_EXPORT_NOT_PROVEN_MISSING"
"zMSyHPD9hd4","zMSyHPD9hd4#l#l","1","False","","NO_DIRECT_EXPORT_NOT_PROVEN_MISSING"
"zO9UL3qIINQ","zO9UL3qIINQ#C#D","1","True","src\SharpEmu.Libs\Rtc\RtcExports.cs","DIRECT_SYSABI_EXPORT_PRESENT"
"zOA2tHzOY8I","zOA2tHzOY8I#l#l","1","True","src\SharpEmu.Libs\Np\V46ExportsPart14.cs","DIRECT_SYSABI_EXPORT_PRESENT"
"zQtLRTqceMY","zQtLRTqceMY#o#o","1","False","","NO_DIRECT_EXPORT_NOT_PROVEN_MISSING"
"zV4C5bcYMCI","zV4C5bcYMCI#l#l","1","True","src\SharpEmu.Libs\Np\V46ExportsPart17.cs","DIRECT_SYSABI_EXPORT_PRESENT"
"zWkArFP1YQI","zWkArFP1YQI#l#l","1","True","src\SharpEmu.Libs\Np\V50ExportsPart02.cs","DIRECT_SYSABI_EXPORT_PRESENT"
"zXdVl2D7dUk","zXdVl2D7dUk#l#l","1","False","","NO_DIRECT_EXPORT_NOT_PROVEN_MISSING"
"zYttnqIaAS4","zYttnqIaAS4#l#l","1","True","src\SharpEmu.Libs\Np\V47ExportsPart03.cs","DIRECT_SYSABI_EXPORT_PRESENT"
"zfcxg-ewMK8","zfcxg-ewMK8#B#C","1","True","src\SharpEmu.Libs\Agc\AgcExports.cs","DIRECT_SYSABI_EXPORT_PRESENT"
"zfvBGft4XrY","zfvBGft4XrY#l#l","1","True","src\SharpEmu.Libs\Np\V46ExportsPart14.cs","DIRECT_SYSABI_EXPORT_PRESENT"
"zg6u-N6Otxs","zg6u-N6Otxs#B#C","1","False","","NO_DIRECT_EXPORT_NOT_PROVEN_MISSING"
"ziVA3whp3p4","ziVA3whp3p4#B#C","1","True","src\SharpEmu.Libs\Agc\AgcExports.cs","DIRECT_SYSABI_EXPORT_PRESENT"
"zjqTmP0ST9A","zjqTmP0ST9A#l#l","1","True","src\SharpEmu.Libs\Np\V48ExportsPart03.cs","DIRECT_SYSABI_EXPORT_PRESENT"
"zk7Es711EV8","zk7Es711EV8#l#l","1","True","src\SharpEmu.Libs\Np\NpCppWebApiV44Exports.cs","DIRECT_SYSABI_EXPORT_PRESENT"
"zlfEH8FmyUA","zlfEH8FmyUA#4#3","1","False","","NO_DIRECT_EXPORT_NOT_PROVEN_MISSING"
"zloBP1Yo108","zloBP1Yo108#l#l","1","True","src\SharpEmu.Libs\Np\V46ExportsPart14.cs","DIRECT_SYSABI_EXPORT_PRESENT"
"zq+qJ57PqpQ","zq+qJ57PqpQ#l#l","1","True","src\SharpEmu.Libs\Np\V47ExportsPart15.cs","DIRECT_SYSABI_EXPORT_PRESENT"
"zr094EQ39Ww","zr094EQ39Ww#4#3","11503","False","","NO_DIRECT_EXPORT_NOT_PROVEN_MISSING"
"zrEp8lu3vAI","zrEp8lu3vAI#l#l","1","True","src\SharpEmu.Libs\Np\V50ExportsPart01.cs","DIRECT_SYSABI_EXPORT_PRESENT"
"zv9FDHSv88k","zv9FDHSv88k#l#l","1","True","src\SharpEmu.Libs\Np\V47ExportsPart04.cs","DIRECT_SYSABI_EXPORT_PRESENT"
"zzDN3aMsHzg","zzDN3aMsHzg#l#l","1","True","src\SharpEmu.Libs\Np\V50ExportsPart03.cs","DIRECT_SYSABI_EXPORT_PRESENT"
