symbol_index,nid,symbol_name,library_token,library,module_token,module,relocation_count,symbol_kind,direct_sysabi_match,direct_export_names,direct_source_files
1,bzQExy189ZI,bzQExy189ZI#v#s,v,libc,s,libc,1,function/other,1,_init_env,SharpEmu.Libs\Kernel\KernelExports.cs
2,8G2LB+A3rzg,8G2LB+A3rzg#v#s,v,libc,s,libc,1,function/other,1,atexit,SharpEmu.Libs\Kernel\KernelExports.cs
3,XKRegsFpEpk,XKRegsFpEpk#v#s,v,libc,s,libc,1,function/other,1,catchReturnFromMain,SharpEmu.Libs\Kernel\KernelExports.cs
4,uMei1W9uyNo,uMei1W9uyNo#v#s,v,libc,s,libc,1,function/other,1,exit,SharpEmu.Libs\Kernel\KernelExports.cs
5,P330P3dFF68,P330P3dFF68#v#s,v,libc,s,libc,2,object/data,0,,
6,f7uOxY9mM1U,f7uOxY9mM1U#u#a,u,libkernel,a,libkernel,1,object/data,1,__stack_chk_guard,SharpEmu.Libs\Kernel\KernelRuntimeCompatExports.cs
7,Ou3iL1abvng,Ou3iL1abvng#u#a,u,libkernel,a,libkernel,1,function/other,1,__stack_chk_fail,SharpEmu.Libs\Kernel\KernelRuntimeCompatExports.cs
8,Al8MZJh-4hM,Al8MZJh-4hM#v#s,v,libc,s,libc,1,function/other,1,wmemset,SharpEmu.Libs\LibcCompat\LibcMemoryStringExports.cs
9,tQIo+GIPklo,tQIo+GIPklo#v#s,v,libc,s,libc,1,function/other,0,,
11,fL3O02ypZFE,fL3O02ypZFE#v#s,v,libc,s,libc,1,function/other,1,wmemcpy,SharpEmu.Libs\LibcCompat\LibcMemoryStringExports.cs
12,lKEN2IebgJ0,lKEN2IebgJ0#v#s,v,libc,s,libc,1,function/other,0,,
13,rcQCUr0EaRU,rcQCUr0EaRU#v#s,v,libc,s,libc,1,function/other,0,,
14,d3dMyWORw8A,d3dMyWORw8A#v#s,v,libc,s,libc,1,function/other,0,,
15,pXvbDfchu6k,pXvbDfchu6k#v#s,v,libc,s,libc,1,function/other,1,strncasecmp,SharpEmu.Libs\LibcCompat\LibcMemoryStringExports.cs
16,EH-x713A99c,EH-x713A99c#v#s,v,libc,s,libc,1,function/other,1,atan2f,SharpEmu.Libs\LibcCompat\LibcMathCompilerRuntimeExports.cs
17,88Vv-AzHVj8,88Vv-AzHVj8#v#s,v,libc,s,libc,1,function/other,1,fmodf,SharpEmu.Libs\LibcCompat\LibcMathCompilerRuntimeExports.cs
18,tsvEmnenz48,tsvEmnenz48#v#s,v,libc,s,libc,1,function/other,1,__cxa_atexit,SharpEmu.Libs\Kernel\KernelExports.cs
19,8zTFvBIAIN8,8zTFvBIAIN8#v#s,v,libc,s,libc,1,function/other,1,memset,SharpEmu.Libs\Kernel\KernelMemoryCompatExports.cs
20,+P6FRGH4LfA,+P6FRGH4LfA#v#s,v,libc,s,libc,1,function/other,1,memmove,SharpEmu.Libs\Kernel\KernelMemoryCompatExports.cs
21,Q3VBxCXhUHs,Q3VBxCXhUHs#v#s,v,libc,s,libc,1,function/other,1,memcpy,SharpEmu.Libs\Kernel\KernelMemoryCompatExports.cs
22,Q2V+iqvjgC0,Q2V+iqvjgC0#v#s,v,libc,s,libc,1,function/other,1,vsnprintf,SharpEmu.Libs\Kernel\KernelMemoryCompatExports.cs
23,Ovb2dSJOAuE,Ovb2dSJOAuE#v#s,v,libc,s,libc,1,function/other,1,strcmp,SharpEmu.Libs\Kernel\KernelMemoryCompatExports.cs
24,1uJgoVq3bQU,1uJgoVq3bQU#v#s,v,libc,s,libc,1,function/other,0,,
25,j4ViWNHEgww,j4ViWNHEgww#v#s,v,libc,s,libc,1,function/other,1,strlen,SharpEmu.Libs\Kernel\KernelMemoryCompatExports.cs
26,kHg45qPC6f0,kHg45qPC6f0#v#s,v,libc,s,libc,1,function/other,1,strncat,SharpEmu.Libs\Kernel\KernelMemoryCompatExports.cs
27,5TjaJwkLWxE,5TjaJwkLWxE#v#s,v,libc,s,libc,1,function/other,1,bcmp,SharpEmu.Libs\LibcCompat\RuntimePosixRemainingExportsV54.cs
28,WkkeywLJcgU,WkkeywLJcgU#v#s,v,libc,s,libc,1,function/other,1,wcslen,SharpEmu.Libs\Kernel\KernelMemoryCompatExports.cs
29,FM5NPnLqBc8,FM5NPnLqBc8#v#s,v,libc,s,libc,1,function/other,1,wcscpy,SharpEmu.Libs\Kernel\KernelMemoryCompatExports.cs
30,3GPpjQdAMTw,3GPpjQdAMTw#v#s,v,libc,s,libc,1,function/other,1,__cxa_guard_acquire,SharpEmu.Libs\CxxAbiExports.cs
31,9rAeANT2tyE,9rAeANT2tyE#v#s,v,libc,s,libc,1,function/other,1,__cxa_guard_release,SharpEmu.Libs\CxxAbiExports.cs
32,CdWp0oHWGr0,CdWp0oHWGr0#H#I,H,libSceUserService,I,libSceUserService,1,function/other,1,sceUserServiceGetInitialUser,SharpEmu.Libs\UserService\UserServiceExports.cs
33,AV6ipCNa4Rw,AV6ipCNa4Rw#v#s,v,libc,s,libc,1,function/other,1,strcasecmp,SharpEmu.Libs\Kernel\KernelMemoryCompatExports.cs
34,6sJWiWSRuqk,6sJWiWSRuqk#v#s,v,libc,s,libc,1,function/other,1,strncpy,SharpEmu.Libs\Kernel\KernelMemoryCompatExports.cs
35,viiwFMaNamA,viiwFMaNamA#v#s,v,libc,s,libc,1,function/other,1,strstr,SharpEmu.Libs\Kernel\KernelMemoryCompatExports.cs
36,ozMAr28BwSY,ozMAr28BwSY#v#s,v,libc,s,libc,1,function/other,0,,
37,kiZSXIWd9vg,kiZSXIWd9vg#v#s,v,libc,s,libc,1,function/other,1,strcpy,SharpEmu.Libs\Kernel\KernelMemoryCompatExports.cs
38,Noj9PsJrsa8,Noj9PsJrsa8#v#s,v,libc,s,libc,1,function/other,1,wmemmove,SharpEmu.Libs\LibcCompat\LibcMemoryStringExports.cs
39,GZWjF-YIFFk,GZWjF-YIFFk#v#s,v,libc,s,libc,1,function/other,1,asinf,SharpEmu.Libs\LibcCompat\LibcMathCompilerRuntimeExports.cs
40,DbEnA+MnVIw,DbEnA+MnVIw#v#s,v,libc,s,libc,1,function/other,0,,
41,eLdDw6l0-bU,eLdDw6l0-bU#v#s,v,libc,s,libc,1,function/other,1,snprintf,SharpEmu.Libs\Kernel\KernelMemoryCompatExports.cs
42,QJ5xVfKkni0,QJ5xVfKkni0#v#s,v,libc,s,libc,1,function/other,1,wmemcmp,SharpEmu.Libs\LibcCompat\LibcMemoryStringExports.cs
43,1D0H2KNjshE,1D0H2KNjshE#v#s,v,libc,s,libc,1,function/other,1,powf,SharpEmu.Libs\LibcCompat\LibcMathCompilerRuntimeExports.cs
44,zlfEH8FmyUA,zlfEH8FmyUA#v#s,v,libc,s,libc,1,function/other,0,,
45,zr094EQ39Ww,zr094EQ39Ww#v#s,v,libc,s,libc,2722,function/other,0,,
46,eT2UsmTewbU,eT2UsmTewbU#v#s,v,libc,s,libc,1,function/other,0,,
47,gNQ1V2vfXDE,gNQ1V2vfXDE#v#s,v,libc,s,libc,1,function/other,0,,
48,9yDWMxEFdJU,9yDWMxEFdJU#v#s,v,libc,s,libc,1,function/other,1,strrchr,SharpEmu.Libs\Kernel\KernelMemoryCompatExports.cs
49,ZE6RNL+eLbk,ZE6RNL+eLbk#v#s,v,libc,s,libc,1,function/other,1,tanf,SharpEmu.Libs\LibcCompat\LibcMathCompilerRuntimeExports.cs
50,CjQROLB88a4,CjQROLB88a4#v#s,v,libc,s,libc,1,function/other,1,__signbitf,SharpEmu.Libs\LibcCompat\RuntimePosixRemainingExportsV54.cs
51,weDug8QD-lE,weDug8QD-lE#v#s,v,libc,s,libc,1,function/other,1,atanf,SharpEmu.Libs\LibcCompat\LibcMathCompilerRuntimeExports.cs
52,H4MCONF+Gps,H4MCONF+Gps#v#s,v,libc,s,libc,1,function/other,1,wcspbrk,SharpEmu.Libs\LibcCompat\LibcMemoryStringExports.cs
53,bZx+FFSlkUM,bZx+FFSlkUM#v#s,v,libc,s,libc,1,function/other,0,,
54,qYhnoevd9bI,qYhnoevd9bI#v#s,v,libc,s,libc,1,function/other,0,,
55,hcuQgD53UxM,hcuQgD53UxM#v#s,v,libc,s,libc,1,function/other,0,,
56,pNtJdE3x49E,pNtJdE3x49E#v#s,v,libc,s,libc,1,function/other,1,wcscmp,SharpEmu.Libs\Kernel\KernelMemoryCompatExports.cs
57,Ezzq78ZgHPs,Ezzq78ZgHPs#v#s,v,libc,s,libc,1,function/other,1,wcschr,SharpEmu.Libs\Kernel\KernelMemoryCompatExports.cs
58,fnUEjBCNRVU,fnUEjBCNRVU#v#s,v,libc,s,libc,1,function/other,1,wmemchr,SharpEmu.Libs\LibcCompat\LibcMemoryStringExports.cs
59,8zsu04XNsZ4,8zsu04XNsZ4#v#s,v,libc,s,libc,1,function/other,1,expf,SharpEmu.Libs\LibcCompat\LibcMathCompilerRuntimeExports.cs
60,cpCOXWMgha0,cpCOXWMgha0#v#s,v,libc,s,libc,1,function/other,0,,
61,5OqszGpy7Mg,5OqszGpy7Mg#v#s,v,libc,s,libc,1,function/other,1,strtoull,SharpEmu.Libs\LibcCompat\LibcRuntimeExpansionV46Exports.cs
62,0nV21JjYCH8,0nV21JjYCH8#v#s,v,libc,s,libc,1,function/other,1,wcsncpy,SharpEmu.Libs\Kernel\KernelMemoryCompatExports.cs
63,g8cM39EUZ6o,g8cM39EUZ6o#J#K,J,libSceSysmodule,K,libSceSysmodule,1,function/other,1,sceSysmoduleLoadModule,SharpEmu.Libs\Kernel\KernelRuntimeCompatExports.cs
64,0aR2aWmQal4,0aR2aWmQal4#E#F,E,libSceNpCommerce,F,libSceNpCommerce,1,function/other,0,,
65,m-I92Ab50W8,m-I92Ab50W8#E#F,E,libSceNpCommerce,F,libSceNpCommerce,1,function/other,0,,
66,eR2bZFAAU0Q,eR2bZFAAU0Q#J#K,J,libSceSysmodule,K,libSceSysmodule,1,function/other,1,sceSysmoduleUnloadModule,SharpEmu.Libs\Kernel\KernelRuntimeCompatExports.cs
67,eiqMCt9UshI,eiqMCt9UshI#V#W,V,libSceNpManager,W,libSceNpManager,1,function/other,0,,
68,S7QTn72PrDw,S7QTn72PrDw#V#W,V,libSceNpManager,W,libSceNpManager,1,function/other,1,sceNpDeleteRequest,SharpEmu.Libs\Np\NpManagerExports.cs
69,O80NrhUOPGY,O80NrhUOPGY#V#W,V,libSceNpManager,W,libSceNpManager,1,function/other,0,,
70,uqcPJLWL08M,uqcPJLWL08M#V#W,V,libSceNpManager,W,libSceNpManager,1,function/other,0,,
71,OzKvTvg3ZYU,OzKvTvg3ZYU#V#W,V,libSceNpManager,W,libSceNpManager,1,function/other,0,,
72,DfSCDRA3EjY,DfSCDRA3EjY#E#F,E,libSceNpCommerce,F,libSceNpCommerce,1,function/other,0,,
73,LR5cwFMMCVE,LR5cwFMMCVE#E#F,E,libSceNpCommerce,F,libSceNpCommerce,1,function/other,0,,
74,r42bWcQbtZY,r42bWcQbtZY#E#F,E,libSceNpCommerce,F,libSceNpCommerce,1,function/other,0,,
75,su7jW3VDDb4,su7jW3VDDb4#g#h,g,libSceNpUniversalDataSystem,h,libSceNpUniversalDataSystem,1,function/other,0,,
76,p+GcLqwpL9M,p+GcLqwpL9M#g#h,g,libSceNpUniversalDataSystem,h,libSceNpUniversalDataSystem,1,function/other,1,sceNpUniversalDataSystemCreateEvent,SharpEmu.Libs\Np\NpUniversalDataSystemExports.cs
77,YE4dbtbz6OE,YE4dbtbz6OE#g#h,g,libSceNpUniversalDataSystem,h,libSceNpUniversalDataSystem,1,function/other,0,,
78,wG+84pnNIuo,wG+84pnNIuo#g#h,g,libSceNpUniversalDataSystem,h,libSceNpUniversalDataSystem,1,function/other,1,sceNpUniversalDataSystemDestroyEvent,SharpEmu.Libs\Np\NpUniversalDataSystemExports.cs
79,zO9UL3qIINQ,zO9UL3qIINQ#s#r,s,libSceRtc,r,libSceRtc,1,function/other,1,sceRtcGetCurrentNetworkTick,SharpEmu.Libs\Rtc\RtcExports.cs
80,MfDb+4Nln64,MfDb+4Nln64#g#h,g,libSceNpUniversalDataSystem,h,libSceNpUniversalDataSystem,1,function/other,1,sceNpUniversalDataSystemEventPropertyObjectSetString,SharpEmu.Libs\Np\NpUniversalDataSystemExports.cs
81,Hm7qubT3b70,Hm7qubT3b70#g#h,g,libSceNpUniversalDataSystem,h,libSceNpUniversalDataSystem,1,function/other,0,,
82,JmgwKm96Lq4,JmgwKm96Lq4#g#h,g,libSceNpUniversalDataSystem,h,libSceNpUniversalDataSystem,1,function/other,0,,
83,Wxbg5x3pTXA,Wxbg5x3pTXA#g#h,g,libSceNpUniversalDataSystem,h,libSceNpUniversalDataSystem,1,function/other,1,sceNpUniversalDataSystemEventPropertyObjectSetArray,SharpEmu.Libs\Np\NpUniversalDataSystemExports.cs
84,W-0xwY0ZMjw,W-0xwY0ZMjw#g#h,g,libSceNpUniversalDataSystem,h,libSceNpUniversalDataSystem,1,function/other,0,,
85,ob5xAW4ln-0,ob5xAW4ln-0#v#s,v,libc,s,libc,1,function/other,1,strchr,SharpEmu.Libs\Kernel\KernelMemoryCompatExports.cs
86,4llLk7YJRTE,4llLk7YJRTE#g#h,g,libSceNpUniversalDataSystem,h,libSceNpUniversalDataSystem,1,function/other,1,sceNpUniversalDataSystemEventPropertyArraySetString,SharpEmu.Libs\Np\NpUniversalDataSystemExports.cs
87,xvsP5Yz6FmY,xvsP5Yz6FmY#g#h,g,libSceNpUniversalDataSystem,h,libSceNpUniversalDataSystem,1,function/other,0,,
88,AzD4irAcKE4,AzD4irAcKE4#g#h,g,libSceNpUniversalDataSystem,h,libSceNpUniversalDataSystem,1,function/other,0,,
89,s6W4Zl4Slgk,s6W4Zl4Slgk#g#h,g,libSceNpUniversalDataSystem,h,libSceNpUniversalDataSystem,1,function/other,0,,
90,XY14n3jNIpE,XY14n3jNIpE#g#h,g,libSceNpUniversalDataSystem,h,libSceNpUniversalDataSystem,1,function/other,0,,
91,kKUH0Viib3c,kKUH0Viib3c#g#h,g,libSceNpUniversalDataSystem,h,libSceNpUniversalDataSystem,1,function/other,0,,
92,wLlFkwG9UcQ,wLlFkwG9UcQ#v#s,v,libc,s,libc,1,function/other,0,,
93,tIhsqj0qsFE,tIhsqj0qsFE#v#s,v,libc,s,libc,1,function/other,1,free,SharpEmu.Libs\Kernel\KernelMemoryCompatExports.cs
94,rbknaUjpqWo,rbknaUjpqWo#V#W,V,libSceNpManager,W,libSceNpManager,1,function/other,1,sceNpGetAccountIdA,SharpEmu.Libs\Np\NpManagerExports.cs
95,XDncXQIJUSk,XDncXQIJUSk#V#W,V,libSceNpManager,W,libSceNpManager,1,function/other,1,sceNpGetOnlineId,SharpEmu.Libs\Np\NpManagerExports.cs
96,Y7aJ1uydPMo,Y7aJ1uydPMo#v#s,v,libc,s,libc,1,function/other,1,realloc,SharpEmu.Libs\Kernel\KernelMemoryCompatExports.cs
97,gQX+4GDQjpM,gQX+4GDQjpM#v#s,v,libc,s,libc,1,function/other,1,malloc,SharpEmu.Libs\Kernel\KernelMemoryCompatExports.cs
98,E8wCoUEbfzk,E8wCoUEbfzk#v#s,v,libc,s,libc,1,function/other,1,wcsncmp,SharpEmu.Libs\Kernel\KernelMemoryCompatExports.cs
99,9rMML086SEE,9rMML086SEE#v#s,v,libc,s,libc,1,function/other,0,,
100,hEQ2Yi4PJXA,hEQ2Yi4PJXA#v#s,v,libc,s,libc,1,function/other,0,,
101,kALvdgEv5ME,kALvdgEv5ME#v#s,v,libc,s,libc,1,function/other,0,,
102,hqi8yMOCmG0,hqi8yMOCmG0#v#s,v,libc,s,libc,1,function/other,0,,
103,QxqK-IdpumU,QxqK-IdpumU#v#s,v,libc,s,libc,1,function/other,0,,
104,zS94yyJRSUs,zS94yyJRSUs#v#s,v,libc,s,libc,1,function/other,0,,
105,p6LrHjIQMdk,p6LrHjIQMdk#v#s,v,libc,s,libc,1,function/other,0,,
106,9nf8joUTSaQ,9nf8joUTSaQ#v#s,v,libc,s,libc,1,function/other,0,,
107,WViwxtEKxHk,WViwxtEKxHk#v#s,v,libc,s,libc,1,function/other,0,,
108,FjZCPmK0SbA,FjZCPmK0SbA#v#s,v,libc,s,libc,1,object/data,0,,
109,H4fcpQOpc08,H4fcpQOpc08#v#s,v,libc,s,libc,1,object/data,0,,
110,uuga3RipCKQ,uuga3RipCKQ#v#s,v,libc,s,libc,1,function/other,0,,
111,iPBqs+YUUFw,iPBqs+YUUFw#v#s,v,libc,s,libc,1,function/other,1,_Atomic_fetch_add_4,SharpEmu.Libs\LibcCompat\LibcRuntimeExpansionV46Exports.cs
112,2HnmKiLmV6s,2HnmKiLmV6s#v#s,v,libc,s,libc,1,function/other,1,_Atomic_fetch_sub_4,SharpEmu.Libs\LibcCompat\LibcRuntimeExpansionV46Exports.cs
113,Pu0Ecyk-7FU,Pu0Ecyk-7FU#v#s,v,libc,s,libc,1,function/other,0,,
114,Xjoosiw+XPI,Xjoosiw+XPI#u#a,u,libkernel,a,libkernel,1,function/other,1,sceKernelUuidCreate,SharpEmu.Libs\Kernel\KernelRuntimeCompatExports.cs
115,obuxdTiwkF8,obuxdTiwkF8#M#N,M,libSceNetCtl,N,libSceNetCtl,1,function/other,1,sceNetCtlGetInfo,SharpEmu.Libs\Network\NetCtlExports.cs
116,JO4yuTuMoKI,JO4yuTuMoKI#M#N,M,libSceNetCtl,N,libSceNetCtl,1,function/other,1,sceNetCtlGetNatInfo,SharpEmu.Libs\Network\NetCtlExports.cs
117,JT+t00a3TxA,JT+t00a3TxA#V#W,V,libSceNpManager,W,libSceNpManager,1,function/other,1,sceNpGetAccountCountryA,SharpEmu.Libs\Np\NpManagerExports.cs
118,GpLQDNKICac,GpLQDNKICac#V#W,V,libSceNpManager,W,libSceNpManager,1,function/other,0,,
119,3Tcz5bNCfZQ,3Tcz5bNCfZQ#V#W,V,libSceNpManager,W,libSceNpManager,1,function/other,0,,
120,aesyjrHVWy4,aesyjrHVWy4#v#s,v,libc,s,libc,1,function/other,1,strncmp,SharpEmu.Libs\Kernel\KernelMemoryCompatExports.cs
121,wZi5ly2guNw,wZi5ly2guNw#v#s,v,libc,s,libc,1,function/other,0,,
122,5PfqUBaQf4g,5PfqUBaQf4g#v#s,v,libc,s,libc,1,object/data,0,,
123,pztV4AF18iI,pztV4AF18iI#v#s,v,libc,s,libc,1,function/other,1,sincosf,SharpEmu.Libs\LibcCompat\RuntimePosixRemainingExportsV54.cs
124,3RQ5aQfnstU,3RQ5aQfnstU#n#n,n,libSceSystemService,n,libSceSystemService,1,function/other,1,sceSystemServiceGetNoticeScreenSkipFlag,SharpEmu.Libs\SystemService\SystemServiceExports.cs
125,-sD02mFDBh4,-sD02mFDBh4#H#I,H,libSceUserService,I,libSceUserService,1,function/other,1,sceUserServiceGetGamePresets,SharpEmu.Libs\UserService\UserServiceExports.cs
126,MpxhMh8QFro,MpxhMh8QFro#v#s,v,libc,s,libc,1,function/other,1,fwrite,SharpEmu.Libs\LibcStdioExports.cs
127,Q1BL70XVV0o,Q1BL70XVV0o#v#s,v,libc,s,libc,1,function/other,0,,
128,2vDqwBlpF-o,2vDqwBlpF-o#v#s,v,libc,s,libc,1,function/other,1,strtod,SharpEmu.Libs\LibcCompat\LibcRuntimeExpansionV46Exports.cs
129,tcVi5SivF7Q,tcVi5SivF7Q#v#s,v,libc,s,libc,1,function/other,1,sprintf,SharpEmu.Libs\Kernel\KernelMemoryCompatExports.cs
130,xeYO4u7uyJ0,xeYO4u7uyJ0#v#s,v,libc,s,libc,1,function/other,1,fopen,SharpEmu.Libs\LibcStdioExports.cs
131,uodLYyUip20,uodLYyUip20#v#s,v,libc,s,libc,1,function/other,1,fclose,SharpEmu.Libs\LibcStdioExports.cs
132,rQFVBXp-Cxg,rQFVBXp-Cxg#v#s,v,libc,s,libc,1,function/other,1,fseek,SharpEmu.Libs\LibcStdioExports.cs
133,Qazy8LmXTvw,Qazy8LmXTvw#v#s,v,libc,s,libc,1,function/other,1,ftell,SharpEmu.Libs\LibcStdioExports.cs
134,lbB+UlZqVG0,lbB+UlZqVG0#v#s,v,libc,s,libc,1,function/other,1,fread,SharpEmu.Libs\LibcStdioExports.cs
135,AHxyhN96dy4,AHxyhN96dy4#v#s,v,libc,s,libc,1,function/other,1,ferror,SharpEmu.Libs\LibcStdioExports.cs
136,pKwslsMUmSk,pKwslsMUmSk#v#s,v,libc,s,libc,1,function/other,1,fmod,SharpEmu.Libs\LibcCompat\LibcMathCompilerRuntimeExports.cs
137,V23qt24VPVs,V23qt24VPVs#v#s,v,libc,s,libc,1,function/other,0,,
138,yLE5H3058Ao,yLE5H3058Ao#v#s,v,libc,s,libc,1,object/data,0,,
139,DuW5ZqZv-70,DuW5ZqZv-70#v#s,v,libc,s,libc,1,function/other,0,,
140,N2f485TmJms,N2f485TmJms#v#s,v,libc,s,libc,1,function/other,0,,
141,-L+-8F0+gBc,-L+-8F0+gBc#v#s,v,libc,s,libc,1,object/data,0,,
142,oe9tS0VztYk,oe9tS0VztYk#v#s,v,libc,s,libc,1,function/other,0,,
143,FQ9NFbBHb5Y,FQ9NFbBHb5Y#v#s,v,libc,s,libc,1,object/data,0,,
144,wiR+rIcbnlc,wiR+rIcbnlc#v#s,v,libc,s,libc,1,object/data,0,,
145,tyHd3P7oDrU,tyHd3P7oDrU#v#s,v,libc,s,libc,1,function/other,1,_ZNKSt9exception8_DoraiseEv,SharpEmu.Libs\LibcCompat\V51ExportsPart01.cs
146,Ujf3KzMvRmI,Ujf3KzMvRmI#v#s,v,libc,s,libc,1,function/other,1,memalign,SharpEmu.Libs\Kernel\KernelMemoryCompatExports.cs
147,RqeErO3cFHU,RqeErO3cFHU#v#s,v,libc,s,libc,1,function/other,0,,
148,pO96TwzOm5E,pO96TwzOm5E#u#a,u,libkernel,a,libkernel,1,function/other,1,sceKernelGetDirectMemorySize,SharpEmu.Libs\Kernel\KernelMemoryCompatExports.cs
149,C0f7TJcbfac,C0f7TJcbfac#u#a,u,libkernel,a,libkernel,1,function/other,1,sceKernelAvailableDirectMemorySize,SharpEmu.Libs\Kernel\KernelMemoryCompatExports.cs
150,rTXw65xmLIA,rTXw65xmLIA#u#a,u,libkernel,a,libkernel,1,function/other,1,sceKernelAllocateDirectMemory,SharpEmu.Libs\Kernel\KernelMemoryCompatExports.cs
151,L-Q3LEjIbgA,L-Q3LEjIbgA#u#a,u,libkernel,a,libkernel,1,function/other,1,sceKernelMapDirectMemory,SharpEmu.Libs\Kernel\KernelMemoryCompatExports.cs
152,BohYr-F7-is,BohYr-F7-is#u#a,u,libkernel,a,libkernel,1,function/other,1,sceKernelSetPrtAperture,SharpEmu.Libs\Kernel\KernelRuntimeCompatExports.cs
153,aNz11fnnzi4,aNz11fnnzi4#u#a,u,libkernel,a,libkernel,1,function/other,1,sceKernelAvailableFlexibleMemorySize,SharpEmu.Libs\Kernel\KernelMemoryCompatExports.cs
154,7oxv3PPCumo,7oxv3PPCumo#u#a,u,libkernel,a,libkernel,1,function/other,1,sceKernelReserveVirtualRange,SharpEmu.Libs\Kernel\KernelRuntimeCompatExports.cs
155,IWIBBdTHit4,IWIBBdTHit4#u#a,u,libkernel,a,libkernel,1,function/other,1,sceKernelMapFlexibleMemory,SharpEmu.Libs\Kernel\KernelMemoryCompatExports.cs
156,rVjRvHJ0X6c,rVjRvHJ0X6c#u#a,u,libkernel,a,libkernel,1,function/other,1,sceKernelVirtualQuery,SharpEmu.Libs\Kernel\KernelMemoryCompatExports.cs
157,2SKEx6bSq-4,2SKEx6bSq-4#u#a,u,libkernel,a,libkernel,1,function/other,1,sceKernelBatchMap,SharpEmu.Libs\Kernel\KernelMemoryCompatExports.cs
158,SRI6S9B+-a4,SRI6S9B+-a4#v#s,v,libc,s,libc,1,function/other,0,,
159,-kU6bB4M-+k,-kU6bB4M-+k#v#s,v,libc,s,libc,1,function/other,1,strspn,SharpEmu.Libs\LibcCompat\LibcMemoryStringExports.cs
160,q0F6yS-rCms,q0F6yS-rCms#v#s,v,libc,s,libc,1,function/other,1,strcspn,SharpEmu.Libs\LibcCompat\LibcMemoryStringExports.cs
161,m5wN+SwZOR4,m5wN+SwZOR4#v#s,v,libc,s,libc,1,function/other,0,,
162,Ls4tzzhimqQ,Ls4tzzhimqQ#v#s,v,libc,s,libc,1,function/other,1,strcat,SharpEmu.Libs\Kernel\KernelMemoryCompatExports.cs
163,1G3lF1Gg1k8,1G3lF1Gg1k8#u#a,u,libkernel,a,libkernel,1,function/other,1,sceKernelOpen,SharpEmu.Libs\Kernel\KernelExports.cs
164,eV9wAD2riIA,eV9wAD2riIA#u#a,u,libkernel,a,libkernel,1,function/other,1,sceKernelStat,SharpEmu.Libs\Kernel\KernelMemoryCompatExports.cs
165,UK2Tl2DWUns,UK2Tl2DWUns#u#a,u,libkernel,a,libkernel,1,function/other,1,sceKernelClose,SharpEmu.Libs\Kernel\KernelMemoryCompatExports.cs
166,oib76F-12fk,oib76F-12fk#u#a,u,libkernel,a,libkernel,1,function/other,1,sceKernelLseek,SharpEmu.Libs\Kernel\KernelMemoryCompatExports.cs
167,Cg4srZ6TKbU,Cg4srZ6TKbU#u#a,u,libkernel,a,libkernel,1,function/other,1,sceKernelRead,SharpEmu.Libs\Kernel\KernelMemoryCompatExports.cs
168,+r3rMFwItV4,+r3rMFwItV4#u#a,u,libkernel,a,libkernel,1,function/other,1,sceKernelPread,SharpEmu.Libs\Kernel\KernelGraphicsResourceIoV55Exports.cs
169,4wSze92BhLI,4wSze92BhLI#u#a,u,libkernel,a,libkernel,1,function/other,1,sceKernelWrite,SharpEmu.Libs\Kernel\KernelMemoryCompatExports.cs
170,VW3TVZiM4-E,VW3TVZiM4-E#u#a,u,libkernel,a,libkernel,1,function/other,0,,
171,fTx66l5iWIA,fTx66l5iWIA#u#a,u,libkernel,a,libkernel,1,function/other,0,,
172,kBwCPsYX-m4,kBwCPsYX-m4#u#a,u,libkernel,a,libkernel,1,function/other,1,sceKernelFstat,SharpEmu.Libs\Kernel\KernelMemoryCompatExports.cs
173,1-LFLmRFxxM,1-LFLmRFxxM#u#a,u,libkernel,a,libkernel,1,function/other,1,sceKernelMkdir,SharpEmu.Libs\Kernel\KernelMemoryCompatExports.cs
174,1j3S3n-tTW4,1j3S3n-tTW4#u#a,u,libkernel,a,libkernel,1,function/other,1,sceKernelGetTscFrequency,SharpEmu.Libs\Kernel\KernelRuntimeCompatExports.cs
175,fiiNDnNBKVY,fiiNDnNBKVY#v#s,v,libc,s,libc,1,function/other,0,,
176,5bBacGLyLOs,5bBacGLyLOs#v#s,v,libc,s,libc,1,function/other,0,,
177,n7AepwR0s34,n7AepwR0s34#v#s,v,libc,s,libc,1,function/other,0,,
178,efhK-YSUYYQ,efhK-YSUYYQ#v#s,v,libc,s,libc,1,function/other,0,,
179,q+9E0X3aWpU,q+9E0X3aWpU#v#s,v,libc,s,libc,1,function/other,0,,
180,F8bUHwAG284,F8bUHwAG284#u#a,u,libkernel,a,libkernel,1,function/other,1,scePthreadMutexattrInit,SharpEmu.Libs\Kernel\KernelPthreadCompatExports.cs
181,iMp8QpE+XO4,iMp8QpE+XO4#u#a,u,libkernel,a,libkernel,1,function/other,1,scePthreadMutexattrSettype,SharpEmu.Libs\Kernel\KernelPthreadCompatExports.cs
182,cmo1RIYva9o,cmo1RIYva9o#u#a,u,libkernel,a,libkernel,1,function/other,1,scePthreadMutexInit,SharpEmu.Libs\Kernel\KernelPthreadCompatExports.cs
183,smWEktiyyG0,smWEktiyyG0#u#a,u,libkernel,a,libkernel,1,function/other,1,scePthreadMutexattrDestroy,SharpEmu.Libs\Kernel\KernelPthreadCompatExports.cs
184,2Of0f+3mhhE,2Of0f+3mhhE#u#a,u,libkernel,a,libkernel,1,function/other,1,scePthreadMutexDestroy,SharpEmu.Libs\Kernel\KernelPthreadCompatExports.cs
185,9UK1vLZQft4,9UK1vLZQft4#u#a,u,libkernel,a,libkernel,1,function/other,1,scePthreadMutexLock,SharpEmu.Libs\Kernel\KernelPthreadCompatExports.cs
186,upoVrzMHFeE,upoVrzMHFeE#u#a,u,libkernel,a,libkernel,1,function/other,1,scePthreadMutexTrylock,SharpEmu.Libs\Kernel\KernelPthreadCompatExports.cs
187,tn3VlD0hG60,tn3VlD0hG60#u#a,u,libkernel,a,libkernel,1,function/other,1,scePthreadMutexUnlock,SharpEmu.Libs\Kernel\KernelPthreadCompatExports.cs
188,BpFoboUJoZU,BpFoboUJoZU#u#a,u,libkernel,a,libkernel,1,function/other,1,sceKernelCreateEventFlag,SharpEmu.Libs\Kernel\KernelEventFlagCompatExports.cs
189,8mql9OcQnd4,8mql9OcQnd4#u#a,u,libkernel,a,libkernel,1,function/other,1,sceKernelDeleteEventFlag,SharpEmu.Libs\Kernel\KernelEventFlagCompatExports.cs
190,IOnSvHzqu6A,IOnSvHzqu6A#u#a,u,libkernel,a,libkernel,1,function/other,1,sceKernelSetEventFlag,SharpEmu.Libs\Kernel\KernelEventFlagCompatExports.cs
191,7uhBFWRAS60,7uhBFWRAS60#u#a,u,libkernel,a,libkernel,1,function/other,1,sceKernelClearEventFlag,SharpEmu.Libs\Kernel\KernelEventFlagCompatExports.cs
192,9lvj5DjHZiA,9lvj5DjHZiA#u#a,u,libkernel,a,libkernel,1,function/other,1,sceKernelPollEventFlag,SharpEmu.Libs\Kernel\KernelEventFlagCompatExports.cs
193,JTvBflhYazQ,JTvBflhYazQ#u#a,u,libkernel,a,libkernel,1,function/other,1,sceKernelWaitEventFlag,SharpEmu.Libs\Kernel\KernelEventFlagCompatExports.cs
194,1jfXLRVzisc,1jfXLRVzisc#u#a,u,libkernel,a,libkernel,1,function/other,1,sceKernelUsleep,SharpEmu.Libs\Kernel\KernelRuntimeCompatExports.cs
195,nsYoNRywwNg,nsYoNRywwNg#u#a,u,libkernel,a,libkernel,1,function/other,1,scePthreadAttrInit,SharpEmu.Libs\Kernel\KernelPthreadExtendedCompatExports.cs
196,-Wreprtu0Qs,-Wreprtu0Qs#u#a,u,libkernel,a,libkernel,1,function/other,1,scePthreadAttrSetdetachstate,SharpEmu.Libs\Kernel\KernelPthreadExtendedCompatExports.cs
197,UTXzJbWhhTE,UTXzJbWhhTE#u#a,u,libkernel,a,libkernel,1,function/other,1,scePthreadAttrSetstacksize,SharpEmu.Libs\Kernel\KernelPthreadExtendedCompatExports.cs
198,eXbUSpEaTsA,eXbUSpEaTsA#u#a,u,libkernel,a,libkernel,1,function/other,1,scePthreadAttrSetinheritsched,SharpEmu.Libs\Kernel\KernelPthreadExtendedCompatExports.cs
199,4+h9EzwKF4I,4+h9EzwKF4I#u#a,u,libkernel,a,libkernel,1,function/other,1,scePthreadAttrSetschedpolicy,SharpEmu.Libs\Kernel\KernelPthreadExtendedCompatExports.cs
200,DzES9hQF4f4,DzES9hQF4f4#u#a,u,libkernel,a,libkernel,1,function/other,1,scePthreadAttrSetschedparam,SharpEmu.Libs\Kernel\KernelPthreadExtendedCompatExports.cs
201,3qxgM4ezETA,3qxgM4ezETA#u#a,u,libkernel,a,libkernel,1,function/other,1,scePthreadAttrSetaffinity,SharpEmu.Libs\Kernel\KernelPthreadExtendedCompatExports.cs
202,6UgtwV+0zb4,6UgtwV+0zb4#u#a,u,libkernel,a,libkernel,1,function/other,1,scePthreadCreate,SharpEmu.Libs\Kernel\KernelExports.cs
203,62KCwEMmzcM,62KCwEMmzcM#u#a,u,libkernel,a,libkernel,1,function/other,1,scePthreadAttrDestroy,SharpEmu.Libs\Kernel\KernelPthreadExtendedCompatExports.cs
204,W0Hpm2X0uPE,W0Hpm2X0uPE#u#a,u,libkernel,a,libkernel,1,function/other,1,scePthreadSetprio,SharpEmu.Libs\Kernel\KernelPthreadExtendedCompatExports.cs
205,onNY9Byn-W8,onNY9Byn-W8#u#a,u,libkernel,a,libkernel,1,function/other,1,scePthreadJoin,SharpEmu.Libs\Kernel\KernelExports.cs
206,T72hz6ffq08,T72hz6ffq08#u#a,u,libkernel,a,libkernel,1,function/other,1,scePthreadYield,SharpEmu.Libs\Kernel\KernelPthreadCompatExports.cs
207,rcrVFJsQWRY,rcrVFJsQWRY#u#a,u,libkernel,a,libkernel,1,function/other,1,scePthreadGetaffinity,SharpEmu.Libs\Kernel\KernelPthreadExtendedCompatExports.cs
208,bt3CTBKmGyI,bt3CTBKmGyI#u#a,u,libkernel,a,libkernel,1,function/other,1,scePthreadSetaffinity,SharpEmu.Libs\Kernel\KernelPthreadExtendedCompatExports.cs
209,JeNX5F-NzQU,JeNX5F-NzQU#c#d,c,libSceFiber,d,libSceFiber,1,function/other,1,sceFiberFinalize,SharpEmu.Libs\Fiber\FiberExports.cs
210,asjUJJ+aa8s,asjUJJ+aa8s#c#d,c,libSceFiber,d,libSceFiber,1,function/other,1,sceFiberOptParamInitialize,SharpEmu.Libs\Fiber\FiberExports.cs
211,hVYD7Ou2pCQ,hVYD7Ou2pCQ#c#d,c,libSceFiber,d,libSceFiber,1,function/other,1,_sceFiberInitializeImpl,SharpEmu.Libs\Fiber\FiberExports.cs
212,a0LLrZWac0M,a0LLrZWac0M#c#d,c,libSceFiber,d,libSceFiber,1,function/other,1,sceFiberRun,SharpEmu.Libs\Fiber\FiberExports.cs
213,B0ZX2hx9DMw,B0ZX2hx9DMw#c#d,c,libSceFiber,d,libSceFiber,1,function/other,1,sceFiberReturnToThread,SharpEmu.Libs\Fiber\FiberExports.cs
214,PFT2S-tJ7Uk,PFT2S-tJ7Uk#c#d,c,libSceFiber,d,libSceFiber,1,function/other,1,sceFiberSwitch,SharpEmu.Libs\Fiber\FiberExports.cs
215,uq2Y5BFz0PE,uq2Y5BFz0PE#c#d,c,libSceFiber,d,libSceFiber,1,function/other,1,sceFiberGetInfo,SharpEmu.Libs\Fiber\FiberExports.cs
216,JzyT91ucGDc,JzyT91ucGDc#c#d,c,libSceFiber,d,libSceFiber,1,function/other,1,sceFiberRename,SharpEmu.Libs\Fiber\FiberExports.cs
217,1Pk0qZQGeWo,1Pk0qZQGeWo#v#s,v,libc,s,libc,1,function/other,0,,
218,8zLSfEfW5AU,8zLSfEfW5AU#q#a,q,libSceCoredump,a,libkernel,1,function/other,1,sceCoredumpRegisterCoredumpHandler,SharpEmu.Libs\Kernel\KernelExports.cs
219,Dbbkj6YHWdo,Dbbkj6YHWdo#q#a,q,libSceCoredump,a,libkernel,1,function/other,0,,
220,fFkhOgztiCA,fFkhOgztiCA#q#a,q,libSceCoredump,a,libkernel,1,function/other,0,,
221,tU5e3f9gSiU,tU5e3f9gSiU#u#a,u,libkernel,a,libkernel,1,function/other,1,sceKernelIsTrinityMode,SharpEmu.Libs\Kernel\KernelExports.cs
222,4oXYe9Xmk0Q,4oXYe9Xmk0Q#u#a,u,libkernel,a,libkernel,1,function/other,1,sceKernelGetGPI,SharpEmu.Libs\Kernel\KernelRuntimeCompatExports.cs
223,2sWzhYqFH4E,2sWzhYqFH4E#v#s,v,libc,s,libc,1,object/data,0,,
224,QrZZdJ8XsX0,QrZZdJ8XsX0#v#s,v,libc,s,libc,1,function/other,1,fputs,SharpEmu.Libs\Kernel\KernelMemoryCompatExports.cs
225,JoBqSQt1yyA,JoBqSQt1yyA#n#n,n,libSceSystemService,n,libSceSystemService,1,function/other,0,,
226,RQXLbdT2lc4,RQXLbdT2lc4#v#s,v,libc,s,libc,1,function/other,1,logf,SharpEmu.Libs\LibcCompat\LibcMathCompilerRuntimeExports.cs
227,c8D9qIjo8EY,c8D9qIjo8EY#B#C,B,libSceHttp2,C,libSceHttp2,1,function/other,0,,
228,LJDwdSNTnDg,LJDwdSNTnDg#u#a,u,libkernel,a,libkernel,1,function/other,1,sceKernelDeleteUserEvent,SharpEmu.Libs\Kernel\KernelEventQueueCompatExports.cs
229,4R6-OvI2cEA,4R6-OvI2cEA#u#a,u,libkernel,a,libkernel,1,function/other,1,sceKernelAddUserEvent,SharpEmu.Libs\Kernel\KernelEventQueueCompatExports.cs
230,A+NVAFu4eCg,A+NVAFu4eCg#B#C,B,libSceHttp2,C,libSceHttp2,1,function/other,0,,
231,IZ-qjhRqvjk,IZ-qjhRqvjk#B#C,B,libSceHttp2,C,libSceHttp2,1,function/other,0,,
232,23CPPI1tyBY,23CPPI1tyBY#u#a,u,libkernel,a,libkernel,1,function/other,1,sceKernelGetEventFilter,SharpEmu.Libs\Kernel\KernelEventQueueCompatExports.cs
233,mJ7aghmgvfc,mJ7aghmgvfc#u#a,u,libkernel,a,libkernel,1,function/other,1,sceKernelGetEventId,SharpEmu.Libs\Kernel\KernelEventQueueCompatExports.cs
234,MOp-AUhdfi8,MOp-AUhdfi8#B#C,B,libSceHttp2,C,libSceHttp2,1,function/other,0,,
235,-rdXUi2XW90,-rdXUi2XW90#B#C,B,libSceHttp2,C,libSceHttp2,1,function/other,0,,
236,9XYJwCf3lEA,9XYJwCf3lEA#B#C,B,libSceHttp2,C,libSceHttp2,1,function/other,0,,
237,o0DBQpFE13o,o0DBQpFE13o#B#C,B,libSceHttp2,C,libSceHttp2,1,function/other,0,,
238,bGN-6zbo7ms,bGN-6zbo7ms#B#C,B,libSceHttp2,C,libSceHttp2,1,function/other,0,,
239,fZo48un7LK4,fZo48un7LK4#n#n,n,libSceSystemService,n,libSceSystemService,1,function/other,1,sceSystemServiceParamGetInt,SharpEmu.Libs\SystemService\SystemServiceExports.cs
240,9LCjpWyQ5Zc,9LCjpWyQ5Zc#v#s,v,libc,s,libc,1,function/other,1,pow,SharpEmu.Libs\LibcCompat\LibcMathCompilerRuntimeExports.cs
241,QI-x0SL8jhw,QI-x0SL8jhw#v#s,v,libc,s,libc,1,function/other,1,acosf,SharpEmu.Libs\LibcCompat\LibcMathCompilerRuntimeExports.cs
242,Q4rRL34CEeE,Q4rRL34CEeE#v#s,v,libc,s,libc,1,function/other,1,sinf,SharpEmu.Libs\LibcCompat\LibcMathCompilerRuntimeExports.cs
243,dgJBaeJnGpo,dgJBaeJnGpo#L#M,L,libSceNet,M,libSceNet,1,function/other,1,sceNetPoolCreate,SharpEmu.Libs\Network\NetExports.cs
244,hdpVEUDFW3s,hdpVEUDFW3s#P#Q,P,libSceSsl,Q,libSceSsl,1,function/other,1,sceSslInit,SharpEmu.Libs\Network\SslExports.cs
245,3JCe3lCbQ8A,3JCe3lCbQ8A#B#C,B,libSceHttp2,C,libSceHttp2,1,function/other,1,sceHttp2Init,SharpEmu.Libs\Network\Http2Exports.cs
246,+wCt7fCijgk,+wCt7fCijgk#B#C,B,libSceHttp2,C,libSceHttp2,1,function/other,0,,
247,D0OdFMjp46I,D0OdFMjp46I#u#a,u,libkernel,a,libkernel,1,function/other,1,sceKernelCreateEqueue,SharpEmu.Libs\Kernel\KernelEventQueueCompatExports.cs
248,jpFjmgAC5AE,jpFjmgAC5AE#u#a,u,libkernel,a,libkernel,1,function/other,1,sceKernelDeleteEqueue,SharpEmu.Libs\Kernel\KernelEventQueueCompatExports.cs
249,pDom5-078DA,pDom5-078DA#B#C,B,libSceHttp2,C,libSceHttp2,1,function/other,0,,
250,YiBUtz-pGkc,YiBUtz-pGkc#B#C,B,libSceHttp2,C,libSceHttp2,1,function/other,1,sceHttp2Term,SharpEmu.Libs\Network\Http2Exports.cs
251,0K1yQ6Lv-Yc,0K1yQ6Lv-Yc#P#Q,P,libSceSsl,Q,libSceSsl,1,function/other,1,sceSslTerm,SharpEmu.Libs\Network\SslExports.cs
252,K7RlrTkI-mw,K7RlrTkI-mw#L#M,L,libSceNet,M,libSceNet,1,function/other,1,sceNetPoolDestroy,SharpEmu.Libs\Network\NetExports.cs
253,fzyMKs9kim0,fzyMKs9kim0#u#a,u,libkernel,a,libkernel,1,function/other,1,sceKernelWaitEqueue,SharpEmu.Libs\Kernel\KernelEventQueueCompatExports.cs
254,YuOW3dDAKYc,YuOW3dDAKYc#Q#R,Q,libSceHttp,R,libSceHttp,1,function/other,0,,
255,mmyOCxQMVYQ,mmyOCxQMVYQ#B#C,B,libSceHttp2,C,libSceHttp2,1,function/other,0,,
256,nrPfOE8TQu0,nrPfOE8TQu0#B#C,B,libSceHttp2,C,libSceHttp2,1,function/other,0,,
257,Rbvt+5Y2iEw,Rbvt+5Y2iEw#L#M,L,libSceNet,M,libSceNet,1,function/other,1,sceNetNtohs,SharpEmu.Libs\Network\NetExports.cs
258,gky0+oaNM4k,gky0+oaNM4k#M#N,M,libSceNetCtl,N,libSceNetCtl,1,function/other,1,sceNetCtlInit,SharpEmu.Libs\Network\NetCtlExports.cs
259,Z4wwCFiBELQ,Z4wwCFiBELQ#M#N,M,libSceNetCtl,N,libSceNetCtl,1,function/other,1,sceNetCtlTerm,SharpEmu.Libs\Network\NetCtlExports.cs
260,pQGpHYopAIY,pQGpHYopAIY#L#M,L,libSceNet,M,libSceNet,1,function/other,1,sceNetNtohl,SharpEmu.Libs\Network\NetExports.cs
261,9T2pDF2Ryqg,9T2pDF2Ryqg#L#M,L,libSceNet,M,libSceNet,1,function/other,1,sceNetHtonl,SharpEmu.Libs\Network\NetExports.cs
262,iWQWrwiSt8A,iWQWrwiSt8A#L#M,L,libSceNet,M,libSceNet,1,function/other,1,sceNetHtons,SharpEmu.Libs\Network\NetExports.cs
263,8Kcp5d-q1Uo,8Kcp5d-q1Uo#L#M,L,libSceNet,M,libSceNet,1,function/other,1,sceNetInetPton,SharpEmu.Libs\Network\NetExports.cs
264,9vA2aW+CHuA,9vA2aW+CHuA#L#M,L,libSceNet,M,libSceNet,1,function/other,0,,
265,9BcDykPmo1I,9BcDykPmo1I#u#a,u,libkernel,a,libkernel,1,function/other,1,__error,SharpEmu.Libs\Kernel\KernelRuntimeCompatExports.cs
266,Q4qBuN-c0ZM,Q4qBuN-c0ZM#L#M,L,libSceNet,M,libSceNet,1,function/other,1,sceNetSocket,SharpEmu.Libs\Network\NetExports.cs
267,45ggEzakPJQ,45ggEzakPJQ#L#M,L,libSceNet,M,libSceNet,1,function/other,1,sceNetSocketClose,SharpEmu.Libs\Network\NetExports.cs
268,bErx49PgxyY,bErx49PgxyY#L#M,L,libSceNet,M,libSceNet,1,function/other,1,sceNetBind,SharpEmu.Libs\Network\NetExports.cs
269,OXXX4mUk3uk,OXXX4mUk3uk#L#M,L,libSceNet,M,libSceNet,1,function/other,0,,
270,PIWqhn9oSxc,PIWqhn9oSxc#L#M,L,libSceNet,M,libSceNet,1,function/other,1,sceNetAccept,SharpEmu.Libs\Network\NetExports.cs
271,kOj1HiAGE54,kOj1HiAGE54#L#M,L,libSceNet,M,libSceNet,1,function/other,1,sceNetListen,SharpEmu.Libs\Network\NetExports.cs
272,beRjXBn-z+o,beRjXBn-z+o#L#M,L,libSceNet,M,libSceNet,1,function/other,0,,
273,9wO9XrMsNhc,9wO9XrMsNhc#L#M,L,libSceNet,M,libSceNet,1,function/other,0,,
274,T8fER+tIGgk,T8fER+tIGgk#Z#a,Z,libScePosix,a,libkernel,1,function/other,0,,
275,gvD1greCu0A,gvD1greCu0A#L#M,L,libSceNet,M,libSceNet,1,function/other,0,,
276,304ooNZxWDY,304ooNZxWDY#L#M,L,libSceNet,M,libSceNet,1,function/other,0,,
277,hLuXdjHnhiI,hLuXdjHnhiI#L#M,L,libSceNet,M,libSceNet,1,function/other,0,,
278,2mKX2Spso7I,2mKX2Spso7I#L#M,L,libSceNet,M,libSceNet,1,function/other,1,sceNetSetsockopt,SharpEmu.Libs\Network\NetExports.cs
279,xphrZusl78E,xphrZusl78E#L#M,L,libSceNet,M,libSceNet,1,function/other,0,,
280,hoOAofhhRvE,hoOAofhhRvE#L#M,L,libSceNet,M,libSceNet,1,function/other,0,,
281,IADmD4tScBY,IADmD4tScBY#Y#Z,Y,libSceImeDialog,Z,libSceImeDialog,1,function/other,1,sceImeDialogGetStatus,SharpEmu.Libs\Ime\ImeDialogExports.cs
282,x01jxu+vxlc,x01jxu+vxlc#Y#Z,Y,libSceImeDialog,Z,libSceImeDialog,1,function/other,1,sceImeDialogGetResult,SharpEmu.Libs\Ime\ImeDialogExports.cs
283,gyTyVn+bXMw,gyTyVn+bXMw#Y#Z,Y,libSceImeDialog,Z,libSceImeDialog,1,function/other,1,sceImeDialogTerm,SharpEmu.Libs\Ime\ImeDialogExports.cs
284,NUeBrN7hzf0,NUeBrN7hzf0#Y#Z,Y,libSceImeDialog,Z,libSceImeDialog,1,function/other,1,sceImeDialogInit,SharpEmu.Libs\Ime\ImeDialogExports.cs
285,TFyU+KFBv54,TFyU+KFBv54#o#o,o,libSceNpEntitlementAccess,o,libSceNpEntitlementAccess,1,function/other,1,sceNpEntitlementAccessGetAddcontEntitlementInfoList,SharpEmu.Libs\Np\NpEntitlementAccessExports.cs
286,jO8DM8oyego,jO8DM8oyego#o#o,o,libSceNpEntitlementAccess,o,libSceNpEntitlementAccess,1,function/other,1,sceNpEntitlementAccessInitialize,SharpEmu.Libs\Np\NpEntitlementAccessExports.cs
287,ts6GlZOKRrE,ts6GlZOKRrE#l#l,l,libScePlayGo,l,libScePlayGo,1,function/other,1,scePlayGoInitialize,SharpEmu.Libs\PlayGo\PlayGoExports.cs
288,M1Gma1ocrGE,M1Gma1ocrGE#l#l,l,libScePlayGo,l,libScePlayGo,1,function/other,1,scePlayGoOpen,SharpEmu.Libs\PlayGo\PlayGoExports.cs
289,rvBSfTimejE,rvBSfTimejE#l#l,l,libScePlayGo,l,libScePlayGo,1,function/other,1,scePlayGoGetInstallSpeed,SharpEmu.Libs\PlayGo\PlayGoExports.cs
290,uWIYLFkkwqk,uWIYLFkkwqk#l#l,l,libScePlayGo,l,libScePlayGo,1,function/other,1,scePlayGoGetLocus,SharpEmu.Libs\PlayGo\PlayGoExports.cs
291,g4AZyxpSAlA,g4AZyxpSAlA#l#l,l,libScePlayGo,l,libScePlayGo,1,function/other,0,,
292,IfiN+-oeVWI,IfiN+-oeVWI#l#l,l,libScePlayGo,l,libScePlayGo,1,function/other,0,,
293,HVAa744ecdw,HVAa744ecdw#l#l,l,libScePlayGo,l,libScePlayGo,1,function/other,0,,
294,v6EZ-YWRdMs,v6EZ-YWRdMs#l#l,l,libScePlayGo,l,libScePlayGo,1,function/other,1,scePlayGoGetEta,SharpEmu.Libs\PlayGo\PlayGoExports.cs
295,-RJWNMK3fC8,-RJWNMK3fC8#l#l,l,libScePlayGo,l,libScePlayGo,1,function/other,1,scePlayGoGetProgress,SharpEmu.Libs\PlayGo\PlayGoExports.cs
296,4AAcTU9R3XM,4AAcTU9R3XM#l#l,l,libScePlayGo,l,libScePlayGo,1,function/other,1,scePlayGoSetInstallSpeed,SharpEmu.Libs\PlayGo\PlayGoExports.cs
297,-Q1-u1a7p0g,-Q1-u1a7p0g#l#l,l,libScePlayGo,l,libScePlayGo,1,function/other,1,scePlayGoPrefetch,SharpEmu.Libs\PlayGo\PlayGoExports.cs
298,Nn7zKwnA5q0,Nn7zKwnA5q0#l#l,l,libScePlayGo,l,libScePlayGo,1,function/other,1,scePlayGoGetToDoList,SharpEmu.Libs\PlayGo\PlayGoExports.cs
299,YJtKLttI9fM,YJtKLttI9fM#p#p,p,libSceGameUpdate,p,libSceGameUpdate,1,function/other,1,sceGameUpdateInitialize,SharpEmu.Libs\GameUpdate\GameUpdateExports.cs
300,UvcvKaFvupA,UvcvKaFvupA#p#p,p,libSceGameUpdate,p,libSceGameUpdate,1,function/other,0,,
301,LYVV9z8+owM,LYVV9z8+owM#p#p,p,libSceGameUpdate,p,libSceGameUpdate,1,function/other,0,,
302,bcCyjHN5sn0,bcCyjHN5sn0#p#p,p,libSceGameUpdate,p,libSceGameUpdate,1,function/other,0,,
303,d1CNGEOaK28,d1CNGEOaK28#p#p,p,libSceGameUpdate,p,libSceGameUpdate,1,function/other,0,,
304,j3YMu1MVNNo,j3YMu1MVNNo#H#I,H,libSceUserService,I,libSceUserService,1,function/other,1,sceUserServiceInitialize,SharpEmu.Libs\UserService\UserServiceExports.cs
305,m87BHxt-H60,m87BHxt-H60#h#i,h,libSceNpGameIntent,i,libSceNpGameIntent,1,function/other,1,sceNpGameIntentInitialize,SharpEmu.Libs\NpGameIntent\NpGameIntentExports.cs
306,R9lA82OraNs,R9lA82OraNs#m#m,m,libSceAppContent,m,libSceAppContentUtil,1,function/other,1,sceAppContentInitialize,SharpEmu.Libs\AppContent\AppContentExports.cs
307,99b82IKXpH4,99b82IKXpH4#m#m,m,libSceAppContent,m,libSceAppContentUtil,1,function/other,1,sceAppContentAppParamGetInt,SharpEmu.Libs\AppContent\AppContentExports.cs
308,Ec63y59l9tw,Ec63y59l9tw#V#W,V,libSceNpManager,W,libSceNpManager,1,function/other,1,sceNpSetNpTitleId,SharpEmu.Libs\Np\NpManagerExports.cs
309,nBDD66kiFW8,nBDD66kiFW8#r#q,r,libSceShare,q,libSceShare,1,function/other,1,sceShareInitialize,SharpEmu.Libs\Share\ShareExports.cs
310,7QZtURYnXG4,7QZtURYnXG4#r#q,r,libSceShare,q,libSceShare,1,function/other,1,sceShareSetContentParam,SharpEmu.Libs\Share\ShareExports.cs
311,yH17Q6NWtVg,yH17Q6NWtVg#H#I,H,libSceUserService,I,libSceUserService,1,function/other,1,sceUserServiceGetEvent,SharpEmu.Libs\UserService\UserServiceExports.cs
312,rPo6tV8D9bM,rPo6tV8D9bM#n#n,n,libSceSystemService,n,libSceSystemService,1,function/other,1,sceSystemServiceGetStatus,SharpEmu.Libs\SystemService\SystemServiceExports.cs
313,656LMQSrg6U,656LMQSrg6U#n#n,n,libSceSystemService,n,libSceSystemService,1,function/other,0,,
314,jEIXUAr9XE8,jEIXUAr9XE8#h#i,h,libSceNpGameIntent,i,libSceNpGameIntent,1,function/other,0,,
315,rPl0INNc-M8,rPl0INNc-M8#h#i,h,libSceNpGameIntent,i,libSceNpGameIntent,1,function/other,0,,
316,mqXwMzp+7pE,mqXwMzp+7pE#j#k,j,libSceNpCppWebApi,k,libSceNpCppWebApi,1,function/other,1,_ZN3sce2Np9CppWebApi6Common11TransactionINS2_12IntrusivePtrINS1_12Leaderboards2V123RecordScoreResponseBodyEEENS4_INS6_9RecordApi26RecordScoreResponseHeadersEEEEC1Ev,SharpEmu.Libs\Np\V50ExportsPart01.cs
317,IQOtjPPUJZM,IQOtjPPUJZM#j#k,j,libSceNpCppWebApi,k,libSceNpCppWebApi,1,function/other,0,,
318,+k2KKLVS+t8,+k2KKLVS+t8#j#k,j,libSceNpCppWebApi,k,libSceNpCppWebApi,1,function/other,1,_ZN3sce2Np9CppWebApi6Common12IntrusivePtrINS1_12Leaderboards2V122RecordScoreRequestBodyEEC1Ev,SharpEmu.Libs\Np\V46ExportsPart14.cs
319,rVdu+F4JFC4,rVdu+F4JFC4#j#k,j,libSceNpCppWebApi,k,libSceNpCppWebApi,1,function/other,1,_ZN3sce2Np9CppWebApi6Common12IntrusivePtrINS1_12Leaderboards2V123RecordScoreResponseBodyEEC1Ev,SharpEmu.Libs\Np\V46ExportsPart14.cs
320,gTiHp+M4wFM,gTiHp+M4wFM#j#k,j,libSceNpCppWebApi,k,libSceNpCppWebApi,1,function/other,1,_ZN3sce2Np9CppWebApi6Common12IntrusivePtrINS1_12Leaderboards2V19RecordApi26RecordScoreResponseHeadersEEC1Ev,SharpEmu.Libs\Np\V46ExportsPart14.cs
321,FQO2aJ3rhKI,FQO2aJ3rhKI#j#k,j,libSceNpCppWebApi,k,libSceNpCppWebApi,1,function/other,1,_ZN3sce2Np9CppWebApi6Common19UpStreamTransactionINS2_12IntrusivePtrINS1_12Leaderboards2V127RecordLargeDataResponseBodyEEENS4_INS2_18ResponseHeaderBaseEEEEC1Ev,SharpEmu.Libs\Np\V50ExportsPart02.cs
322,c00bHjdQxuc,c00bHjdQxuc#j#k,j,libSceNpCppWebApi,k,libSceNpCppWebApi,1,function/other,0,,
323,rBNBuzCGsLQ,rBNBuzCGsLQ#j#k,j,libSceNpCppWebApi,k,libSceNpCppWebApi,1,function/other,0,,
324,RM35a8uFre4,RM35a8uFre4#j#k,j,libSceNpCppWebApi,k,libSceNpCppWebApi,1,function/other,0,,
325,vURZNQ8+cP0,vURZNQ8+cP0#j#k,j,libSceNpCppWebApi,k,libSceNpCppWebApi,1,function/other,1,_ZNK3sce2Np9CppWebApi6Common12IntrusivePtrINS1_12Leaderboards2V122RecordScoreRequestBodyEEptEv,SharpEmu.Libs\Np\V46ExportsPart14.cs
326,8i5JWALfIoY,8i5JWALfIoY#j#k,j,libSceNpCppWebApi,k,libSceNpCppWebApi,1,function/other,0,,
327,O+VoB8m5MXA,O+VoB8m5MXA#j#k,j,libSceNpCppWebApi,k,libSceNpCppWebApi,1,function/other,0,,
328,LMpRWV5XyrQ,LMpRWV5XyrQ#j#k,j,libSceNpCppWebApi,k,libSceNpCppWebApi,1,function/other,1,_ZN3sce2Np9CppWebApi12Leaderboards2V122RecordScoreRequestBody19setComparedDateTimeERK10SceRtcTick,SharpEmu.Libs\Np\V50ExportsPart02.cs
329,4tEx7tt+b7g,4tEx7tt+b7g#j#k,j,libSceNpCppWebApi,k,libSceNpCppWebApi,1,function/other,1,_ZN3sce2Np9CppWebApi12Leaderboards2V122RecordScoreRequestBody15setNeedsTmpRankERKb,SharpEmu.Libs\Np\NpCppWebApiV44Exports.cs
330,jfCufYd0-+s,jfCufYd0-+s#j#k,j,libSceNpCppWebApi,k,libSceNpCppWebApi,1,function/other,1,_ZN3sce2Np9CppWebApi12Leaderboards2V122RecordScoreRequestBody7setPcIdERKi,SharpEmu.Libs\Np\NpCppWebApiV44Exports.cs
331,OV+MKKnbEYM,OV+MKKnbEYM#j#k,j,libSceNpCppWebApi,k,libSceNpCppWebApi,1,function/other,1,_ZN3sce2Np9CppWebApi6Common12IntrusivePtrINS1_12Leaderboards2V122RecordScoreRequestBodyEEC1ERS7_,SharpEmu.Libs\Np\V46ExportsPart14.cs
332,8sRfYnV7XlA,8sRfYnV7XlA#j#k,j,libSceNpCppWebApi,k,libSceNpCppWebApi,1,function/other,0,,
333,GJu2OLJK5Eo,GJu2OLJK5Eo#j#k,j,libSceNpCppWebApi,k,libSceNpCppWebApi,1,function/other,0,,
334,Q0fKqfQeXnI,Q0fKqfQeXnI#j#k,j,libSceNpCppWebApi,k,libSceNpCppWebApi,1,function/other,0,,
335,Y+u-l+LxGIs,Y+u-l+LxGIs#j#k,j,libSceNpCppWebApi,k,libSceNpCppWebApi,1,function/other,0,,
336,-QZoGsAmbh8,-QZoGsAmbh8#j#k,j,libSceNpCppWebApi,k,libSceNpCppWebApi,1,function/other,0,,
337,Sdfm7eE3q80,Sdfm7eE3q80#j#k,j,libSceNpCppWebApi,k,libSceNpCppWebApi,1,function/other,1,_ZNK3sce2Np9CppWebApi6Common12IntrusivePtrINS1_12Leaderboards2V123RecordScoreResponseBodyEEptEv,SharpEmu.Libs\Np\V46ExportsPart14.cs
338,dcbbhKIZCDA,dcbbhKIZCDA#j#k,j,libSceNpCppWebApi,k,libSceNpCppWebApi,1,function/other,1,_ZNK3sce2Np9CppWebApi12Leaderboards2V123RecordScoreResponseBody10getTmpRankEv,SharpEmu.Libs\Np\NpCppWebApiV44Exports.cs
339,39c+H8bSITU,39c+H8bSITU#j#k,j,libSceNpCppWebApi,k,libSceNpCppWebApi,1,function/other,1,_ZNK3sce2Np9CppWebApi12Leaderboards2V123RecordScoreResponseBody16getTmpSerialRankEv,SharpEmu.Libs\Np\NpCppWebApiV44Exports.cs
340,QxB6IX2hOYg,QxB6IX2hOYg#j#k,j,libSceNpCppWebApi,k,libSceNpCppWebApi,1,function/other,0,,
341,3YR0qZiM9gI,3YR0qZiM9gI#j#k,j,libSceNpCppWebApi,k,libSceNpCppWebApi,1,function/other,0,,
342,qGwknHP6ohM,qGwknHP6ohM#j#k,j,libSceNpCppWebApi,k,libSceNpCppWebApi,1,function/other,1,_ZNK3sce2Np9CppWebApi6Common12IntrusivePtrINS1_12Leaderboards2V19RecordApi26RecordScoreResponseHeadersEEptEv,SharpEmu.Libs\Np\V46ExportsPart14.cs
343,OlMxxnDBfEg,OlMxxnDBfEg#j#k,j,libSceNpCppWebApi,k,libSceNpCppWebApi,1,function/other,0,,
344,dVCh5JiPsSY,dVCh5JiPsSY#j#k,j,libSceNpCppWebApi,k,libSceNpCppWebApi,1,function/other,0,,
345,9sti7vTvx2U,9sti7vTvx2U#j#k,j,libSceNpCppWebApi,k,libSceNpCppWebApi,1,function/other,0,,
346,jX6HZUWtU8g,jX6HZUWtU8g#j#k,j,libSceNpCppWebApi,k,libSceNpCppWebApi,1,function/other,0,,
347,AS1rCnSRF1g,AS1rCnSRF1g#j#k,j,libSceNpCppWebApi,k,libSceNpCppWebApi,1,function/other,0,,
348,Kg1U7CAbtio,Kg1U7CAbtio#j#k,j,libSceNpCppWebApi,k,libSceNpCppWebApi,1,function/other,0,,
349,sSr4mR33SaY,sSr4mR33SaY#j#k,j,libSceNpCppWebApi,k,libSceNpCppWebApi,1,function/other,0,,
350,OfSm8N8i+XA,OfSm8N8i+XA#j#k,j,libSceNpCppWebApi,k,libSceNpCppWebApi,1,function/other,0,,
351,R5QhFOlpzjo,R5QhFOlpzjo#j#k,j,libSceNpCppWebApi,k,libSceNpCppWebApi,1,function/other,0,,
352,LwGrNk25QbE,LwGrNk25QbE#j#k,j,libSceNpCppWebApi,k,libSceNpCppWebApi,1,function/other,1,_ZN3sce2Np9CppWebApi12Leaderboards2V19RecordApi26ParameterToRecordLargeDataD1Ev,SharpEmu.Libs\Np\NpCppWebApiV44Exports.cs
353,-xOoiK8HfDI,-xOoiK8HfDI#j#k,j,libSceNpCppWebApi,k,libSceNpCppWebApi,1,function/other,1,_ZN3sce2Np9CppWebApi6Common19UpStreamTransactionINS2_12IntrusivePtrINS1_12Leaderboards2V127RecordLargeDataResponseBodyEEENS4_INS2_18ResponseHeaderBaseEEEED1Ev,SharpEmu.Libs\Np\V50ExportsPart02.cs
354,8YtcWzYdIRs,8YtcWzYdIRs#j#k,j,libSceNpCppWebApi,k,libSceNpCppWebApi,1,function/other,0,,
355,mVKcd5NwiWE,mVKcd5NwiWE#j#k,j,libSceNpCppWebApi,k,libSceNpCppWebApi,1,function/other,0,,
356,4TGeM5jD7x0,4TGeM5jD7x0#j#k,j,libSceNpCppWebApi,k,libSceNpCppWebApi,1,function/other,1,_ZN3sce2Np9CppWebApi12Leaderboards2V19RecordApi22ParameterToRecordScoreD1Ev,SharpEmu.Libs\Np\NpCppWebApiV44Exports.cs
357,pq7sFJ6E6Sg,pq7sFJ6E6Sg#j#k,j,libSceNpCppWebApi,k,libSceNpCppWebApi,1,function/other,1,_ZN3sce2Np9CppWebApi6Common11TransactionINS2_12IntrusivePtrINS1_12Leaderboards2V123RecordScoreResponseBodyEEENS4_INS6_9RecordApi26RecordScoreResponseHeadersEEEED1Ev,SharpEmu.Libs\Np\V50ExportsPart01.cs
358,zfvBGft4XrY,zfvBGft4XrY#j#k,j,libSceNpCppWebApi,k,libSceNpCppWebApi,1,function/other,1,_ZN3sce2Np9CppWebApi6Common12IntrusivePtrINS1_12Leaderboards2V121GetRankingRequestBodyEEC1Ev,SharpEmu.Libs\Np\V46ExportsPart14.cs
359,QXLG4UDWLEI,QXLG4UDWLEI#j#k,j,libSceNpCppWebApi,k,libSceNpCppWebApi,1,function/other,1,_ZN3sce2Np9CppWebApi6Common12IntrusivePtrINS1_12Leaderboards2V122GetRankingResponseBodyEEC1Ev,SharpEmu.Libs\Np\V46ExportsPart14.cs
360,AcHirYSl0HA,AcHirYSl0HA#j#k,j,libSceNpCppWebApi,k,libSceNpCppWebApi,1,function/other,1,_ZN3sce2Np9CppWebApi6Common6VectorINS2_12IntrusivePtrINS1_12Leaderboards2V14UserEEEEC1EPNS2_10LibContextE,SharpEmu.Libs\Np\V48ExportsPart03.cs
361,Bbc2pDcwP0g,Bbc2pDcwP0g#j#k,j,libSceNpCppWebApi,k,libSceNpCppWebApi,1,function/other,0,,
362,MVExpBYTEow,MVExpBYTEow#j#k,j,libSceNpCppWebApi,k,libSceNpCppWebApi,1,function/other,1,_ZN3sce2Np9CppWebApi6Common11TransactionINS2_12IntrusivePtrINS1_12Leaderboards2V122GetRankingResponseBodyEEENS4_INS2_18ResponseHeaderBaseEEEEC1Ev,SharpEmu.Libs\Np\V50ExportsPart01.cs
363,z3id8GlN+Hc,z3id8GlN+Hc#j#k,j,libSceNpCppWebApi,k,libSceNpCppWebApi,1,function/other,0,,
364,bEwJsewIngA,bEwJsewIngA#j#k,j,libSceNpCppWebApi,k,libSceNpCppWebApi,1,function/other,0,,
365,zOA2tHzOY8I,zOA2tHzOY8I#j#k,j,libSceNpCppWebApi,k,libSceNpCppWebApi,1,function/other,1,_ZNK3sce2Np9CppWebApi6Common12IntrusivePtrINS1_12Leaderboards2V121GetRankingRequestBodyEEptEv,SharpEmu.Libs\Np\V46ExportsPart14.cs
366,khThzVltokg,khThzVltokg#j#k,j,libSceNpCppWebApi,k,libSceNpCppWebApi,1,function/other,1,_ZN3sce2Np9CppWebApi12Leaderboards2V121GetRankingRequestBody9setOffsetERKi,SharpEmu.Libs\Np\NpCppWebApiV44Exports.cs
367,pBSgMrf0tnM,pBSgMrf0tnM#j#k,j,libSceNpCppWebApi,k,libSceNpCppWebApi,1,function/other,1,_ZN3sce2Np9CppWebApi12Leaderboards2V121GetRankingRequestBody8setGroupERKNS3_5GroupE,SharpEmu.Libs\Np\V50ExportsPart02.cs
368,s8GYZ2aPoTU,s8GYZ2aPoTU#j#k,j,libSceNpCppWebApi,k,libSceNpCppWebApi,1,function/other,1,_ZN3sce2Np9CppWebApi6Common12IntrusivePtrINS1_12Leaderboards2V14UserEEC1Ev,SharpEmu.Libs\Np\V46ExportsPart14.cs
369,jaVd5xkK0tU,jaVd5xkK0tU#j#k,j,libSceNpCppWebApi,k,libSceNpCppWebApi,1,function/other,0,,
370,1JV7Mv590Cc,1JV7Mv590Cc#j#k,j,libSceNpCppWebApi,k,libSceNpCppWebApi,1,function/other,1,_ZNK3sce2Np9CppWebApi6Common12IntrusivePtrINS1_12Leaderboards2V14UserEEptEv,SharpEmu.Libs\Np\V46ExportsPart14.cs
371,wJWqKZOj4Ts,wJWqKZOj4Ts#j#k,j,libSceNpCppWebApi,k,libSceNpCppWebApi,1,function/other,1,_ZN3sce2Np9CppWebApi12Leaderboards2V14User12setAccountIdERKm,SharpEmu.Libs\Np\NpCppWebApiV44Exports.cs
372,KXllpv1tR48,KXllpv1tR48#j#k,j,libSceNpCppWebApi,k,libSceNpCppWebApi,1,function/other,1,_ZN3sce2Np9CppWebApi12Leaderboards2V14User7setPcIdERKi,SharpEmu.Libs\Np\NpCppWebApiV44Exports.cs
373,owrpOxU0eoE,owrpOxU0eoE#j#k,j,libSceNpCppWebApi,k,libSceNpCppWebApi,1,function/other,0,,
374,gxlgckSr7z4,gxlgckSr7z4#j#k,j,libSceNpCppWebApi,k,libSceNpCppWebApi,1,function/other,0,,
375,F5yaU6TEU8g,F5yaU6TEU8g#j#k,j,libSceNpCppWebApi,k,libSceNpCppWebApi,1,function/other,0,,
376,N78k-Vryooc,N78k-Vryooc#j#k,j,libSceNpCppWebApi,k,libSceNpCppWebApi,1,function/other,0,,
377,D3tUMw-ZqcM,D3tUMw-ZqcM#j#k,j,libSceNpCppWebApi,k,libSceNpCppWebApi,1,function/other,0,,
378,GX4DLMQ9488,GX4DLMQ9488#j#k,j,libSceNpCppWebApi,k,libSceNpCppWebApi,1,function/other,1,_ZN3sce2Np9CppWebApi6Common12IntrusivePtrINS1_12Leaderboards2V121GetRankingRequestBodyEEC1ERS7_,SharpEmu.Libs\Np\V46ExportsPart14.cs
379,xZ2OF6809Mk,xZ2OF6809Mk#j#k,j,libSceNpCppWebApi,k,libSceNpCppWebApi,1,function/other,0,,
380,syDD+xcUmEs,syDD+xcUmEs#j#k,j,libSceNpCppWebApi,k,libSceNpCppWebApi,1,function/other,0,,
381,ctghP7Sf6+c,ctghP7Sf6+c#j#k,j,libSceNpCppWebApi,k,libSceNpCppWebApi,1,function/other,0,,
382,v+tXF9ppYiQ,v+tXF9ppYiQ#j#k,j,libSceNpCppWebApi,k,libSceNpCppWebApi,1,function/other,0,,
383,0blWarRALu4,0blWarRALu4#j#k,j,libSceNpCppWebApi,k,libSceNpCppWebApi,1,function/other,1,_ZNK3sce2Np9CppWebApi6Common12IntrusivePtrINS1_12Leaderboards2V122GetRankingResponseBodyEEptEv,SharpEmu.Libs\Np\V46ExportsPart14.cs
384,W12G2P+s074,W12G2P+s074#j#k,j,libSceNpCppWebApi,k,libSceNpCppWebApi,1,function/other,0,,
385,X2lVKLlddME,X2lVKLlddME#j#k,j,libSceNpCppWebApi,k,libSceNpCppWebApi,1,function/other,1,_ZNK3sce2Np9CppWebApi6Common12IntrusivePtrINS2_6VectorINS3_INS1_12Leaderboards2V15EntryEEEEEEdeEv,SharpEmu.Libs\Np\V46ExportsPart05.cs
386,ysAnsG6EfkM,ysAnsG6EfkM#j#k,j,libSceNpCppWebApi,k,libSceNpCppWebApi,1,function/other,0,,
387,rdEN7D3ZN1E,rdEN7D3ZN1E#j#k,j,libSceNpCppWebApi,k,libSceNpCppWebApi,1,function/other,1,_ZN3sce2Np9CppWebApi6Common6VectorINS2_12IntrusivePtrINS1_12Leaderboards2V15EntryEEEE5beginEv,SharpEmu.Libs\Np\V48ExportsPart03.cs
388,ptE7eJxWp0c,ptE7eJxWp0c#j#k,j,libSceNpCppWebApi,k,libSceNpCppWebApi,1,function/other,1,_ZN3sce2Np9CppWebApi6Common6VectorINS2_12IntrusivePtrINS1_12Leaderboards2V15EntryEEEE3endEv,SharpEmu.Libs\Np\V48ExportsPart03.cs
389,JYa01KuMqhA,JYa01KuMqhA#j#k,j,libSceNpCppWebApi,k,libSceNpCppWebApi,1,function/other,1,_ZNK3sce2Np9CppWebApi6Common8IteratorINS2_12IntrusivePtrINS1_12Leaderboards2V15EntryEEEEneERKS9_,SharpEmu.Libs\Np\V47ExportsPart02.cs
390,WGKQ359T744,WGKQ359T744#j#k,j,libSceNpCppWebApi,k,libSceNpCppWebApi,1,function/other,1,_ZN3sce2Np9CppWebApi6Common8IteratorINS2_12IntrusivePtrINS1_12Leaderboards2V15EntryEEEEppEv,SharpEmu.Libs\Np\V47ExportsPart02.cs
391,qnvk932UxYg,qnvk932UxYg#j#k,j,libSceNpCppWebApi,k,libSceNpCppWebApi,1,function/other,1,_ZNK3sce2Np9CppWebApi6Common8IteratorINS2_12IntrusivePtrINS1_12Leaderboards2V15EntryEEEEdeEv,SharpEmu.Libs\Np\V47ExportsPart02.cs
392,yD3I2CRcKmw,yD3I2CRcKmw#j#k,j,libSceNpCppWebApi,k,libSceNpCppWebApi,1,function/other,1,_ZNK3sce2Np9CppWebApi6Common12IntrusivePtrINS1_12Leaderboards2V15EntryEEptEv,SharpEmu.Libs\Np\V46ExportsPart14.cs
393,Er5RROJCXYo,Er5RROJCXYo#j#k,j,libSceNpCppWebApi,k,libSceNpCppWebApi,1,function/other,1,_ZNK3sce2Np9CppWebApi12Leaderboards2V15Entry12getAccountIdEv,SharpEmu.Libs\Np\NpCppWebApiV44Exports.cs
394,MkGUMQt7MBE,MkGUMQt7MBE#j#k,j,libSceNpCppWebApi,k,libSceNpCppWebApi,1,function/other,1,_ZNK3sce2Np9CppWebApi12Leaderboards2V15Entry12commentIsSetEv,SharpEmu.Libs\Np\V50ExportsPart02.cs
395,u1wbCugKzYQ,u1wbCugKzYQ#j#k,j,libSceNpCppWebApi,k,libSceNpCppWebApi,1,function/other,1,_ZNK3sce2Np9CppWebApi12Leaderboards2V15Entry10getCommentEv,SharpEmu.Libs\Np\V50ExportsPart02.cs
396,x5fMr5644iE,x5fMr5644iE#j#k,j,libSceNpCppWebApi,k,libSceNpCppWebApi,1,function/other,1,_ZNK3sce2Np9CppWebApi12Leaderboards2V15Entry14getHighestRankEv,SharpEmu.Libs\Np\NpCppWebApiV44Exports.cs
397,KnCMTTJWLdg,KnCMTTJWLdg#j#k,j,libSceNpCppWebApi,k,libSceNpCppWebApi,1,function/other,1,_ZNK3sce2Np9CppWebApi12Leaderboards2V15Entry20getHighestSerialRankEv,SharpEmu.Libs\Np\NpCppWebApiV44Exports.cs
398,h8K-pa8owbg,h8K-pa8owbg#j#k,j,libSceNpCppWebApi,k,libSceNpCppWebApi,1,function/other,1,_ZNK3sce2Np9CppWebApi12Leaderboards2V15Entry13objectIdIsSetEv,SharpEmu.Libs\Np\V50ExportsPart02.cs
399,X1SYe8TIGOc,X1SYe8TIGOc#j#k,j,libSceNpCppWebApi,k,libSceNpCppWebApi,1,function/other,1,_ZNK3sce2Np9CppWebApi12Leaderboards2V15Entry11getObjectIdEv,SharpEmu.Libs\Np\V50ExportsPart02.cs
400,SUOUmSmPy5E,SUOUmSmPy5E#j#k,j,libSceNpCppWebApi,k,libSceNpCppWebApi,1,function/other,0,,
401,+3KiBw-4CQY,+3KiBw-4CQY#j#k,j,libSceNpCppWebApi,k,libSceNpCppWebApi,1,function/other,1,_ZNK3sce2Np9CppWebApi12Leaderboards2V15Entry7getPcIdEv,SharpEmu.Libs\Np\NpCppWebApiV44Exports.cs
402,zk7Es711EV8,zk7Es711EV8#j#k,j,libSceNpCppWebApi,k,libSceNpCppWebApi,1,function/other,1,_ZNK3sce2Np9CppWebApi12Leaderboards2V15Entry7getRankEv,SharpEmu.Libs\Np\NpCppWebApiV44Exports.cs
403,+631th1Z4DU,+631th1Z4DU#j#k,j,libSceNpCppWebApi,k,libSceNpCppWebApi,1,function/other,1,_ZNK3sce2Np9CppWebApi12Leaderboards2V15Entry8getScoreEv,SharpEmu.Libs\Np\NpCppWebApiV44Exports.cs
404,PmMi+EcpbpM,PmMi+EcpbpM#j#k,j,libSceNpCppWebApi,k,libSceNpCppWebApi,1,function/other,1,_ZNK3sce2Np9CppWebApi12Leaderboards2V15Entry13getSerialRankEv,SharpEmu.Libs\Np\NpCppWebApiV44Exports.cs
405,fJ9329XKPPA,fJ9329XKPPA#j#k,j,libSceNpCppWebApi,k,libSceNpCppWebApi,1,function/other,1,_ZNK3sce2Np9CppWebApi12Leaderboards2V15Entry14smallDataIsSetEv,SharpEmu.Libs\Np\V50ExportsPart02.cs
406,yzYn2Pwc2LM,yzYn2Pwc2LM#j#k,j,libSceNpCppWebApi,k,libSceNpCppWebApi,1,function/other,1,_ZNK3sce2Np9CppWebApi12Leaderboards2V15Entry12getSmallDataEv,SharpEmu.Libs\Np\V50ExportsPart02.cs
407,LTXWL-kuxGM,LTXWL-kuxGM#j#k,j,libSceNpCppWebApi,k,libSceNpCppWebApi,1,function/other,1,_ZNK3sce2Np9CppWebApi6Common12IntrusivePtrINS2_6BinaryEEptEv,SharpEmu.Libs\Np\V46ExportsPart02.cs
408,PGbdeeOVRRU,PGbdeeOVRRU#j#k,j,libSceNpCppWebApi,k,libSceNpCppWebApi,1,function/other,1,_ZNK3sce2Np9CppWebApi6Common6Binary4sizeEv,SharpEmu.Libs\Np\V50ExportsPart02.cs
409,g9FmpQw2M-U,g9FmpQw2M-U#j#k,j,libSceNpCppWebApi,k,libSceNpCppWebApi,1,function/other,1,_ZNK3sce2Np9CppWebApi6Common6Binary9getBinaryEv,SharpEmu.Libs\Np\V50ExportsPart02.cs
410,br6GL-f3CQg,br6GL-f3CQg#j#k,j,libSceNpCppWebApi,k,libSceNpCppWebApi,1,function/other,1,_ZN3sce2Np9CppWebApi12Leaderboards2V121GetRankingRequestBody8setLimitERKi,SharpEmu.Libs\Np\NpCppWebApiV44Exports.cs
411,YKVixVJQoXU,YKVixVJQoXU#j#k,j,libSceNpCppWebApi,k,libSceNpCppWebApi,1,function/other,1,_ZN3sce2Np9CppWebApi12Leaderboards2V121GetRankingRequestBody18setStartSerialRankERKi,SharpEmu.Libs\Np\NpCppWebApiV44Exports.cs
412,7IgV8DBuzJQ,7IgV8DBuzJQ#j#k,j,libSceNpCppWebApi,k,libSceNpCppWebApi,1,function/other,1,_ZN3sce2Np9CppWebApi6Common13ConstIteratorINS2_12IntrusivePtrINS1_12Leaderboards2V15EntryEEEED2Ev,SharpEmu.Libs\Np\V47ExportsPart11.cs
413,plUh+Axzi30,plUh+Axzi30#j#k,j,libSceNpCppWebApi,k,libSceNpCppWebApi,1,function/other,1,_ZNK3sce2Np9CppWebApi12Leaderboards2V122GetRankingResponseBody22getLastUpdatedDateTimeEv,SharpEmu.Libs\Np\V50ExportsPart02.cs
414,Mnp3qDir4NU,Mnp3qDir4NU#j#k,j,libSceNpCppWebApi,k,libSceNpCppWebApi,1,function/other,0,,
415,Ma7+aWJsXow,Ma7+aWJsXow#j#k,j,libSceNpCppWebApi,k,libSceNpCppWebApi,1,function/other,0,,
416,5F7D2WLcblc,5F7D2WLcblc#j#k,j,libSceNpCppWebApi,k,libSceNpCppWebApi,1,function/other,1,_ZN3sce2Np9CppWebApi6Common11TransactionINS2_12IntrusivePtrINS1_12Leaderboards2V122GetRankingResponseBodyEEENS4_INS2_18ResponseHeaderBaseEEEED1Ev,SharpEmu.Libs\Np\V50ExportsPart01.cs
417,XtFyTKi22Sc,XtFyTKi22Sc#j#k,j,libSceNpCppWebApi,k,libSceNpCppWebApi,1,function/other,1,_ZN3sce2Np9CppWebApi12Leaderboards2V17ViewApi21ParameterToGetRankingD1Ev,SharpEmu.Libs\Np\NpCppWebApiV44Exports.cs
418,BcrC80L8i0Q,BcrC80L8i0Q#j#k,j,libSceNpCppWebApi,k,libSceNpCppWebApi,1,function/other,0,,
419,P5mDlGPLSUU,P5mDlGPLSUU#j#k,j,libSceNpCppWebApi,k,libSceNpCppWebApi,1,function/other,1,_ZN3sce2Np9CppWebApi6Common21DownStreamTransactionINS2_12IntrusivePtrINS1_12Leaderboards2V17ViewApi37GetLargeDataByObjectIdResponseHeadersEEEEC1Ev,SharpEmu.Libs\Np\V50ExportsPart01.cs
420,eyiQGHPBIKI,eyiQGHPBIKI#j#k,j,libSceNpCppWebApi,k,libSceNpCppWebApi,1,function/other,0,,
421,TJz8sDUa6n4,TJz8sDUa6n4#j#k,j,libSceNpCppWebApi,k,libSceNpCppWebApi,1,function/other,0,,
422,sCnkOGMZjH8,sCnkOGMZjH8#j#k,j,libSceNpCppWebApi,k,libSceNpCppWebApi,1,function/other,0,,
423,MkSmI8WCSvM,MkSmI8WCSvM#j#k,j,libSceNpCppWebApi,k,libSceNpCppWebApi,1,function/other,0,,
424,ncIcckZh0rk,ncIcckZh0rk#j#k,j,libSceNpCppWebApi,k,libSceNpCppWebApi,1,function/other,0,,
425,Y+pTVRiUcHo,Y+pTVRiUcHo#j#k,j,libSceNpCppWebApi,k,libSceNpCppWebApi,1,function/other,0,,
426,fhRcPQVoEqM,fhRcPQVoEqM#j#k,j,libSceNpCppWebApi,k,libSceNpCppWebApi,1,function/other,0,,
427,N0V2-p-0hAM,N0V2-p-0hAM#j#k,j,libSceNpCppWebApi,k,libSceNpCppWebApi,1,function/other,1,_ZN3sce2Np9CppWebApi12Leaderboards2V17ViewApi33ParameterToGetLargeDataByObjectIdD1Ev,SharpEmu.Libs\Np\NpCppWebApiV44Exports.cs
428,XWJpJef97fM,XWJpJef97fM#j#k,j,libSceNpCppWebApi,k,libSceNpCppWebApi,1,function/other,1,_ZN3sce2Np9CppWebApi6Common21DownStreamTransactionINS2_12IntrusivePtrINS1_12Leaderboards2V17ViewApi37GetLargeDataByObjectIdResponseHeadersEEEED1Ev,SharpEmu.Libs\Np\V50ExportsPart01.cs
429,gp3soLZ1nu0,gp3soLZ1nu0#j#k,j,libSceNpCppWebApi,k,libSceNpCppWebApi,1,function/other,1,_ZN3sce2Np9CppWebApi6Common11TransactionINS2_12IntrusivePtrINS1_12Leaderboards2V130GetBoardDefinitionResponseBodyEEENS4_INS2_18ResponseHeaderBaseEEEEC1Ev,SharpEmu.Libs\Np\V50ExportsPart01.cs
430,EOKBl05t-hk,EOKBl05t-hk#j#k,j,libSceNpCppWebApi,k,libSceNpCppWebApi,1,function/other,1,_ZN3sce2Np9CppWebApi6Common12IntrusivePtrINS1_12Leaderboards2V130GetBoardDefinitionResponseBodyEEC1Ev,SharpEmu.Libs\Np\V46ExportsPart14.cs
431,9y9YsMBbUq0,9y9YsMBbUq0#j#k,j,libSceNpCppWebApi,k,libSceNpCppWebApi,1,function/other,0,,
432,ZkSM1nh5zM8,ZkSM1nh5zM8#j#k,j,libSceNpCppWebApi,k,libSceNpCppWebApi,1,function/other,0,,
433,s7YtGdt8Sg4,s7YtGdt8Sg4#j#k,j,libSceNpCppWebApi,k,libSceNpCppWebApi,1,function/other,0,,
434,jTcdCjMNdrk,jTcdCjMNdrk#j#k,j,libSceNpCppWebApi,k,libSceNpCppWebApi,1,function/other,0,,
435,hjzv6lEAIuI,hjzv6lEAIuI#j#k,j,libSceNpCppWebApi,k,libSceNpCppWebApi,1,function/other,0,,
436,o6kFQQ6TGg4,o6kFQQ6TGg4#j#k,j,libSceNpCppWebApi,k,libSceNpCppWebApi,1,function/other,0,,
437,YHYfyQXdOLc,YHYfyQXdOLc#j#k,j,libSceNpCppWebApi,k,libSceNpCppWebApi,1,function/other,1,_ZNK3sce2Np9CppWebApi6Common12IntrusivePtrINS1_12Leaderboards2V130GetBoardDefinitionResponseBodyEEptEv,SharpEmu.Libs\Np\V46ExportsPart14.cs
438,lfUiDOAsDoo,lfUiDOAsDoo#j#k,j,libSceNpCppWebApi,k,libSceNpCppWebApi,1,function/other,1,_ZNK3sce2Np9CppWebApi12Leaderboards2V130GetBoardDefinitionResponseBody15entryLimitIsSetEv,SharpEmu.Libs\Np\NpCppWebApiV44Exports.cs
439,5avJQwMJgsY,5avJQwMJgsY#j#k,j,libSceNpCppWebApi,k,libSceNpCppWebApi,1,function/other,1,_ZNK3sce2Np9CppWebApi12Leaderboards2V130GetBoardDefinitionResponseBody13getEntryLimitEv,SharpEmu.Libs\Np\NpCppWebApiV44Exports.cs
440,hQdNOFlDedY,hQdNOFlDedY#j#k,j,libSceNpCppWebApi,k,libSceNpCppWebApi,1,function/other,1,_ZNK3sce2Np9CppWebApi12Leaderboards2V130GetBoardDefinitionResponseBody22largeDataNumLimitIsSetEv,SharpEmu.Libs\Np\NpCppWebApiV44Exports.cs
441,cq65J5rCEwE,cq65J5rCEwE#j#k,j,libSceNpCppWebApi,k,libSceNpCppWebApi,1,function/other,1,_ZNK3sce2Np9CppWebApi12Leaderboards2V130GetBoardDefinitionResponseBody20getLargeDataNumLimitEv,SharpEmu.Libs\Np\NpCppWebApiV44Exports.cs
442,cJ8md8EbvrI,cJ8md8EbvrI#j#k,j,libSceNpCppWebApi,k,libSceNpCppWebApi,1,function/other,1,_ZNK3sce2Np9CppWebApi12Leaderboards2V130GetBoardDefinitionResponseBody23largeDataSizeLimitIsSetEv,SharpEmu.Libs\Np\NpCppWebApiV44Exports.cs
443,KanXmz-cpzE,KanXmz-cpzE#j#k,j,libSceNpCppWebApi,k,libSceNpCppWebApi,1,function/other,1,_ZNK3sce2Np9CppWebApi12Leaderboards2V130GetBoardDefinitionResponseBody21getLargeDataSizeLimitEv,SharpEmu.Libs\Np\NpCppWebApiV44Exports.cs
444,DeFsyDHokeY,DeFsyDHokeY#j#k,j,libSceNpCppWebApi,k,libSceNpCppWebApi,1,function/other,1,_ZNK3sce2Np9CppWebApi12Leaderboards2V130GetBoardDefinitionResponseBody18maxScoreLimitIsSetEv,SharpEmu.Libs\Np\NpCppWebApiV44Exports.cs
445,VhWD7ylSQu8,VhWD7ylSQu8#j#k,j,libSceNpCppWebApi,k,libSceNpCppWebApi,1,function/other,1,_ZNK3sce2Np9CppWebApi12Leaderboards2V130GetBoardDefinitionResponseBody16getMaxScoreLimitEv,SharpEmu.Libs\Np\NpCppWebApiV44Exports.cs
446,01ZGV2VvBPU,01ZGV2VvBPU#j#k,j,libSceNpCppWebApi,k,libSceNpCppWebApi,1,function/other,1,_ZNK3sce2Np9CppWebApi12Leaderboards2V130GetBoardDefinitionResponseBody18minScoreLimitIsSetEv,SharpEmu.Libs\Np\NpCppWebApiV44Exports.cs
447,59ZoWcKl5v8,59ZoWcKl5v8#j#k,j,libSceNpCppWebApi,k,libSceNpCppWebApi,1,function/other,1,_ZNK3sce2Np9CppWebApi12Leaderboards2V130GetBoardDefinitionResponseBody16getMinScoreLimitEv,SharpEmu.Libs\Np\NpCppWebApiV44Exports.cs
448,bVJ-1ExjYco,bVJ-1ExjYco#j#k,j,libSceNpCppWebApi,k,libSceNpCppWebApi,1,function/other,1,_ZNK3sce2Np9CppWebApi12Leaderboards2V130GetBoardDefinitionResponseBody13sortModeIsSetEv,SharpEmu.Libs\Np\V50ExportsPart02.cs
449,G46aDJx5Qx8,G46aDJx5Qx8#j#k,j,libSceNpCppWebApi,k,libSceNpCppWebApi,1,function/other,1,_ZNK3sce2Np9CppWebApi12Leaderboards2V130GetBoardDefinitionResponseBody11getSortModeEv,SharpEmu.Libs\Np\V50ExportsPart02.cs
450,kRXjOtU-NTI,kRXjOtU-NTI#j#k,j,libSceNpCppWebApi,k,libSceNpCppWebApi,1,function/other,1,_ZNK3sce2Np9CppWebApi12Leaderboards2V130GetBoardDefinitionResponseBody15updateModeIsSetEv,SharpEmu.Libs\Np\V50ExportsPart02.cs
451,YAtVGPtThx8,YAtVGPtThx8#j#k,j,libSceNpCppWebApi,k,libSceNpCppWebApi,1,function/other,1,_ZNK3sce2Np9CppWebApi12Leaderboards2V130GetBoardDefinitionResponseBody13getUpdateModeEv,SharpEmu.Libs\Np\V50ExportsPart02.cs
452,7dqFi7Dvzgo,7dqFi7Dvzgo#j#k,j,libSceNpCppWebApi,k,libSceNpCppWebApi,1,function/other,0,,
453,Cb3IRwKPJPI,Cb3IRwKPJPI#j#k,j,libSceNpCppWebApi,k,libSceNpCppWebApi,1,function/other,0,,
454,tJMAm9ZBelo,tJMAm9ZBelo#j#k,j,libSceNpCppWebApi,k,libSceNpCppWebApi,1,function/other,1,_ZN3sce2Np9CppWebApi12Leaderboards2V19BoardsApi29ParameterToGetBoardDefinitionD1Ev,SharpEmu.Libs\Np\NpCppWebApiV44Exports.cs
455,DNmJw98YzUU,DNmJw98YzUU#j#k,j,libSceNpCppWebApi,k,libSceNpCppWebApi,1,function/other,0,,
456,KD0NkSaIi1M,KD0NkSaIi1M#j#k,j,libSceNpCppWebApi,k,libSceNpCppWebApi,1,function/other,0,,
457,iiYZCXOo7Go,iiYZCXOo7Go#j#k,j,libSceNpCppWebApi,k,libSceNpCppWebApi,1,function/other,1,_ZN3sce2Np9CppWebApi6Common11TransactionINS2_12IntrusivePtrINS1_12Leaderboards2V130GetBoardDefinitionResponseBodyEEENS4_INS2_18ResponseHeaderBaseEEEED1Ev,SharpEmu.Libs\Np\V50ExportsPart01.cs
458,kpbW7Dr44Gc,kpbW7Dr44Gc#j#k,j,libSceNpCppWebApi,k,libSceNpCppWebApi,1,function/other,1,_ZN3sce2Np9CppWebApi6Common21DownStreamTransactionINS2_12IntrusivePtrINS1_17TitleCloudStorage2V17DataApi27DownloadDataResponseHeadersEEEEC1Ev,SharpEmu.Libs\Np\V50ExportsPart01.cs
459,E8BmtbByVKs,E8BmtbByVKs#j#k,j,libSceNpCppWebApi,k,libSceNpCppWebApi,1,function/other,0,,
460,0oIoKcDA0Fw,0oIoKcDA0Fw#j#k,j,libSceNpCppWebApi,k,libSceNpCppWebApi,1,function/other,0,,
461,26SufKG5x4M,26SufKG5x4M#j#k,j,libSceNpCppWebApi,k,libSceNpCppWebApi,1,function/other,0,,
462,0UNp2Ey5bw4,0UNp2Ey5bw4#j#k,j,libSceNpCppWebApi,k,libSceNpCppWebApi,1,function/other,1,_ZN3sce2Np9CppWebApi17TitleCloudStorage2V17DataApi23ParameterToDownloadDataD1Ev,SharpEmu.Libs\Np\NpCppWebApiV45Exports.cs
463,IAkGC4cv3zs,IAkGC4cv3zs#j#k,j,libSceNpCppWebApi,k,libSceNpCppWebApi,1,function/other,1,_ZN3sce2Np9CppWebApi6Common21DownStreamTransactionINS2_12IntrusivePtrINS1_17TitleCloudStorage2V17DataApi27DownloadDataResponseHeadersEEEED1Ev,SharpEmu.Libs\Np\V50ExportsPart01.cs
464,V2NelZNoJwI,V2NelZNoJwI#j#k,j,libSceNpCppWebApi,k,libSceNpCppWebApi,1,function/other,0,,
465,hH7KHku1lqs,hH7KHku1lqs#j#k,j,libSceNpCppWebApi,k,libSceNpCppWebApi,1,function/other,0,,
466,9YWXkd3AZAk,9YWXkd3AZAk#j#k,j,libSceNpCppWebApi,k,libSceNpCppWebApi,1,function/other,0,,
467,kVGz48sqNJM,kVGz48sqNJM#j#k,j,libSceNpCppWebApi,k,libSceNpCppWebApi,1,function/other,0,,
468,sjaobBgqeB4,sjaobBgqeB4#g#h,g,libSceNpUniversalDataSystem,h,libSceNpUniversalDataSystem,1,function/other,1,sceNpUniversalDataSystemInitialize,SharpEmu.Libs\Np\NpUniversalDataSystemExports.cs
469,5zBnau1uIEo,5zBnau1uIEo#g#h,g,libSceNpUniversalDataSystem,h,libSceNpUniversalDataSystem,1,function/other,1,sceNpUniversalDataSystemCreateContext,SharpEmu.Libs\Np\NpUniversalDataSystemExports.cs
470,hT0IAEvN+M0,hT0IAEvN+M0#g#h,g,libSceNpUniversalDataSystem,h,libSceNpUniversalDataSystem,1,function/other,1,sceNpUniversalDataSystemCreateHandle,SharpEmu.Libs\Np\NpUniversalDataSystemExports.cs
471,tpFJ8LIKvPw,tpFJ8LIKvPw#g#h,g,libSceNpUniversalDataSystem,h,libSceNpUniversalDataSystem,1,function/other,1,sceNpUniversalDataSystemRegisterContext,SharpEmu.Libs\Np\NpUniversalDataSystemExports.cs
472,CzkKf7ahIyU,CzkKf7ahIyU#g#h,g,libSceNpUniversalDataSystem,h,libSceNpUniversalDataSystem,1,function/other,1,sceNpUniversalDataSystemPostEvent,SharpEmu.Libs\Np\NpUniversalDataSystemExports.cs
473,Y295ygEccqk,Y295ygEccqk#j#k,j,libSceNpCppWebApi,k,libSceNpCppWebApi,1,function/other,1,_ZN3sce2Np9CppWebApi6Common10LibContextC1Ev,SharpEmu.Libs\Np\V50ExportsPart02.cs
474,-hJRce8wn1U,-hJRce8wn1U#i#j,i,libSceJson2,j,libSceJson,1,function/other,1,_ZN3sce4Json12MemAllocatorC2Ev,SharpEmu.Libs\Json\JsonExports.cs
475,cK6bYHf-Q5E,cK6bYHf-Q5E#i#j,i,libSceJson2,j,libSceJson,1,function/other,1,_ZN3sce4Json11InitializerC1Ev,SharpEmu.Libs\Json\JsonExports.cs
476,RujUxbr3haM,RujUxbr3haM#i#j,i,libSceJson2,j,libSceJson,1,function/other,1,_ZN3sce4Json11InitializerD1Ev,SharpEmu.Libs\Json\JsonExports.cs
477,OcAgPxcq5Vk,OcAgPxcq5Vk#i#j,i,libSceJson2,j,libSceJson,1,function/other,1,_ZN3sce4Json12MemAllocatorD2Ev,SharpEmu.Libs\Json\JsonExports.cs
478,8x++mBOUeso,8x++mBOUeso#j#k,j,libSceNpCppWebApi,k,libSceNpCppWebApi,1,function/other,0,,
479,Cxwy7wHq4J0,Cxwy7wHq4J0#i#j,i,libSceJson2,j,libSceJson,1,function/other,1,_ZN3sce4Json11Initializer10initializeEPKNS0_13InitParameterE,SharpEmu.Libs\Json\JsonExports.cs
480,+o9816YQhqQ,+o9816YQhqQ#C#D,C,libSceNpWebApi2,D,libSceNpWebApi2,1,function/other,1,sceNpWebApi2Initialize,SharpEmu.Libs\Np\NpWebApi2Exports.cs
481,UYPxv8MIzGo,UYPxv8MIzGo#j#k,j,libSceNpCppWebApi,k,libSceNpCppWebApi,1,function/other,1,_ZN3sce2Np9CppWebApi6Common10initializeERKNS2_10InitParamsERNS2_10LibContextE,SharpEmu.Libs\Np\NpCppWebApiExports.cs
482,52AlYvq+dmk,52AlYvq+dmk#j#k,j,libSceNpCppWebApi,k,libSceNpCppWebApi,1,function/other,1,_ZN3sce2Np9CppWebApi6Common10InitParamsD1Ev,SharpEmu.Libs\Np\V50ExportsPart02.cs
483,oTirsxQpqj0,oTirsxQpqj0#j#k,j,libSceNpCppWebApi,k,libSceNpCppWebApi,1,function/other,0,,
484,9X9+cneTGUU,9X9+cneTGUU#C#D,C,libSceNpWebApi2,D,libSceNpWebApi2,1,function/other,0,,
485,bEvXpcEk200,bEvXpcEk200#C#D,C,libSceNpWebApi2,D,libSceNpWebApi2,1,function/other,1,sceNpWebApi2Terminate,SharpEmu.Libs\Np\NpWebApi2Exports.cs
486,viRXSHZYd0c,viRXSHZYd0c#P#Q,P,libSceSsl,Q,libSceSsl,1,function/other,1,sceSslClose,SharpEmu.Libs\Network\SslExports.cs
487,sk54bi6FtYM,sk54bi6FtYM#C#D,C,libSceNpWebApi2,D,libSceNpWebApi2,1,function/other,1,sceNpWebApi2CreateUserContext,SharpEmu.Libs\Np\NpWebApi2Exports.cs
488,L1SBTkC+Cvw,L1SBTkC+Cvw#v#s,v,libc,s,libc,1,function/other,1,abort,SharpEmu.Libs\Kernel\KernelExports.cs
489,dyIhnXq-0SM,dyIhnXq-0SM#d#e,d,libSceSaveData_native,e,libSceSaveData_native,1,function/other,1,sceSaveDataDirNameSearch,SharpEmu.Libs\SaveData\SaveDataExports.cs
490,gjRZNnw0JPE,gjRZNnw0JPE#d#e,d,libSceSaveData_native,e,libSceSaveData_native,1,function/other,1,sceSaveDataCreateTransactionResource,SharpEmu.Libs\SaveData\SaveDataExports.cs
491,KK3Bdg1RWK0,KK3Bdg1RWK0#e#f,e,libSceSaveDataDialog.native,f,libSceSaveDataDialog,1,function/other,1,sceSaveDataDialogUpdateStatus,SharpEmu.Libs\SaveData\SaveDataDialogExports.cs
492,en7gNVnh878,en7gNVnh878#e#f,e,libSceSaveDataDialog.native,f,libSceSaveDataDialog,1,function/other,1,sceSaveDataDialogIsReadyToDisplay,SharpEmu.Libs\SaveData\SaveDataDialogExports.cs
493,s9e3+YpRnzw,s9e3+YpRnzw#e#f,e,libSceSaveDataDialog.native,f,libSceSaveDataDialog,1,function/other,1,sceSaveDataDialogInitialize,SharpEmu.Libs\SaveData\SaveDataDialogExports.cs
494,4tPhsP6FpDI,4tPhsP6FpDI#e#f,e,libSceSaveDataDialog.native,f,libSceSaveDataDialog,1,function/other,1,sceSaveDataDialogOpen,SharpEmu.Libs\SaveData\SaveDataDialogExports.cs
495,yEiJ-qqr6Cg,yEiJ-qqr6Cg#e#f,e,libSceSaveDataDialog.native,f,libSceSaveDataDialog,1,function/other,1,sceSaveDataDialogGetResult,SharpEmu.Libs\SaveData\SaveDataDialogExports.cs
496,S1GkePI17zQ,S1GkePI17zQ#d#e,d,libSceSaveData_native,e,libSceSaveData_native,1,function/other,1,sceSaveDataDelete,SharpEmu.Libs\SaveData\SaveDataExports.cs
497,fH46Lag88XY,fH46Lag88XY#e#f,e,libSceSaveDataDialog.native,f,libSceSaveDataDialog,1,function/other,1,sceSaveDataDialogClose,SharpEmu.Libs\SaveData\SaveDataDialogExports.cs
498,uW4vfTwMQVo,uW4vfTwMQVo#d#e,d,libSceSaveData_native,e,libSceSaveData_native,1,function/other,1,sceSaveDataUmount2,SharpEmu.Libs\SaveData\SaveDataExports.cs
499,hay1CfTmLyA,hay1CfTmLyA#e#f,e,libSceSaveDataDialog.native,f,libSceSaveDataDialog,1,function/other,1,sceSaveDataDialogProgressBarSetValue,SharpEmu.Libs\SaveData\SaveDataDialogExports.cs
500,YuH2FA7azqQ,YuH2FA7azqQ#e#f,e,libSceSaveDataDialog.native,f,libSceSaveDataDialog,1,function/other,1,sceSaveDataDialogTerminate,SharpEmu.Libs\SaveData\SaveDataDialogExports.cs
501,lJUQuaKqoKY,lJUQuaKqoKY#d#e,d,libSceSaveData_native,e,libSceSaveData_native,1,function/other,1,sceSaveDataDeleteTransactionResource,SharpEmu.Libs\SaveData\SaveDataExports.cs
502,ZP4e7rlzOUk,ZP4e7rlzOUk#d#e,d,libSceSaveData_native,e,libSceSaveData_native,1,function/other,1,sceSaveDataMount3,SharpEmu.Libs\SaveData\SaveDataExports.cs
503,65VH0Qaaz6s,65VH0Qaaz6s#d#e,d,libSceSaveData_native,e,libSceSaveData_native,1,function/other,1,sceSaveDataGetMountInfo,SharpEmu.Libs\SaveData\SaveDataExports.cs
504,sDCBrmc61XU,sDCBrmc61XU#d#e,d,libSceSaveData_native,e,libSceSaveData_native,1,function/other,1,sceSaveDataPrepare,SharpEmu.Libs\SaveData\SaveDataExports.cs
505,c88Yy54Mx0w,c88Yy54Mx0w#d#e,d,libSceSaveData_native,e,libSceSaveData_native,1,function/other,1,sceSaveDataSaveIcon,SharpEmu.Libs\SaveData\SaveDataExports.cs
506,85zul--eGXs,85zul--eGXs#d#e,d,libSceSaveData_native,e,libSceSaveData_native,1,function/other,1,sceSaveDataSetParam,SharpEmu.Libs\SaveData\SaveDataExports.cs
507,ie7qhZ4X0Cc,ie7qhZ4X0Cc#d#e,d,libSceSaveData_native,e,libSceSaveData_native,1,function/other,1,sceSaveDataCommit,SharpEmu.Libs\SaveData\SaveDataExports.cs
508,z1JA8-iJt3k,z1JA8-iJt3k#d#e,d,libSceSaveData_native,e,libSceSaveData_native,1,function/other,0,,
509,EMutwaQ34Jo,EMutwaQ34Jo#v#s,v,libc,s,libc,1,function/other,1,perror,SharpEmu.Libs\Kernel\KernelExports.cs
510,TywrFKCoLGY,TywrFKCoLGY#d#e,d,libSceSaveData_native,e,libSceSaveData_native,1,function/other,1,sceSaveDataInitialize3,SharpEmu.Libs\SaveData\SaveDataExports.cs
511,yKDy8S5yLA0,yKDy8S5yLA0#d#e,d,libSceSaveData_native,e,libSceSaveData_native,1,function/other,1,sceSaveDataTerminate,SharpEmu.Libs\SaveData\SaveDataExports.cs
512,ERKzksauAJA,ERKzksauAJA#e#f,e,libSceSaveDataDialog.native,f,libSceSaveDataDialog,1,function/other,1,sceSaveDataDialogGetStatus,SharpEmu.Libs\SaveData\SaveDataDialogExports.cs
513,NesIgTmfF0Q,NesIgTmfF0Q#v#s,v,libc,s,libc,1,function/other,0,,
514,C4UgDHHPvdw,C4UgDHHPvdw#L#M,L,libSceNet,M,libSceNet,1,function/other,1,sceNetResolverCreate,SharpEmu.Libs\Network\NetExports.cs
515,Nd91WaWmG2w,Nd91WaWmG2w#L#M,L,libSceNet,M,libSceNet,1,function/other,0,,
516,Apb4YDxKsRI,Apb4YDxKsRI#L#M,L,libSceNet,M,libSceNet,1,function/other,0,,
517,kJlYH5uMAWI,kJlYH5uMAWI#L#M,L,libSceNet,M,libSceNet,1,function/other,1,sceNetResolverDestroy,SharpEmu.Libs\Network\NetExports.cs
518,YQ0navp+YIc,YQ0navp+YIc#v#s,v,libc,s,libc,1,function/other,0,,
519,-P6FNMzk2Kc,-P6FNMzk2Kc#v#s,v,libc,s,libc,1,function/other,1,cosf,SharpEmu.Libs\LibcCompat\LibcMathCompilerRuntimeExports.cs
520,HUbZmOnT-Dg,HUbZmOnT-Dg#v#s,v,libc,s,libc,1,function/other,1,atan2,SharpEmu.Libs\LibcCompat\LibcMathCompilerRuntimeExports.cs
521,jMB7EFyu30Y,jMB7EFyu30Y#v#s,v,libc,s,libc,1,function/other,1,sincos,SharpEmu.Libs\LibcCompat\RuntimePosixRemainingExportsV54.cs
522,D-CzAxQL0XI,D-CzAxQL0XI#k#I,k,libSceUserServicePlatformPrivacyWs1,I,libSceUserService,1,function/other,1,sceUserServiceGetPlatformPrivacySetting,SharpEmu.Libs\UserService\UserServiceExports.cs
523,uoUpLGNkygk,uoUpLGNkygk#D#E,D,libSceCommonDialog,E,libSceCommonDialog,1,function/other,1,sceCommonDialogInitialize,SharpEmu.Libs\CommonDialog\CommonDialogExports.cs
524,1xxcMiGu2fo,1xxcMiGu2fo#H#I,H,libSceUserService,I,libSceUserService,1,function/other,1,sceUserServiceGetUserName,SharpEmu.Libs\UserService\UserServiceExports.cs
525,BQ3tey0JmQM,BQ3tey0JmQM#D#E,D,libSceCommonDialog,E,libSceCommonDialog,1,function/other,1,sceCommonDialogIsUsed,SharpEmu.Libs\CommonDialog\CommonDialogExports.cs
526,1n37q1Bvc5Y,1n37q1Bvc5Y#n#n,n,libSceSystemService,n,libSceSystemService,1,function/other,1,sceSystemServiceGetDisplaySafeAreaInfo,SharpEmu.Libs\SystemService\SystemServiceExports.cs
527,HuViW4HnrOw,HuViW4HnrOw#K#L,K,libSceVideoOut,L,libSceVideoOut,1,function/other,0,,
528,U46NwOiJpys,U46NwOiJpys#K#L,K,libSceVideoOut,L,libSceVideoOut,1,function/other,1,sceVideoOutSubmitFlip,SharpEmu.Libs\VideoOut\VideoOutExports.cs
529,zgXifHT9ErY,zgXifHT9ErY#K#L,K,libSceVideoOut,L,libSceVideoOut,1,function/other,1,sceVideoOutIsFlipPending,SharpEmu.Libs\VideoOut\VideoOutExports.cs
530,j6RaAUlaLv0,j6RaAUlaLv0#K#L,K,libSceVideoOut,L,libSceVideoOut,1,function/other,1,sceVideoOutWaitVblank,SharpEmu.Libs\VideoOut\VideoOutExports.cs
531,PjS5uASwcV8,PjS5uASwcV8#K#L,K,libSceVideoOut,L,libSceVideoOut,1,function/other,1,sceVideoOutSetBufferAttribute2,SharpEmu.Libs\VideoOut\VideoOutExports.cs
532,N5KDtkIjjJ4,N5KDtkIjjJ4#K#L,K,libSceVideoOut,L,libSceVideoOut,1,function/other,1,sceVideoOutUnregisterBuffers,SharpEmu.Libs\VideoOut\VideoOutExports.cs
533,rKBUtgRrtbk,rKBUtgRrtbk#K#L,K,libSceVideoOut,L,libSceVideoOut,1,function/other,1,sceVideoOutRegisterBuffers2,SharpEmu.Libs\VideoOut\VideoOutExports.cs
534,utPrVdxio-8,utPrVdxio-8#K#L,K,libSceVideoOut,L,libSceVideoOut,1,function/other,1,sceVideoOutGetOutputStatus,SharpEmu.Libs\VideoOut\VideoOutExports.cs
535,Up36PTk687E,Up36PTk687E#K#L,K,libSceVideoOut,L,libSceVideoOut,1,function/other,1,sceVideoOutOpen,SharpEmu.Libs\VideoOut\VideoOutExports.cs
536,DYhhWbJSeRg,DYhhWbJSeRg#K#L,K,libSceVideoOut,L,libSceVideoOut,1,function/other,1,sceVideoOutColorSettingsSetGamma_,SharpEmu.Libs\VideoOut\VideoOutExports.cs
537,pv9CI5VC+R0,pv9CI5VC+R0#K#L,K,libSceVideoOut,L,libSceVideoOut,1,function/other,1,sceVideoOutAdjustColor_,SharpEmu.Libs\VideoOut\VideoOutExports.cs
538,CBiu4mCE1DA,CBiu4mCE1DA#K#L,K,libSceVideoOut,L,libSceVideoOut,1,function/other,1,sceVideoOutSetFlipRate,SharpEmu.Libs\VideoOut\VideoOutExports.cs
539,MTxxrOCeSig,MTxxrOCeSig#K#L,K,libSceVideoOut,L,libSceVideoOut,1,function/other,1,sceVideoOutSetWindowModeMargins,SharpEmu.Libs\VideoOut\VideoOutExports.cs
540,uquVH4-Du78,uquVH4-Du78#K#L,K,libSceVideoOut,L,libSceVideoOut,1,function/other,1,sceVideoOutClose,SharpEmu.Libs\VideoOut\VideoOutExports.cs
541,9030RnBDoh4,9030RnBDoh4#w#t,w,libScePngEnc,t,libScePngEnc,1,function/other,0,,
542,7aGTPfrqT9s,7aGTPfrqT9s#w#t,w,libScePngEnc,t,libScePngEnc,1,function/other,0,,
543,xgDjJKpcyHo,xgDjJKpcyHo#w#t,w,libScePngEnc,t,libScePngEnc,1,function/other,0,,
544,RUrWdwTWZy8,RUrWdwTWZy8#w#t,w,libScePngEnc,t,libScePngEnc,1,function/other,0,,
545,o6ZgXfFdWXQ,o6ZgXfFdWXQ#x#u,x,libSceJpegEnc,u,libSceJpegEnc,1,function/other,0,,
546,K+rocojkr-I,K+rocojkr-I#x#u,x,libSceJpegEnc,u,libSceJpegEnc,1,function/other,0,,
547,QbrU0cUghEM,QbrU0cUghEM#x#u,x,libSceJpegEnc,u,libSceJpegEnc,1,function/other,0,,
548,j1LyMdaM+C0,j1LyMdaM+C0#x#u,x,libSceJpegEnc,u,libSceJpegEnc,1,function/other,0,,
549,hsi9drzHR2k,hsi9drzHR2k#v#s,v,libc,s,libc,1,function/other,1,log2f,SharpEmu.Libs\LibcCompat\LibcMathCompilerRuntimeExports.cs
550,14bOACANTBo,14bOACANTBo#u#a,u,libkernel,a,libkernel,1,function/other,1,scePthreadOnce,SharpEmu.Libs\Kernel\KernelPthreadCompatExports.cs
551,+qitMEbkSWk,+qitMEbkSWk#v#s,v,libc,s,libc,1,function/other,0,,
552,wuAQt-j+p4o,wuAQt-j+p4o#v#s,v,libc,s,libc,1,function/other,1,exp2f,SharpEmu.Libs\LibcCompat\LibcMathCompilerRuntimeExports.cs
553,xENtRue8dpI,xENtRue8dpI#v#s,v,libc,s,libc,1,function/other,1,strtof,SharpEmu.Libs\LibcCompat\LibcRuntimeExpansionV46Exports.cs
554,B+vc2AO2Zrc,B+vc2AO2Zrc#u#a,u,libkernel,a,libkernel,1,function/other,1,sceKernelAllocateMainDirectMemory,SharpEmu.Libs\Kernel\KernelMemoryCompatExports.cs
555,MBuItvba6z8,MBuItvba6z8#u#a,u,libkernel,a,libkernel,1,function/other,1,sceKernelReleaseDirectMemory,SharpEmu.Libs\Kernel\KernelMemoryCompatExports.cs
556,Qoo175Ig+-k,Qoo175Ig+-k#v#s,v,libc,s,libc,1,object/data,0,,
557,P8F2oavZXtY,P8F2oavZXtY#v#s,v,libc,s,libc,1,function/other,0,,
558,Cv+zC4EjGMA,Cv+zC4EjGMA#v#s,v,libc,s,libc,1,object/data,0,,
559,sUP1hBaouOw,sUP1hBaouOw#v#s,v,libc,s,libc,1,function/other,1,_Getpctype,SharpEmu.Libs\LibcStdioExports.cs
560,QW2jL1J5rwY,QW2jL1J5rwY#v#s,v,libc,s,libc,1,function/other,0,,
561,Av3zjWi64Kw,Av3zjWi64Kw#v#s,v,libc,s,libc,1,function/other,0,,
562,0WMHDb5Dt94,0WMHDb5Dt94#v#s,v,libc,s,libc,1,function/other,1,modf,SharpEmu.Libs\LibcCompat\LibcMemoryStringExports.cs
563,hv1luiJrqQM,hv1luiJrqQM#I#J,I,libScePad,J,libScePad,1,function/other,1,scePadInit,SharpEmu.Libs\Pad\PadExports.cs
564,3pcAvmwKCvM,3pcAvmwKCvM#N#O,N,libSceSystemGesture,O,libSceSystemGesture,1,function/other,1,sceSystemGestureInitializePrimitiveTouchRecognizer,SharpEmu.Libs\SystemGesture\SystemGestureExports.cs
565,fPhymKNvK-A,fPhymKNvK-A#H#I,H,libSceUserService,I,libSceUserService,1,function/other,1,sceUserServiceGetLoginUserIdList,SharpEmu.Libs\UserService\UserServiceExports.cs
566,PMVehSlfZ94,PMVehSlfZ94#O#P,O,libSceIme,P,libSceIme,1,function/other,0,,
567,3QYCmMlOlCY,3QYCmMlOlCY#N#O,N,libSceSystemGesture,O,libSceSystemGesture,1,function/other,0,,
568,-4GCfYdNF1s,-4GCfYdNF1s#O#P,O,libSceIme,P,libSceIme,1,function/other,1,sceImeUpdate,SharpEmu.Libs\Ime\ImeExports.cs
569,eaFXjfJv3xs,eaFXjfJv3xs#O#P,O,libSceIme,P,libSceIme,1,function/other,1,sceImeKeyboardOpen,SharpEmu.Libs\Ime\ImeExports.cs
570,xk0AcarP3V4,xk0AcarP3V4#I#J,I,libScePad,J,libScePad,1,function/other,1,scePadOpen,SharpEmu.Libs\Pad\PadExports.cs
571,qpo-mEOwje0,qpo-mEOwje0#N#O,N,libSceSystemGesture,O,libSceSystemGesture,1,function/other,1,sceSystemGestureOpen,SharpEmu.Libs\SystemGesture\SystemGestureExports.cs
572,FWF8zkhr854,FWF8zkhr854#N#O,N,libSceSystemGesture,O,libSceSystemGesture,1,function/other,1,sceSystemGestureCreateTouchRecognizer,SharpEmu.Libs\SystemGesture\SystemGestureExports.cs
573,6ncge5+l5Qs,6ncge5+l5Qs#I#J,I,libScePad,J,libScePad,1,function/other,1,scePadClose,SharpEmu.Libs\Pad\PadExports.cs
574,j4yXIA2jJ68,j4yXIA2jJ68#N#O,N,libSceSystemGesture,O,libSceSystemGesture,1,function/other,0,,
575,clVvL4ZDntw,clVvL4ZDntw#I#J,I,libScePad,J,libScePad,1,function/other,1,scePadSetMotionSensorState,SharpEmu.Libs\Pad\PadExports.cs
576,yFVnOdGxvZY,yFVnOdGxvZY#I#J,I,libScePad,J,libScePad,1,function/other,1,scePadSetVibration,SharpEmu.Libs\Pad\PadExports.cs
577,RR4novUEENY,RR4novUEENY#I#J,I,libScePad,J,libScePad,1,function/other,1,scePadSetLightBar,SharpEmu.Libs\Pad\PadExports.cs
578,2JgFB2n9oUM,2JgFB2n9oUM#I#J,I,libScePad,J,libScePad,1,function/other,1,scePadSetTriggerEffect,SharpEmu.Libs\Pad\PadExports.cs
579,q1cHNfGycLI,q1cHNfGycLI#I#J,I,libScePad,J,libScePad,1,function/other,1,scePadRead,SharpEmu.Libs\Pad\PadExports.cs
580,gjP9-KQzoUk,gjP9-KQzoUk#I#J,I,libScePad,J,libScePad,1,function/other,1,scePadGetControllerInformation,SharpEmu.Libs\Pad\PadExports.cs
581,YndgXqQVV7c,YndgXqQVV7c#I#J,I,libScePad,J,libScePad,1,function/other,1,scePadReadState,SharpEmu.Libs\Pad\PadExports.cs
582,GgFMb22sbbI,GgFMb22sbbI#N#O,N,libSceSystemGesture,O,libSceSystemGesture,1,function/other,1,sceSystemGestureUpdatePrimitiveTouchRecognizer,SharpEmu.Libs\SystemGesture\SystemGestureExports.cs
583,j4h82CQWENo,j4h82CQWENo#N#O,N,libSceSystemGesture,O,libSceSystemGesture,1,function/other,1,sceSystemGestureUpdateTouchRecognizer,SharpEmu.Libs\SystemGesture\SystemGestureExports.cs
584,h8uongcBNVs,h8uongcBNVs#N#O,N,libSceSystemGesture,O,libSceSystemGesture,1,function/other,1,sceSystemGestureGetTouchEventsCount,SharpEmu.Libs\SystemGesture\SystemGestureExports.cs
585,TSKvgSz5ChU,TSKvgSz5ChU#N#O,N,libSceSystemGesture,O,libSceSystemGesture,1,function/other,0,,
586,uBPlr0lbuiI,uBPlr0lbuiI#M#N,M,libSceNetCtl,N,libSceNetCtl,1,function/other,1,sceNetCtlGetState,SharpEmu.Libs\Network\NetCtlExports.cs
587,Vo5V8KAwCmk,Vo5V8KAwCmk#n#n,n,libSceSystemService,n,libSceSystemService,1,function/other,1,sceSystemServiceHideSplashScreen,SharpEmu.Libs\SystemService\SystemServiceExports.cs
588,aI+OeCz8xrQ,aI+OeCz8xrQ#u#a,u,libkernel,a,libkernel,1,function/other,1,scePthreadSelf,SharpEmu.Libs\Kernel\KernelPthreadCompatExports.cs
589,YNzNkJzYqEg,YNzNkJzYqEg#v#s,v,libc,s,libc,1,function/other,1,strncpy_s,SharpEmu.Libs\LibcCompat\LibcMemoryStringExports.cs
590,xEszJVGpybs,xEszJVGpybs#v#s,v,libc,s,libc,1,function/other,0,,
591,lhpd6Wk6ccs,lhpd6Wk6ccs#v#s,v,libc,s,libc,1,function/other,1,log10f,SharpEmu.Libs\LibcCompat\LibcMathCompilerRuntimeExports.cs
592,WDpobjImAb4,WDpobjImAb4#v#s,v,libc,s,libc,1,function/other,1,wcsstr,SharpEmu.Libs\LibcCompat\LibcMemoryStringExports.cs
593,x9uumWcxhXU,x9uumWcxhXU#v#s,v,libc,s,libc,1,function/other,1,wcsspn,SharpEmu.Libs\LibcCompat\LibcMemoryStringExports.cs
594,g3ShSirD50I,g3ShSirD50I#v#s,v,libc,s,libc,1,function/other,1,wcsrchr,SharpEmu.Libs\LibcCompat\LibcMemoryStringExports.cs
595,g+PZd2hiacg,g+PZd2hiacg#u#a,u,libkernel,a,libkernel,1,function/other,1,scePthreadCondDestroy,SharpEmu.Libs\Kernel\KernelPthreadCompatExports.cs
596,2Tb92quprl0,2Tb92quprl0#u#a,u,libkernel,a,libkernel,1,function/other,1,scePthreadCondInit,SharpEmu.Libs\Kernel\KernelPthreadCompatExports.cs
597,kDh-NfxgMtE,kDh-NfxgMtE#u#a,u,libkernel,a,libkernel,1,function/other,1,scePthreadCondSignal,SharpEmu.Libs\Kernel\KernelPthreadCompatExports.cs
598,BmMjYxmew1w,BmMjYxmew1w#u#a,u,libkernel,a,libkernel,1,function/other,1,scePthreadCondTimedwait,SharpEmu.Libs\Kernel\KernelPthreadCompatExports.cs
599,WKAXJ4XBPQ4,WKAXJ4XBPQ4#u#a,u,libkernel,a,libkernel,1,function/other,1,scePthreadCondWait,SharpEmu.Libs\Kernel\KernelPthreadCompatExports.cs
600,IafI2PxcPnQ,IafI2PxcPnQ#u#a,u,libkernel,a,libkernel,1,function/other,0,,
601,BB+kb08Tl9A,BB+kb08Tl9A#u#a,u,libkernel,a,libkernel,1,function/other,1,scePthreadRwlockDestroy,SharpEmu.Libs\Kernel\KernelPthreadExtendedCompatExports.cs
602,6ULAa0fq4jA,6ULAa0fq4jA#u#a,u,libkernel,a,libkernel,1,function/other,1,scePthreadRwlockInit,SharpEmu.Libs\Kernel\KernelPthreadExtendedCompatExports.cs
603,adh--6nIqTk,adh--6nIqTk#u#a,u,libkernel,a,libkernel,1,function/other,0,,
604,mqdNorrB+gI,mqdNorrB+gI#u#a,u,libkernel,a,libkernel,1,function/other,1,scePthreadRwlockWrlock,SharpEmu.Libs\Kernel\KernelPthreadExtendedCompatExports.cs
605,bIHoZCTomsI,bIHoZCTomsI#u#a,u,libkernel,a,libkernel,1,function/other,1,scePthreadRwlockTrywrlock,SharpEmu.Libs\Kernel\KernelPthreadV45Aliases.cs
606,+L98PIbGttk,+L98PIbGttk#u#a,u,libkernel,a,libkernel,1,function/other,1,scePthreadRwlockUnlock,SharpEmu.Libs\Kernel\KernelPthreadExtendedCompatExports.cs
607,iPtZRWICjrM,iPtZRWICjrM#u#a,u,libkernel,a,libkernel,1,function/other,0,,
608,Ox9i0c7L5w0,Ox9i0c7L5w0#u#a,u,libkernel,a,libkernel,1,function/other,1,scePthreadRwlockRdlock,SharpEmu.Libs\Kernel\KernelPthreadExtendedCompatExports.cs
609,XD3mDeybCnk,XD3mDeybCnk#u#a,u,libkernel,a,libkernel,1,function/other,1,scePthreadRwlockTryrdlock,SharpEmu.Libs\Kernel\KernelPthreadV45Aliases.cs
610,3kg7rT0NQIs,3kg7rT0NQIs#u#a,u,libkernel,a,libkernel,1,function/other,1,scePthreadExit,SharpEmu.Libs\Kernel\KernelExports.cs
611,4qGrR6eoP9Y,4qGrR6eoP9Y#u#a,u,libkernel,a,libkernel,1,function/other,1,scePthreadDetach,SharpEmu.Libs\Kernel\KernelPthreadExtendedCompatExports.cs
612,1QJWxoB6pCo,1QJWxoB6pCo#v#s,v,libc,s,libc,1,function/other,0,,
613,-7nRJFXMxnM,-7nRJFXMxnM#v#s,v,libc,s,libc,1,function/other,0,,
614,u0XOsuOmOzc,u0XOsuOmOzc#v#s,v,libc,s,libc,1,function/other,1,vswprintf,SharpEmu.Libs\Kernel\KernelMemoryCompatExports.cs
615,R1Jvn8bSCW8,R1Jvn8bSCW8#u#a,u,libkernel,a,libkernel,1,function/other,1,sceKernelDeleteSema,SharpEmu.Libs\Kernel\KernelSemaphoreCompatExports.cs
616,188x57JYp0g,188x57JYp0g#u#a,u,libkernel,a,libkernel,1,function/other,1,sceKernelCreateSema,SharpEmu.Libs\Kernel\KernelSemaphoreCompatExports.cs
617,4czppHBiriw,4czppHBiriw#u#a,u,libkernel,a,libkernel,1,function/other,1,sceKernelSignalSema,SharpEmu.Libs\Kernel\KernelSemaphoreCompatExports.cs
618,Zxa0VhQVTsk,Zxa0VhQVTsk#u#a,u,libkernel,a,libkernel,1,function/other,1,sceKernelWaitSema,SharpEmu.Libs\Kernel\KernelSemaphoreCompatExports.cs
619,12wOHk8ywb0,12wOHk8ywb0#u#a,u,libkernel,a,libkernel,1,function/other,1,sceKernelPollSema,SharpEmu.Libs\Kernel\KernelSemaphoreCompatExports.cs
620,O4L+0oCN9zA,O4L+0oCN9zA#v#s,v,libc,s,libc,1,function/other,0,,
621,PdnFCFqKGqA,PdnFCFqKGqA#v#s,v,libc,s,libc,1,function/other,0,,
622,SAd0Z3wKwLA,SAd0Z3wKwLA#v#s,v,libc,s,libc,1,function/other,1,tanhf,SharpEmu.Libs\LibcCompat\LibcMathCompilerRuntimeExports.cs
623,kn0yiYeExgA,kn0yiYeExgA#v#s,v,libc,s,libc,1,function/other,1,ldexpf,SharpEmu.Libs\LibcCompat\LibcMemoryStringExports.cs
624,aaDMGGkXFxo,aaDMGGkXFxo#v#s,v,libc,s,libc,1,function/other,1,frexpf,SharpEmu.Libs\LibcCompat\LibcMemoryStringExports.cs
625,TVfbf1sXt0A,TVfbf1sXt0A#v#s,v,libc,s,libc,1,object/data,0,,
626,CvJ3HUPlMIY,CvJ3HUPlMIY#v#s,v,libc,s,libc,1,object/data,0,,
627,2WVBaSdGIds,2WVBaSdGIds#v#s,v,libc,s,libc,1,object/data,0,,
628,2bASh0rEeXI,2bASh0rEeXI#v#s,v,libc,s,libc,1,object/data,0,,
629,d-YRIvO0jXI,d-YRIvO0jXI#v#s,v,libc,s,libc,1,object/data,0,,
630,u1GRHp+oWoY,u1GRHp+oWoY#I#J,I,libScePad,J,libScePad,1,function/other,1,scePadGetHandle,SharpEmu.Libs\Pad\PadExports.cs
631,fgxnMeTNUtY,fgxnMeTNUtY#u#a,u,libkernel,a,libkernel,1,function/other,1,sceKernelGetProcessTimeCounter,SharpEmu.Libs\Kernel\KernelRuntimeCompatExports.cs
632,BNowx2l588E,BNowx2l588E#u#a,u,libkernel,a,libkernel,1,function/other,1,sceKernelGetProcessTimeCounterFrequency,SharpEmu.Libs\Kernel\KernelRuntimeCompatExports.cs
633,GMpvxPFW924,GMpvxPFW924#v#s,v,libc,s,libc,1,function/other,1,vprintf,SharpEmu.Libs\Kernel\KernelMemoryCompatExports.cs
634,GfxAp9Xyiqs,GfxAp9Xyiqs#v#s,v,libc,s,libc,1,function/other,1,__isnan,SharpEmu.Libs\LibcCompat\RuntimePosixRemainingExportsV54.cs
635,7SXNu+0KBYQ,7SXNu+0KBYQ#v#s,v,libc,s,libc,1,function/other,0,,
636,7-a7sBHeUQ8,7-a7sBHeUQ8#v#s,v,libc,s,libc,1,function/other,0,,
637,ejekcaNQNq0,ejekcaNQNq0#u#a,u,libkernel,a,libkernel,1,function/other,1,sceKernelGettimeofday,SharpEmu.Libs\Kernel\KernelRuntimeCompatExports.cs
638,gjbmYpP-XJQ,gjbmYpP-XJQ#v#s,v,libc,s,libc,1,function/other,0,,
639,RIa6GnWp+iU,RIa6GnWp+iU#v#s,v,libc,s,libc,1,function/other,0,,
640,H8AprKeZtNg,H8AprKeZtNg#v#s,v,libc,s,libc,1,object/data,0,,
641,fffwELXNVFA,fffwELXNVFA#v#s,v,libc,s,libc,1,function/other,1,fprintf,SharpEmu.Libs\LibcStdioExports.cs
642,aZK8lNei-Qw,aZK8lNei-Qw#v#s,v,libc,s,libc,1,function/other,1,fputc,SharpEmu.Libs\LibcStdioExports.cs
643,1TDo-ImqkJc,1TDo-ImqkJc#v#s,v,libc,s,libc,1,object/data,0,,
644,KdP-nULpuGw,KdP-nULpuGw#v#s,v,libc,s,libc,1,function/other,1,fgets,SharpEmu.Libs\LibcStdioExports.cs
645,QZP6I9ZZxpE,QZP6I9ZZxpE#v#s,v,libc,s,libc,1,function/other,0,,
646,1mecP7RgI2A,1mecP7RgI2A#v#s,v,libc,s,libc,1,function/other,0,,
647,-VVn74ZyhEs,-VVn74ZyhEs#v#s,v,libc,s,libc,1,function/other,1,difftime,SharpEmu.Libs\LibcCompat\RuntimePosixRemainingExportsV54.cs
648,MZO7FXyAPU8,MZO7FXyAPU8#v#s,v,libc,s,libc,1,function/other,0,,
649,NN01qLRhiqU,NN01qLRhiqU#Z#a,Z,libScePosix,a,libkernel,1,function/other,0,,
650,PtsB1Q9wsFA,PtsB1Q9wsFA#v#s,v,libc,s,libc,1,function/other,0,,
651,MUjC4lbHrK4,MUjC4lbHrK4#v#s,v,libc,s,libc,1,function/other,1,fflush,SharpEmu.Libs\LibcStdioExports.cs
652,8Q60JLJ6Rv4,8Q60JLJ6Rv4#v#s,v,libc,s,libc,1,function/other,1,getc,SharpEmu.Libs\LibcStdioExports.cs
653,-LFO7jhD5CE,-LFO7jhD5CE#v#s,v,libc,s,libc,1,function/other,0,,
654,npLpPTaSuHg,npLpPTaSuHg#v#s,v,libc,s,libc,1,function/other,0,,
655,H8ya2H00jbI,H8ya2H00jbI#v#s,v,libc,s,libc,1,function/other,1,sin,SharpEmu.Libs\LibcCompat\LibcMathCompilerRuntimeExports.cs
656,2WE3BTYVwKM,2WE3BTYVwKM#v#s,v,libc,s,libc,1,function/other,1,cos,SharpEmu.Libs\LibcCompat\LibcMathCompilerRuntimeExports.cs
657,T7uyNqP7vQA,T7uyNqP7vQA#v#s,v,libc,s,libc,1,function/other,1,tan,SharpEmu.Libs\LibcCompat\LibcMathCompilerRuntimeExports.cs
658,7Ly52zaL44Q,7Ly52zaL44Q#v#s,v,libc,s,libc,1,function/other,1,asin,SharpEmu.Libs\LibcCompat\LibcMathCompilerRuntimeExports.cs
659,JBcgYuW8lPU,JBcgYuW8lPU#v#s,v,libc,s,libc,1,function/other,1,acos,SharpEmu.Libs\LibcCompat\LibcMathCompilerRuntimeExports.cs
660,OXmauLdQ8kY,OXmauLdQ8kY#v#s,v,libc,s,libc,1,function/other,1,atan,SharpEmu.Libs\LibcCompat\LibcMathCompilerRuntimeExports.cs
661,kA-TdiOCsaY,kA-TdiOCsaY#v#s,v,libc,s,libc,1,function/other,1,frexp,SharpEmu.Libs\LibcCompat\LibcMemoryStringExports.cs
662,JrwFIMzKNr0,JrwFIMzKNr0#v#s,v,libc,s,libc,1,function/other,1,ldexp,SharpEmu.Libs\LibcCompat\LibcMemoryStringExports.cs
663,rtV7-jWC6Yg,rtV7-jWC6Yg#v#s,v,libc,s,libc,1,function/other,1,log,SharpEmu.Libs\LibcCompat\LibcMathCompilerRuntimeExports.cs
664,WuMbPBKN1TU,WuMbPBKN1TU#v#s,v,libc,s,libc,1,function/other,1,log10,SharpEmu.Libs\LibcCompat\LibcMathCompilerRuntimeExports.cs
665,NVadfnzQhHQ,NVadfnzQhHQ#v#s,v,libc,s,libc,1,function/other,1,exp,SharpEmu.Libs\LibcCompat\LibcMathCompilerRuntimeExports.cs
666,VPbJwTCgME0,VPbJwTCgME0#v#s,v,libc,s,libc,1,function/other,0,,
667,8u8lPzUEq+U,8u8lPzUEq+U#v#s,v,libc,s,libc,1,function/other,1,memchr,SharpEmu.Libs\Kernel\KernelMemoryCompatExports.cs
668,kDZvoVssCgQ,kDZvoVssCgQ#v#s,v,libc,s,libc,1,function/other,1,strpbrk,SharpEmu.Libs\LibcCompat\LibcMemoryStringExports.cs
669,DfivPArhucg,DfivPArhucg#v#s,v,libc,s,libc,1,function/other,1,memcmp,SharpEmu.Libs\Kernel\KernelMemoryCompatExports.cs
670,34nH7v2xvNQ,34nH7v2xvNQ#v#s,v,libc,s,libc,1,function/other,0,,
671,P6piso307SE,P6piso307SE#V#W,V,libSceNpManager,W,libSceNpManager,1,function/other,0,,
672,3Zl8BePTh9Y,3Zl8BePTh9Y#V#W,V,libSceNpManager,W,libSceNpManager,1,function/other,1,sceNpCheckCallback,SharpEmu.Libs\Np\NpManagerExports.cs
673,fIATVMo4Y1w,fIATVMo4Y1w#C#D,C,libSceNpWebApi2,D,libSceNpWebApi2,1,function/other,0,,
674,WV1GwM32NgY,WV1GwM32NgY#C#D,C,libSceNpWebApi2,D,libSceNpWebApi2,1,function/other,1,sceNpWebApi2PushEventCreateHandle,SharpEmu.Libs\Np\NpWebApi2Exports.cs
675,ysmw6J-P8Ak,ysmw6J-P8Ak#A#B,A,libSceNpSessionSignaling,B,libSceNpSessionSignaling,1,function/other,1,sceNpSessionSignalingInitialize,SharpEmu.Libs\Np\NpSessionSignalingExports.cs
676,CqJuNXo5yiM,CqJuNXo5yiM#A#B,A,libSceNpSessionSignaling,B,libSceNpSessionSignaling,1,function/other,0,,
677,aBuX0PX-T7I,aBuX0PX-T7I#A#B,A,libSceNpSessionSignaling,B,libSceNpSessionSignaling,1,function/other,0,,
678,yJw2m6UWDYU,yJw2m6UWDYU#A#B,A,libSceNpSessionSignaling,B,libSceNpSessionSignaling,1,function/other,0,,
679,Z9Q9LzQDXf0,Z9Q9LzQDXf0#A#B,A,libSceNpSessionSignaling,B,libSceNpSessionSignaling,1,function/other,0,,
680,p+zLIOg27zU,p+zLIOg27zU#c#d,c,libSceFiber,d,libSceFiber,1,function/other,1,sceFiberGetSelf,SharpEmu.Libs\Fiber\FiberExports.cs
681,3PtV6p3QNX4,3PtV6p3QNX4#u#a,u,libkernel,a,libkernel,1,function/other,1,scePthreadEqual,SharpEmu.Libs\Kernel\KernelPthreadCompatExports.cs
682,How7B8Oet6k,How7B8Oet6k#u#a,u,libkernel,a,libkernel,1,function/other,1,scePthreadGetname,SharpEmu.Libs\Kernel\KernelPthreadExtendedCompatExports.cs
683,cQkBH-pXhF0,cQkBH-pXhF0#A#B,A,libSceNpSessionSignaling,B,libSceNpSessionSignaling,1,function/other,0,,
684,r4XacqHvkn4,r4XacqHvkn4#A#B,A,libSceNpSessionSignaling,B,libSceNpSessionSignaling,1,function/other,0,,
685,3EI-OSJ65Xc,3EI-OSJ65Xc#C#D,C,libSceNpWebApi2,D,libSceNpWebApi2,1,function/other,0,,
686,egOOvrnF6mI,egOOvrnF6mI#C#D,C,libSceNpWebApi2,D,libSceNpWebApi2,1,function/other,0,,
687,lQOCF84lvzw,lQOCF84lvzw#C#D,C,libSceNpWebApi2,D,libSceNpWebApi2,1,function/other,0,,
688,vvzWO-DvG1s,vvzWO-DvG1s#C#D,C,libSceNpWebApi2,D,libSceNpWebApi2,1,function/other,0,,
689,OOY9+ObfKec,OOY9+ObfKec#C#D,C,libSceNpWebApi2,D,libSceNpWebApi2,1,function/other,0,,
690,MsaFhR+lPE4,MsaFhR+lPE4#C#D,C,libSceNpWebApi2,D,libSceNpWebApi2,1,function/other,1,sceNpWebApi2PushEventCreateFilter,SharpEmu.Libs\Np\NpWebApi2Exports.cs
691,fY3QqeNkF8k,fY3QqeNkF8k#C#D,C,libSceNpWebApi2,D,libSceNpWebApi2,1,function/other,0,,
692,KJdPcOGmK58,KJdPcOGmK58#C#D,C,libSceNpWebApi2,D,libSceNpWebApi2,1,function/other,0,,
693,hOnIlcGrO6g,hOnIlcGrO6g#C#D,C,libSceNpWebApi2,D,libSceNpWebApi2,1,function/other,0,,
694,lxtHJMwBsaU,lxtHJMwBsaU#C#D,C,libSceNpWebApi2,D,libSceNpWebApi2,1,function/other,0,,
695,PmyrbbJSFz0,PmyrbbJSFz0#C#D,C,libSceNpWebApi2,D,libSceNpWebApi2,1,function/other,0,,
696,NNVf18SlbT8,NNVf18SlbT8#C#D,C,libSceNpWebApi2,D,libSceNpWebApi2,1,function/other,0,,
697,AAj9X+4aGYA,AAj9X+4aGYA#C#D,C,libSceNpWebApi2,D,libSceNpWebApi2,1,function/other,0,,
698,QafxeZM3WK4,QafxeZM3WK4#C#D,C,libSceNpWebApi2,D,libSceNpWebApi2,1,function/other,0,,
699,5jRCs2axtr4,5jRCs2axtr4#Z#a,Z,libScePosix,a,libkernel,1,function/other,1,inet_ntop,SharpEmu.Libs\Network\NetExports.cs
700,4n51s0zEf0c,4n51s0zEf0c#Z#a,Z,libScePosix,a,libkernel,1,function/other,1,inet_pton,SharpEmu.Libs\Kernel\KernelSocketCompatExports.cs
701,TUuiYS2kE8s,TUuiYS2kE8s#Z#a,Z,libScePosix,a,libkernel,1,function/other,0,,
702,TU-d9PfIHPM,TU-d9PfIHPM#Z#a,Z,libScePosix,a,libkernel,1,function/other,1,socket,SharpEmu.Libs\Kernel\KernelSocketCompatExports.cs
703,KuOmgKoqCdY,KuOmgKoqCdY#Z#a,Z,libScePosix,a,libkernel,1,function/other,1,bind,SharpEmu.Libs\Kernel\KernelSocketCompatExports.cs
704,pxnCmagrtao,pxnCmagrtao#Z#a,Z,libScePosix,a,libkernel,1,function/other,0,,
705,SF47kB2MNTo,SF47kB2MNTo#L#M,L,libSceNet,M,libSceNet,1,function/other,0,,
706,ZVw46bsasAk,ZVw46bsasAk#L#M,L,libSceNet,M,libSceNet,1,function/other,0,,
707,Inp1lfL+Jdw,Inp1lfL+Jdw#L#M,L,libSceNet,M,libSceNet,1,function/other,0,,
708,fFxGkxF2bVo,fFxGkxF2bVo#Z#a,Z,libScePosix,a,libkernel,1,function/other,1,setsockopt,SharpEmu.Libs\Network\NetExports.cs
709,drjIbDbA7UQ,drjIbDbA7UQ#L#M,L,libSceNet,M,libSceNet,1,function/other,0,,
710,HQOwnfMGipQ,HQOwnfMGipQ#L#M,L,libSceNet,M,libSceNet,1,function/other,1,sceNetErrnoLoc,SharpEmu.Libs\Network\NetExports.cs
711,6O8EwYOgH9Y,6O8EwYOgH9Y#Z#a,Z,libScePosix,a,libkernel,1,function/other,1,getsockopt,SharpEmu.Libs\Network\NetExports.cs
712,RenI1lL1WFk,RenI1lL1WFk#Z#a,Z,libScePosix,a,libkernel,1,function/other,1,getsockname,SharpEmu.Libs\Kernel\KernelSocketCompatExports.cs
713,oBr313PppNE,oBr313PppNE#Z#a,Z,libScePosix,a,libkernel,1,function/other,0,,
714,TSM6whtekok,TSM6whtekok#L#M,L,libSceNet,M,libSceNet,1,function/other,0,,
715,UJ+Z7Q+4ck0,UJ+Z7Q+4ck0#M#N,M,libSceNetCtl,N,libSceNetCtl,1,function/other,1,sceNetCtlRegisterCallback,SharpEmu.Libs\Network\NetCtlExports.cs
716,qQJfO8HAiaY,qQJfO8HAiaY#V#W,V,libSceNpManager,W,libSceNpManager,1,function/other,1,sceNpRegisterStateCallbackA,SharpEmu.Libs\Np\NpManagerExports.cs
717,eQH7nWPcAgc,eQH7nWPcAgc#V#W,V,libSceNpManager,W,libSceNpManager,1,function/other,1,sceNpGetState,SharpEmu.Libs\Np\NpManagerExports.cs
718,iQw3iQPhvUQ,iQw3iQPhvUQ#M#N,M,libSceNetCtl,N,libSceNetCtl,1,function/other,1,sceNetCtlCheckCallback,SharpEmu.Libs\Network\NetCtlExports.cs
719,Rqm2OnZMCz0,Rqm2OnZMCz0#M#N,M,libSceNetCtl,N,libSceNetCtl,1,function/other,1,sceNetCtlUnregisterCallback,SharpEmu.Libs\Network\NetCtlExports.cs
720,M3wFXbYQtAA,M3wFXbYQtAA#V#W,V,libSceNpManager,W,libSceNpManager,1,function/other,0,,
721,Bw31liTFT3A,Bw31liTFT3A#W#X,W,libSceSigninDialog,X,libSceSigninDialog,1,function/other,0,,
722,mlYGfmqE3fQ,mlYGfmqE3fQ#W#X,W,libSceSigninDialog,X,libSceSigninDialog,1,function/other,0,,
723,JlpJVoRWv7U,JlpJVoRWv7U#W#X,W,libSceSigninDialog,X,libSceSigninDialog,1,function/other,0,,
724,oBmw4xrmfKs,oBmw4xrmfKs#Y#Z,Y,libSceImeDialog,Z,libSceImeDialog,1,function/other,1,sceImeDialogAbort,SharpEmu.Libs\Ime\ImeDialogExports.cs
725,pZ9WXcClPO8,pZ9WXcClPO8#v#s,v,libc,s,libc,1309,object/data,0,,
726,ltCfaGr2JGE,ltCfaGr2JGE#Z#a,Z,libScePosix,a,libkernel,1,function/other,1,pthread_mutex_destroy,SharpEmu.Libs\Kernel\KernelPthreadCompatExports.cs
727,7H0iTOciTLo,7H0iTOciTLo#Z#a,Z,libScePosix,a,libkernel,1,function/other,1,pthread_mutex_lock,SharpEmu.Libs\Kernel\KernelPthreadCompatExports.cs
728,K-jXhbt2gn4,K-jXhbt2gn4#Z#a,Z,libScePosix,a,libkernel,1,function/other,1,pthread_mutex_trylock,SharpEmu.Libs\Kernel\KernelPthreadCompatExports.cs
729,2Z+PpY6CaJg,2Z+PpY6CaJg#Z#a,Z,libScePosix,a,libkernel,1,function/other,1,pthread_mutex_unlock,SharpEmu.Libs\Kernel\KernelPthreadCompatExports.cs
730,byV+FWlAnB4,byV+FWlAnB4#v#s,v,libc,s,libc,82,object/data,0,,
731,VOBg+iNwB-4,VOBg+iNwB-4#v#s,v,libc,s,libc,1,function/other,1,strtoll,SharpEmu.Libs\LibcCompat\LibcRuntimeExpansionV46Exports.cs
732,jbz9I9vkqkk,jbz9I9vkqkk#v#s,v,libc,s,libc,1,function/other,1,vsprintf,SharpEmu.Libs\Kernel\KernelMemoryCompatExports.cs
733,JM4EBvWT9rc,JM4EBvWT9rc#v#s,v,libc,s,libc,1,function/other,1,tanh,SharpEmu.Libs\LibcCompat\LibcMathCompilerRuntimeExports.cs
734,ttHNfU+qDBU,ttHNfU+qDBU#Z#a,Z,libScePosix,a,libkernel,1,function/other,1,pthread_mutex_init,SharpEmu.Libs\Kernel\KernelPthreadCompatExports.cs
735,HF7lK46xzjY,HF7lK46xzjY#Z#a,Z,libScePosix,a,libkernel,1,function/other,1,pthread_mutexattr_destroy,SharpEmu.Libs\Kernel\KernelPthreadCompatExports.cs
736,dQHWEsJtoE4,dQHWEsJtoE4#Z#a,Z,libScePosix,a,libkernel,1,function/other,1,pthread_mutexattr_init,SharpEmu.Libs\Kernel\KernelPthreadCompatExports.cs
737,mDmgMOGVUqg,mDmgMOGVUqg#Z#a,Z,libScePosix,a,libkernel,1,function/other,1,pthread_mutexattr_settype,SharpEmu.Libs\Kernel\KernelPthreadCompatExports.cs
738,9ByRMdo7ywg,9ByRMdo7ywg#v#s,v,libc,s,libc,39,object/data,0,,
739,j2AIqSqJP0w,j2AIqSqJP0w#u#a,u,libkernel,a,libkernel,1,function/other,1,sceKernelGetdents,SharpEmu.Libs\Kernel\KernelMemoryCompatExports.cs
740,naInUjYt3so,naInUjYt3so#u#a,u,libkernel,a,libkernel,1,function/other,1,sceKernelRmdir,SharpEmu.Libs\Kernel\KernelMemoryCompatExports.cs
741,AUXVxWeJU-A,AUXVxWeJU-A#u#a,u,libkernel,a,libkernel,1,function/other,1,sceKernelUnlink,SharpEmu.Libs\Kernel\KernelMemoryCompatExports.cs
742,3+UPM-9E6xY,3+UPM-9E6xY#v#s,v,libc,s,libc,1,function/other,1,modff,SharpEmu.Libs\LibcCompat\LibcMemoryStringExports.cs
743,24m4Z4bUaoY,24m4Z4bUaoY#v#s,v,libc,s,libc,1,function/other,0,,
744,2JtWUUiYBXs,2JtWUUiYBXs#F#G,F,libSceAgc,G,libSceAgc,1,function/other,1,sceAgcGetRegisterDefaults2,SharpEmu.Libs\Agc\AgcExports.cs
745,vSMAm3cxYTY,vSMAm3cxYTY#u#a,u,libkernel,a,libkernel,1,function/other,1,sceKernelMprotect,SharpEmu.Libs\Kernel\KernelMemoryCompatExports.cs
746,23LRUSvYu1M,23LRUSvYu1M#F#G,F,libSceAgc,G,libSceAgc,1,function/other,1,sceAgcInit,SharpEmu.Libs\Agc\AgcExports.cs
747,BfBDZGbti7A,BfBDZGbti7A#F#G,F,libSceAgc,G,libSceAgc,1,function/other,1,sceAgcGetIsTrinityMode,SharpEmu.Libs\Agc\AgcExports.cs
748,wRbq6ZjNop4,wRbq6ZjNop4#F#G,F,libSceAgc,G,libSceAgc,1,function/other,1,sceAgcGetRegisterDefaults2Internal,SharpEmu.Libs\Agc\AgcExports.cs
749,UglJIZjGssM,UglJIZjGssM#G#H,G,libSceAgcDriver,H,libSceAgcDriver,1,function/other,1,sceAgcDriverSubmitDcb,SharpEmu.Libs\Agc\AgcExports.cs
750,AhGvpITrf4M,AhGvpITrf4M#G#H,G,libSceAgcDriver,H,libSceAgcDriver,1,function/other,0,,
751,6UzEidRZwkg,6UzEidRZwkg#G#H,G,libSceAgcDriver,H,libSceAgcDriver,1,function/other,1,sceAgcDriverSubmitMultiDcbs,SharpEmu.Libs\Agc\AgcExports.cs
752,+T8Xo6LtFJI,+T8Xo6LtFJI#G#H,G,libSceAgcDriver,H,libSceAgcDriver,1,function/other,0,,
753,gSRnr79F8tQ,gSRnr79F8tQ#G#H,G,libSceAgcDriver,H,libSceAgcDriver,1,function/other,1,sceAgcDriverSubmitAcb,SharpEmu.Libs\Agc\AgcExports.cs
754,HF3YllT3mXU,HF3YllT3mXU#G#H,G,libSceAgcDriver,H,libSceAgcDriver,1,function/other,0,,
755,w2rJhmD+dsE,w2rJhmD+dsE#G#H,G,libSceAgcDriver,H,libSceAgcDriver,1,function/other,1,sceAgcDriverAddEqEvent,SharpEmu.Libs\Agc\AgcExports.cs
756,DL2RXaXOy88,DL2RXaXOy88#G#H,G,libSceAgcDriver,H,libSceAgcDriver,1,function/other,1,sceAgcDriverDeleteEqEvent,SharpEmu.Libs\Agc\AgcExports.cs
757,5CdQTZIQPxM,5CdQTZIQPxM#G#H,G,libSceAgcDriver,H,libSceAgcDriver,1,function/other,0,,
758,Zw7uUVPulbw,Zw7uUVPulbw#G#H,G,libSceAgcDriver,H,libSceAgcDriver,1,function/other,0,,
759,h9z6+0hEydk,h9z6+0hEydk#F#G,F,libSceAgc,G,libSceAgc,1,function/other,1,sceAgcSuspendPoint,SharpEmu.Libs\Agc\AgcExports.cs
760,AAeX-U5-P3M,AAeX-U5-P3M#F#G,F,libSceAgc,G,libSceAgc,1,function/other,0,,
761,Xq5WmbwPTnQ,Xq5WmbwPTnQ#G#H,G,libSceAgcDriver,H,libSceAgcDriver,1,function/other,0,,
762,SAfhzJPcjuk,SAfhzJPcjuk#G#H,G,libSceAgcDriver,H,libSceAgcDriver,1,function/other,0,,
763,FOwvmNlFLjM,FOwvmNlFLjM#G#H,G,libSceAgcDriver,H,libSceAgcDriver,1,function/other,0,,
764,Ddwk4gLT5j0,Ddwk4gLT5j0#G#H,G,libSceAgcDriver,H,libSceAgcDriver,1,function/other,0,,
765,qspAL8bgcBY,qspAL8bgcBY#G#H,G,libSceAgcDriver,H,libSceAgcDriver,1,function/other,0,,
766,+iAOE3jCnkk,+iAOE3jCnkk#G#H,G,libSceAgcDriver,H,libSceAgcDriver,1,function/other,0,,
767,WHIOMbb+iIU,WHIOMbb+iIU#G#H,G,libSceAgcDriver,H,libSceAgcDriver,1,function/other,0,,
768,chJWZcNSzjk,chJWZcNSzjk#G#H,G,libSceAgcDriver,H,libSceAgcDriver,1,function/other,0,,
769,ICaGtkEIXTk,ICaGtkEIXTk#G#H,G,libSceAgcDriver,H,libSceAgcDriver,1,function/other,0,,
770,8F5j7U-Bq6s,8F5j7U-Bq6s#G#H,G,libSceAgcDriver,H,libSceAgcDriver,1,function/other,0,,
771,+TN0oRTBxJQ,+TN0oRTBxJQ#G#H,G,libSceAgcDriver,H,libSceAgcDriver,1,function/other,0,,
772,rJUyMrDdxJg,rJUyMrDdxJg#G#H,G,libSceAgcDriver,H,libSceAgcDriver,1,function/other,0,,
773,3AyTaWcF-H8,3AyTaWcF-H8#G#H,G,libSceAgcDriver,H,libSceAgcDriver,1,function/other,0,,
774,n5ElQVYsU1A,n5ElQVYsU1A#G#H,G,libSceAgcDriver,H,libSceAgcDriver,1,function/other,0,,
775,OQTgEXyihvA,OQTgEXyihvA#F#G,F,libSceAgc,G,libSceAgc,1,function/other,0,,
776,RTpj-tIlvZc,RTpj-tIlvZc#F#G,F,libSceAgc,G,libSceAgc,1,function/other,0,,
777,SwI6QxqwAC0,SwI6QxqwAC0#F#G,F,libSceAgc,G,libSceAgc,1,function/other,0,,
778,AOLcoIkQDgM,AOLcoIkQDgM#G#H,G,libSceAgcDriver,H,libSceAgcDriver,1,function/other,1,sceAgcDriverQueryResourceRegistrationUserMemoryRequirements,SharpEmu.Libs\Agc\AgcExports.cs
779,F0Y42t-3e18,F0Y42t-3e18#G#H,G,libSceAgcDriver,H,libSceAgcDriver,1,function/other,1,sceAgcDriverInitResourceRegistration,SharpEmu.Libs\Agc\AgcExports.cs
780,uJziRsODk1c,uJziRsODk1c#G#H,G,libSceAgcDriver,H,libSceAgcDriver,1,function/other,1,sceAgcDriverGetResourceRegistrationMaxNameLength,SharpEmu.Libs\Agc\AgcExports.cs
781,X-Nm5KLREeg,X-Nm5KLREeg#G#H,G,libSceAgcDriver,H,libSceAgcDriver,1,function/other,1,sceAgcDriverRegisterOwner,SharpEmu.Libs\Agc\AgcExports.cs
782,W5z4eZrjEas,W5z4eZrjEas#G#H,G,libSceAgcDriver,H,libSceAgcDriver,1,function/other,1,sceAgcDriverRegisterResource,SharpEmu.Libs\Agc\AgcExports.cs
783,emP3ckeS2uo,emP3ckeS2uo#G#H,G,libSceAgcDriver,H,libSceAgcDriver,1,function/other,0,,
784,pWLG7WOpVcw,pWLG7WOpVcw#G#H,G,libSceAgcDriver,H,libSceAgcDriver,1,function/other,1,sceAgcDriverUnregisterResource,SharpEmu.Libs\Agc\AgcExports.cs
785,ZLJk9r2+2Aw,ZLJk9r2+2Aw#G#H,G,libSceAgcDriver,H,libSceAgcDriver,1,function/other,1,sceAgcDriverUnregisterOwnerAndResources,SharpEmu.Libs\Agc\AgcExports.cs
786,SCoAN5fYlUM,SCoAN5fYlUM#G#H,G,libSceAgcDriver,H,libSceAgcDriver,1,function/other,1,sceAgcDriverUnregisterAllResourcesForOwner,SharpEmu.Libs\Agc\AgcExports.cs
787,U9ueyEhSkF4,U9ueyEhSkF4#G#H,G,libSceAgcDriver,H,libSceAgcDriver,1,function/other,1,sceAgcDriverRegisterDefaultOwner,SharpEmu.Libs\Agc\AgcExports.cs
788,F0ZXt5q0ZTA,F0ZXt5q0ZTA#G#H,G,libSceAgcDriver,H,libSceAgcDriver,1,function/other,1,sceAgcDriverGetDefaultOwner,SharpEmu.Libs\Agc\AgcExports.cs
789,5l3IfCFJxBs,5l3IfCFJxBs#G#H,G,libSceAgcDriver,H,libSceAgcDriver,1,function/other,0,,
790,M9yBzRKkjPc,M9yBzRKkjPc#G#H,G,libSceAgcDriver,H,libSceAgcDriver,1,function/other,0,,
791,rI9lNAXPMIw,rI9lNAXPMIw#G#H,G,libSceAgcDriver,H,libSceAgcDriver,1,function/other,0,,
792,NghWEUXp1qM,NghWEUXp1qM#G#H,G,libSceAgcDriver,H,libSceAgcDriver,1,function/other,0,,
793,ls4jfY576lw,ls4jfY576lw#G#H,G,libSceAgcDriver,H,libSceAgcDriver,1,function/other,0,,
794,VOMSpd9+vxU,VOMSpd9+vxU#G#H,G,libSceAgcDriver,H,libSceAgcDriver,1,function/other,0,,
795,mXn+K9E-wOA,mXn+K9E-wOA#G#H,G,libSceAgcDriver,H,libSceAgcDriver,1,function/other,0,,
796,LepGrgk77sM,LepGrgk77sM#G#H,G,libSceAgcDriver,H,libSceAgcDriver,1,function/other,0,,
797,T6xuVw0KUJo,T6xuVw0KUJo#F#G,F,libSceAgc,G,libSceAgc,1,function/other,0,,
798,f3dg2CSgRKY,f3dg2CSgRKY#F#G,F,libSceAgc,G,libSceAgc,1,function/other,1,sceAgcCreateShader,SharpEmu.Libs\Agc\AgcExports.cs
799,dolOmWH+huQ,dolOmWH+huQ#F#G,F,libSceAgc,G,libSceAgc,1,function/other,1,sceAgcGetFusedShaderSize,SharpEmu.Libs\Agc\AgcExports.cs
800,fd5Bp5tGTgo,fd5Bp5tGTgo#F#G,F,libSceAgc,G,libSceAgc,1,function/other,1,sceAgcFuseShaderHalves,SharpEmu.Libs\Agc\AgcExports.cs
801,HV4j+E0MBHE,HV4j+E0MBHE#F#G,F,libSceAgc,G,libSceAgc,1,function/other,1,sceAgcCreateInterpolantMapping,SharpEmu.Libs\Agc\AgcExports.cs
802,k0E7vkgqAuE,k0E7vkgqAuE#F#G,F,libSceAgc,G,libSceAgc,1,function/other,0,,
803,D9sr1xGUriE,D9sr1xGUriE#F#G,F,libSceAgc,G,libSceAgc,1,function/other,1,sceAgcCreatePrimState,SharpEmu.Libs\Agc\AgcExports.cs
804,Y3ymLfZ1384,Y3ymLfZ1384#F#G,F,libSceAgc,G,libSceAgc,1,function/other,0,,
805,NKIzURsgV7I,NKIzURsgV7I#F#G,F,libSceAgc,G,libSceAgc,1,function/other,0,,
806,ICkECTBxrMw,ICkECTBxrMw#F#G,F,libSceAgc,G,libSceAgc,1,function/other,0,,
807,w1KFAHVqpaU,w1KFAHVqpaU#F#G,F,libSceAgc,G,libSceAgc,1,function/other,1,sceAgcCbBranch,SharpEmu.Libs\Agc\AgcExports.cs
808,k3GhuSNmBLU,k3GhuSNmBLU#F#G,F,libSceAgc,G,libSceAgc,1,function/other,1,sceAgcCbDispatch,SharpEmu.Libs\Agc\AgcExports.cs
809,7toV+elXqNM,7toV+elXqNM#F#G,F,libSceAgc,G,libSceAgc,1,function/other,0,,
810,wr23dPKyWc0,wr23dPKyWc0#F#G,F,libSceAgc,G,libSceAgc,1,function/other,1,sceAgcCbReleaseMem,SharpEmu.Libs\Agc\AgcExports.cs
811,LtTouSCZjHM,LtTouSCZjHM#F#G,F,libSceAgc,G,libSceAgc,1,function/other,1,sceAgcCbNop,SharpEmu.Libs\Agc\AgcExports.cs
812,n2fD4A+pb+g,n2fD4A+pb+g#F#G,F,libSceAgc,G,libSceAgc,1,function/other,1,sceAgcCbSetShRegisterRangeDirect,SharpEmu.Libs\Agc\AgcExports.cs
813,MDLD5Ly94Xk,MDLD5Ly94Xk#F#G,F,libSceAgc,G,libSceAgc,1,function/other,0,,
814,UZbQjYAwwXM,UZbQjYAwwXM#F#G,F,libSceAgc,G,libSceAgc,1,function/other,1,sceAgcCbSetShRegistersDirect,SharpEmu.Libs\Agc\AgcExports.cs
815,03RZmELWWzw,03RZmELWWzw#F#G,F,libSceAgc,G,libSceAgc,1,function/other,0,,
816,6nths4DHNrs,6nths4DHNrs#F#G,F,libSceAgc,G,libSceAgc,1,function/other,0,,
817,Abendgtz+3o,Abendgtz+3o#F#G,F,libSceAgc,G,libSceAgc,1,function/other,1,sceAgcCbDispatchGetSize,SharpEmu.Libs\Agc\AgcGraphicsSizingV55Exports.cs
818,uZW-mqsxkrM,uZW-mqsxkrM#F#G,F,libSceAgc,G,libSceAgc,1,function/other,1,sceAgcCbBranchGetSize,SharpEmu.Libs\Agc\AgcExports.cs
819,FuVbkyKlf+s,FuVbkyKlf+s#F#G,F,libSceAgc,G,libSceAgc,1,function/other,0,,
820,t7PlZ9nt5Lc,t7PlZ9nt5Lc#F#G,F,libSceAgc,G,libSceAgc,1,function/other,1,sceAgcCbNopGetSize,SharpEmu.Libs\Agc\AgcExports.cs
821,hL7C0IRpWZI,hL7C0IRpWZI#F#G,F,libSceAgc,G,libSceAgc,1,function/other,1,sceAgcCbQueueEndOfPipeActionGetSize,SharpEmu.Libs\Agc\AgcExports.cs
822,bxGoVxpdSPQ,bxGoVxpdSPQ#F#G,F,libSceAgc,G,libSceAgc,1,function/other,0,,
823,JOWmDrl+j20,JOWmDrl+j20#F#G,F,libSceAgc,G,libSceAgc,1,function/other,0,,
824,yUBESvCCJ4I,yUBESvCCJ4I#F#G,F,libSceAgc,G,libSceAgc,1,function/other,0,,
825,TGEZzUWLbrc,TGEZzUWLbrc#F#G,F,libSceAgc,G,libSceAgc,1,function/other,0,,
826,XKKuA6VkSRc,XKKuA6VkSRc#F#G,F,libSceAgc,G,libSceAgc,1,function/other,0,,
827,KT-hTp-Ch14,KT-hTp-Ch14#F#G,F,libSceAgc,G,libSceAgc,1,function/other,1,sceAgcAcbAcquireMem,SharpEmu.Libs\Agc\AgcExports.cs
828,qyM2bxYFPAk,qyM2bxYFPAk#F#G,F,libSceAgc,G,libSceAgc,1,function/other,0,,
829,qzMN2XKGA4k,qzMN2XKGA4k#F#G,F,libSceAgc,G,libSceAgc,1,function/other,0,,
830,j3EtxFkSIhQ,j3EtxFkSIhQ#F#G,F,libSceAgc,G,libSceAgc,1,function/other,1,sceAgcAcbDispatchIndirect,SharpEmu.Libs\Agc\AgcExports.cs
831,-RnpfpxIhec,-RnpfpxIhec#F#G,F,libSceAgc,G,libSceAgc,1,function/other,1,sceAgcAcbDmaData,SharpEmu.Libs\Agc\AgcExports.cs
832,cFazmnXpJOE,cFazmnXpJOE#F#G,F,libSceAgc,G,libSceAgc,1,function/other,1,sceAgcAcbEventWrite,SharpEmu.Libs\Agc\AgcExports.cs
833,e1DFTg+Sd8U,e1DFTg+Sd8U#F#G,F,libSceAgc,G,libSceAgc,1,function/other,1,sceAgcAcbJump,SharpEmu.Libs\Agc\AgcExports.cs
834,eZ4+17OQz4Q,eZ4+17OQz4Q#F#G,F,libSceAgc,G,libSceAgc,1,function/other,1,sceAgcAcbWriteData,SharpEmu.Libs\Agc\AgcExports.cs
835,htn36gPnBk4,htn36gPnBk4#F#G,F,libSceAgc,G,libSceAgc,1,function/other,1,sceAgcAcbWaitRegMem,SharpEmu.Libs\Agc\AgcExports.cs
836,GPbUp9jXQa8,GPbUp9jXQa8#F#G,F,libSceAgc,G,libSceAgc,1,function/other,0,,
837,DwICrVxerkY,DwICrVxerkY#F#G,F,libSceAgc,G,libSceAgc,1,function/other,0,,
838,JrtiDtKeS38,JrtiDtKeS38#F#G,F,libSceAgc,G,libSceAgc,1,function/other,1,sceAgcAcbResetQueue,SharpEmu.Libs\Agc\AgcExports.cs
839,szG7hz2yEhA,szG7hz2yEhA#F#G,F,libSceAgc,G,libSceAgc,1,function/other,0,,
840,gQkqkLttcpw,gQkqkLttcpw#F#G,F,libSceAgc,G,libSceAgc,1,function/other,0,,
841,xAeBOa0A3kk,xAeBOa0A3kk#F#G,F,libSceAgc,G,libSceAgc,1,function/other,0,,
842,pxx-GoOSdw4,pxx-GoOSdw4#F#G,F,libSceAgc,G,libSceAgc,1,function/other,0,,
843,cpCILPya5Zk,cpCILPya5Zk#F#G,F,libSceAgc,G,libSceAgc,1,function/other,1,sceAgcAcbPushMarker,SharpEmu.Libs\Agc\AgcExports.cs
844,8Kly1JrJUlw,8Kly1JrJUlw#F#G,F,libSceAgc,G,libSceAgc,1,function/other,0,,
845,6mFxkVqdmbQ,6mFxkVqdmbQ#F#G,F,libSceAgc,G,libSceAgc,1,function/other,1,sceAgcAcbPopMarker,SharpEmu.Libs\Agc\AgcExports.cs
846,ebixW91gpPw,ebixW91gpPw#F#G,F,libSceAgc,G,libSceAgc,1,function/other,0,,
847,hFQ9pUxoLQ4,hFQ9pUxoLQ4#F#G,F,libSceAgc,G,libSceAgc,1,function/other,0,,
848,q4VuU-QsLOE,q4VuU-QsLOE#F#G,F,libSceAgc,G,libSceAgc,1,function/other,0,,
849,rVOmPz2RBlg,rVOmPz2RBlg#F#G,F,libSceAgc,G,libSceAgc,1,function/other,0,,
850,opR1JeJZCBU,opR1JeJZCBU#F#G,F,libSceAgc,G,libSceAgc,1,function/other,0,,
851,FcgdDM3MB+k,FcgdDM3MB+k#F#G,F,libSceAgc,G,libSceAgc,1,function/other,0,,
852,ewobAQeMo5k,ewobAQeMo5k#F#G,F,libSceAgc,G,libSceAgc,1,function/other,1,sceAgcAcbAcquireMemGetSize,SharpEmu.Libs\Agc\AgcExports.cs
853,hcIxS8pmXF4,hcIxS8pmXF4#F#G,F,libSceAgc,G,libSceAgc,1,function/other,0,,
854,da1Sm8-QDoU,da1Sm8-QDoU#F#G,F,libSceAgc,G,libSceAgc,1,function/other,0,,
855,ozKzBP4aki4,ozKzBP4aki4#F#G,F,libSceAgc,G,libSceAgc,1,function/other,0,,
856,b-oySn+G2tE,b-oySn+G2tE#F#G,F,libSceAgc,G,libSceAgc,1,function/other,1,sceAgcAcbJumpGetSize,SharpEmu.Libs\Agc\AgcExports.cs
857,CbQh3DKMSno,CbQh3DKMSno#F#G,F,libSceAgc,G,libSceAgc,1,function/other,0,,
858,M0ttm8h7SKA,M0ttm8h7SKA#F#G,F,libSceAgc,G,libSceAgc,1,function/other,1,sceAgcAcbDmaDataGetSize,SharpEmu.Libs\Agc\AgcExports.cs
859,PxKWV2fVAps,PxKWV2fVAps#F#G,F,libSceAgc,G,libSceAgc,1,function/other,1,sceAgcAcbDispatchIndirectGetSize,SharpEmu.Libs\Agc\AgcGraphicsSizingV55Exports.cs
860,Y-5vneiBtzk,Y-5vneiBtzk#F#G,F,libSceAgc,G,libSceAgc,1,function/other,0,,
861,eCjKaqeeQ5s,eCjKaqeeQ5s#F#G,F,libSceAgc,G,libSceAgc,1,function/other,0,,
862,0ZOG0jc9nRg,0ZOG0jc9nRg#F#G,F,libSceAgc,G,libSceAgc,1,function/other,0,,
863,idlaArvdXEs,idlaArvdXEs#F#G,F,libSceAgc,G,libSceAgc,1,function/other,0,,
864,F8NLhWvFemI,F8NLhWvFemI#F#G,F,libSceAgc,G,libSceAgc,1,function/other,0,,
865,57labkp+rSQ,57labkp+rSQ#F#G,F,libSceAgc,G,libSceAgc,1,function/other,1,sceAgcDcbAcquireMem,SharpEmu.Libs\Agc\AgcExports.cs
866,1-gUn1PI4Sw,1-gUn1PI4Sw#F#G,F,libSceAgc,G,libSceAgc,1,function/other,0,,
867,qj7QZpgr9Uw,qj7QZpgr9Uw#F#G,F,libSceAgc,G,libSceAgc,1,function/other,1,sceAgcUnknownQj7QZpgr9Uw,SharpEmu.Libs\Agc\AgcExports.cs
868,BIPexNBSGog,BIPexNBSGog#F#G,F,libSceAgc,G,libSceAgc,1,function/other,0,,
869,xSAR0LTcRKM,xSAR0LTcRKM#F#G,F,libSceAgc,G,libSceAgc,1,function/other,1,sceAgcDcbJump,SharpEmu.Libs\Agc\AgcExports.cs
870,1rZSWUv1IRc,1rZSWUv1IRc#F#G,F,libSceAgc,G,libSceAgc,1,function/other,0,,
871,WmAc2MEj6Io,WmAc2MEj6Io#F#G,F,libSceAgc,G,libSceAgc,1,function/other,1,sceAgcDcbDmaData,SharpEmu.Libs\Agc\AgcExports.cs
872,i1jyy49AjXU,i1jyy49AjXU#F#G,F,libSceAgc,G,libSceAgc,1,function/other,1,sceAgcDcbWriteData,SharpEmu.Libs\Agc\AgcExports.cs
873,-HOOCn0JY48,-HOOCn0JY48#F#G,F,libSceAgc,G,libSceAgc,1,function/other,1,sceAgcDcbSetShRegistersIndirect,SharpEmu.Libs\Agc\AgcExports.cs
874,ZvwO9euwYzc,ZvwO9euwYzc#F#G,F,libSceAgc,G,libSceAgc,1,function/other,1,sceAgcDcbSetCxRegistersIndirect,SharpEmu.Libs\Agc\AgcExports.cs
875,hvUfkUIQcOE,hvUfkUIQcOE#F#G,F,libSceAgc,G,libSceAgc,1,function/other,1,sceAgcDcbSetUcRegistersIndirect,SharpEmu.Libs\Agc\AgcExports.cs
876,w4-d0n60hdo,w4-d0n60hdo#F#G,F,libSceAgc,G,libSceAgc,1,function/other,1,sceAgcDcbSetUcRegisterDirect,SharpEmu.Libs\Agc\AgcExports.cs
877,LHFXRrlTPD8,LHFXRrlTPD8#F#G,F,libSceAgc,G,libSceAgc,1,function/other,1,sceAgcDcbSetCxRegisterDirect,SharpEmu.Libs\Agc\AgcExports.cs
878,pFLArOT53+w,pFLArOT53+w#F#G,F,libSceAgc,G,libSceAgc,1,function/other,0,,
879,CtB+A9-VxO0,CtB+A9-VxO0#F#G,F,libSceAgc,G,libSceAgc,1,function/other,1,sceAgcDcbDispatchIndirect,SharpEmu.Libs\Agc\AgcExports.cs
880,Yw0jKSqop+E,Yw0jKSqop+E#F#G,F,libSceAgc,G,libSceAgc,1,function/other,1,sceAgcDcbDrawIndexAuto,SharpEmu.Libs\Agc\AgcExports.cs
881,q88lQ+GP5Yk,q88lQ+GP5Yk#F#G,F,libSceAgc,G,libSceAgc,1,function/other,1,sceAgcDcbDrawIndex,SharpEmu.Libs\Agc\AgcExports.cs
882,B+aG9DUnTKA,B+aG9DUnTKA#F#G,F,libSceAgc,G,libSceAgc,1,function/other,1,sceAgcDcbDrawIndexOffset,SharpEmu.Libs\Agc\AgcExports.cs
883,1q1titRBL6o,1q1titRBL6o#F#G,F,libSceAgc,G,libSceAgc,1,function/other,1,sceAgcDcbDrawIndirect,SharpEmu.Libs\Agc\AgcExports.cs
884,kUlvghKs-mA,kUlvghKs-mA#F#G,F,libSceAgc,G,libSceAgc,1,function/other,0,,
885,ypVBz4uPKcQ,ypVBz4uPKcQ#F#G,F,libSceAgc,G,libSceAgc,1,function/other,1,sceAgcDcbDrawIndexIndirectMulti,SharpEmu.Libs\Agc\AgcExports.cs
886,t1vNu082-jM,t1vNu082-jM#F#G,F,libSceAgc,G,libSceAgc,1,function/other,1,sceAgcDcbDrawIndexIndirect,SharpEmu.Libs\Agc\AgcExports.cs
887,Rlx+bykm0r0,Rlx+bykm0r0#F#G,F,libSceAgc,G,libSceAgc,1,function/other,0,,
888,aJf+j5yntiU,aJf+j5yntiU#F#G,F,libSceAgc,G,libSceAgc,1,function/other,1,sceAgcDcbEventWrite,SharpEmu.Libs\Agc\AgcExports.cs
889,vuSXe69VILM,vuSXe69VILM#F#G,F,libSceAgc,G,libSceAgc,1,function/other,1,sceAgcDcbGetLodStats,SharpEmu.Libs\Agc\AgcExports.cs
890,RmaJwLtc8rY,RmaJwLtc8rY#F#G,F,libSceAgc,G,libSceAgc,1,function/other,1,sceAgcDcbSetBaseIndirectArgs,SharpEmu.Libs\Agc\AgcExports.cs
891,-KRzWekV120,-KRzWekV120#F#G,F,libSceAgc,G,libSceAgc,1,function/other,1,sceAgcDriverUnknown_KRzWekV120,SharpEmu.Libs\Agc\AgcExports.cs
892,l4fM9K-Lyks,l4fM9K-Lyks#F#G,F,libSceAgc,G,libSceAgc,1,function/other,1,sceAgcDcbSetIndexBuffer,SharpEmu.Libs\Agc\AgcExports.cs
893,8N2tmT3jmC8,8N2tmT3jmC8#F#G,F,libSceAgc,G,libSceAgc,1,function/other,1,sceAgcDcbSetIndexCount,SharpEmu.Libs\Agc\AgcExports.cs
894,tSBxhAPyytQ,tSBxhAPyytQ#F#G,F,libSceAgc,G,libSceAgc,1,function/other,1,sceAgcDcbSetNumInstances,SharpEmu.Libs\Agc\AgcExports.cs
895,u2T2DiA5hRI,u2T2DiA5hRI#F#G,F,libSceAgc,G,libSceAgc,1,function/other,1,sceAgcDcbStallCommandBufferParser,SharpEmu.Libs\Agc\AgcExports.cs
896,VmW0Tdpy420,VmW0Tdpy420#F#G,F,libSceAgc,G,libSceAgc,1,function/other,1,sceAgcDcbWaitRegMem,SharpEmu.Libs\Agc\AgcExports.cs
897,zfcxg-ewMK8,zfcxg-ewMK8#F#G,F,libSceAgc,G,libSceAgc,1,function/other,1,sceAgcDcbRewind,SharpEmu.Libs\Agc\AgcExports.cs
898,jt3pl7EN17o,jt3pl7EN17o#F#G,F,libSceAgc,G,libSceAgc,1,function/other,0,,
899,TRO721eVt4g,TRO721eVt4g#F#G,F,libSceAgc,G,libSceAgc,1,function/other,1,sceAgcDcbResetQueue,SharpEmu.Libs\Agc\AgcExports.cs
900,0o3VDdtA6nM,0o3VDdtA6nM#F#G,F,libSceAgc,G,libSceAgc,1,function/other,0,,
901,bbFueFP+J4k,bbFueFP+J4k#F#G,F,libSceAgc,G,libSceAgc,1,function/other,1,sceAgcDcbSetPredication,SharpEmu.Libs\Agc\AgcExports.cs
902,zARR5aCmkoY,zARR5aCmkoY#F#G,F,libSceAgc,G,libSceAgc,1,function/other,0,,
903,MWiElSNE8j8,MWiElSNE8j8#F#G,F,libSceAgc,G,libSceAgc,1,function/other,1,sceAgcDcbWaitUntilSafeForRendering,SharpEmu.Libs\Agc\AgcExports.cs
904,QhCbS4X9Rl8,QhCbS4X9Rl8#F#G,F,libSceAgc,G,libSceAgc,1,function/other,0,,
905,BYcSvEsINWU,BYcSvEsINWU#F#G,F,libSceAgc,G,libSceAgc,1,function/other,0,,
906,+kSrjIVxKFE,+kSrjIVxKFE#F#G,F,libSceAgc,G,libSceAgc,1,function/other,1,sceAgcDcbPushMarker,SharpEmu.Libs\Agc\AgcExports.cs
907,N7M3+N-sBCw,N7M3+N-sBCw#F#G,F,libSceAgc,G,libSceAgc,1,function/other,0,,
908,H7uZqCoNuWk,H7uZqCoNuWk#F#G,F,libSceAgc,G,libSceAgc,1,function/other,1,sceAgcDcbPopMarker,SharpEmu.Libs\Agc\AgcExports.cs
909,YUeqkyT7mEQ,YUeqkyT7mEQ#F#G,F,libSceAgc,G,libSceAgc,1,function/other,1,sceAgcDcbSetFlip,SharpEmu.Libs\Agc\AgcExports.cs
910,G0jrLdvEqDw,G0jrLdvEqDw#F#G,F,libSceAgc,G,libSceAgc,1,function/other,0,,
911,LFSPFmGc9Hg,LFSPFmGc9Hg#F#G,F,libSceAgc,G,libSceAgc,1,function/other,0,,
912,hEK26Wdny6s,hEK26Wdny6s#F#G,F,libSceAgc,G,libSceAgc,1,function/other,0,,
913,FneFypEDRgY,FneFypEDRgY#F#G,F,libSceAgc,G,libSceAgc,1,function/other,0,,
914,nNlUtdDDvZ0,nNlUtdDDvZ0#F#G,F,libSceAgc,G,libSceAgc,1,function/other,0,,
915,GBCh3zCihoU,GBCh3zCihoU#F#G,F,libSceAgc,G,libSceAgc,1,function/other,0,,
916,UQGTw4xRlcM,UQGTw4xRlcM#F#G,F,libSceAgc,G,libSceAgc,1,function/other,0,,
917,QhPDD513V0w,QhPDD513V0w#F#G,F,libSceAgc,G,libSceAgc,1,function/other,0,,
918,1DeUNpRIDDA,1DeUNpRIDDA#F#G,F,libSceAgc,G,libSceAgc,1,function/other,0,,
919,aP1Ki9G3++4,aP1Ki9G3++4#F#G,F,libSceAgc,G,libSceAgc,1,function/other,1,sceAgcDcbSetUcRegisterDirectGetSize,SharpEmu.Libs\Agc\AgcExports.cs
920,-vnlTPPXPrw,-vnlTPPXPrw#F#G,F,libSceAgc,G,libSceAgc,1,function/other,1,sceAgcDcbAcquireMemGetSize,SharpEmu.Libs\Agc\AgcExports.cs
921,1tB0xkLNjcw,1tB0xkLNjcw#F#G,F,libSceAgc,G,libSceAgc,1,function/other,0,,
922,oz6zQq1JwCE,oz6zQq1JwCE#F#G,F,libSceAgc,G,libSceAgc,1,function/other,0,,
923,ou16V5hh5sg,ou16V5hh5sg#F#G,F,libSceAgc,G,libSceAgc,1,function/other,0,,
924,H6vHS5cidSA,H6vHS5cidSA#F#G,F,libSceAgc,G,libSceAgc,1,function/other,0,,
925,VEGu4dixjUg,VEGu4dixjUg#F#G,F,libSceAgc,G,libSceAgc,1,function/other,1,sceAgcDcbJumpGetSize,SharpEmu.Libs\Agc\AgcExports.cs
926,b5u0Jzm8TF8,b5u0Jzm8TF8#F#G,F,libSceAgc,G,libSceAgc,1,function/other,0,,
927,2ccJz9LQI+w,2ccJz9LQI+w#F#G,F,libSceAgc,G,libSceAgc,1,function/other,1,sceAgcDcbDmaDataGetSize,SharpEmu.Libs\Agc\AgcExports.cs
928,p9tI+yTvx68,p9tI+yTvx68#F#G,F,libSceAgc,G,libSceAgc,1,function/other,0,,
929,zg6u-N6Otxs,zg6u-N6Otxs#F#G,F,libSceAgc,G,libSceAgc,1,function/other,0,,
930,w8HVkEeXPv8,w8HVkEeXPv8#F#G,F,libSceAgc,G,libSceAgc,1,function/other,1,sceAgcDcbDispatchIndirectGetSize,SharpEmu.Libs\Agc\AgcGraphicsSizingV55Exports.cs
931,WrdP9Zxx3lQ,WrdP9Zxx3lQ#F#G,F,libSceAgc,G,libSceAgc,1,function/other,1,sceAgcDcbDrawIndexAutoGetSize,SharpEmu.Libs\Agc\AgcGraphicsSizingV55Exports.cs
932,6ee9Hd3EWXQ,6ee9Hd3EWXQ#F#G,F,libSceAgc,G,libSceAgc,1,function/other,0,,
933,qMlfB1ZhMDc,qMlfB1ZhMDc#F#G,F,libSceAgc,G,libSceAgc,1,function/other,1,sceAgcDcbDrawIndexOffsetGetSize,SharpEmu.Libs\Agc\AgcGraphicsSizingV55Exports.cs
934,cxPZ4Wgvdj8,cxPZ4Wgvdj8#F#G,F,libSceAgc,G,libSceAgc,1,function/other,1,sceAgcDcbDrawIndirectGetSize,SharpEmu.Libs\Agc\AgcGraphicsSizingV55Exports.cs
935,pYoKs3lPy88,pYoKs3lPy88#F#G,F,libSceAgc,G,libSceAgc,1,function/other,0,,
936,r98I08t+LOg,r98I08t+LOg#F#G,F,libSceAgc,G,libSceAgc,1,function/other,1,sceAgcDcbDrawIndexIndirectMultiGetSize,SharpEmu.Libs\Agc\AgcExports.cs
937,mStuvI0zOtc,mStuvI0zOtc#F#G,F,libSceAgc,G,libSceAgc,1,function/other,1,sceAgcDcbDrawIndexIndirectGetSize,SharpEmu.Libs\Agc\AgcExports.cs
938,mR9j7+SfM34,mR9j7+SfM34#F#G,F,libSceAgc,G,libSceAgc,1,function/other,0,,
939,C4l9fB17t8w,C4l9fB17t8w#F#G,F,libSceAgc,G,libSceAgc,1,function/other,1,sceAgcDcbEventWriteGetSize,SharpEmu.Libs\Agc\AgcGraphicsSizingV55Exports.cs
940,rUuVjyR+Rd4,rUuVjyR+Rd4#F#G,F,libSceAgc,G,libSceAgc,1,function/other,1,sceAgcDcbGetLodStatsGetSize,SharpEmu.Libs\Agc\AgcExports.cs
941,9S4noWrUI0s,9S4noWrUI0s#F#G,F,libSceAgc,G,libSceAgc,1,function/other,0,,
942,MMlmJAL7N5w,MMlmJAL7N5w#F#G,F,libSceAgc,G,libSceAgc,1,function/other,0,,
943,ca4KPvp0qLQ,ca4KPvp0qLQ#F#G,F,libSceAgc,G,libSceAgc,1,function/other,1,sceAgcDcbSetIndexSizeGetSize,SharpEmu.Libs\Agc\AgcGraphicsSizingV55Exports.cs
944,j4emHHndCPY,j4emHHndCPY#F#G,F,libSceAgc,G,libSceAgc,1,function/other,1,sceAgcDcbSetIndexBufferGetSize,SharpEmu.Libs\Agc\AgcGraphicsSizingV55Exports.cs
945,mljzuGDZRQ4,mljzuGDZRQ4#F#G,F,libSceAgc,G,libSceAgc,1,function/other,1,sceAgcDcbSetIndexCountGetSize,SharpEmu.Libs\Agc\AgcExports.cs
946,6DFuRKT4C9w,6DFuRKT4C9w#F#G,F,libSceAgc,G,libSceAgc,1,function/other,1,sceAgcDcbSetNumInstancesGetSize,SharpEmu.Libs\Agc\AgcGraphicsSizingV55Exports.cs
947,+u6dKSLWM2o,+u6dKSLWM2o#F#G,F,libSceAgc,G,libSceAgc,1,function/other,1,sceAgcDcbStallCommandBufferParserGetSize,SharpEmu.Libs\Agc\AgcExports.cs
948,43WJ08sSugE,43WJ08sSugE#F#G,F,libSceAgc,G,libSceAgc,1,function/other,0,,
949,QIXCsbipds0,QIXCsbipds0#F#G,F,libSceAgc,G,libSceAgc,1,function/other,1,sceAgcDcbRewindGetSize,SharpEmu.Libs\Agc\AgcExports.cs
950,ms1xVoZ-Vwc,ms1xVoZ-Vwc#F#G,F,libSceAgc,G,libSceAgc,1,function/other,0,,
951,P1CugZ99Uzc,P1CugZ99Uzc#F#G,F,libSceAgc,G,libSceAgc,1,function/other,0,,
952,XN+Iuu7XsM8,XN+Iuu7XsM8#F#G,F,libSceAgc,G,libSceAgc,1,function/other,0,,
953,yheJGN-ay+A,yheJGN-ay+A#F#G,F,libSceAgc,G,libSceAgc,1,function/other,0,,
954,vLrBL8DQiz8,vLrBL8DQiz8#F#G,F,libSceAgc,G,libSceAgc,1,function/other,0,,
955,KjPeVduz6jU,KjPeVduz6jU#F#G,F,libSceAgc,G,libSceAgc,1,function/other,0,,
956,AFIh8SQkYlQ,AFIh8SQkYlQ#F#G,F,libSceAgc,G,libSceAgc,1,function/other,0,,
957,7Wa3aeJgeVU,7Wa3aeJgeVU#F#G,F,libSceAgc,G,libSceAgc,1,function/other,0,,
958,rP5xLdOf26k,rP5xLdOf26k#F#G,F,libSceAgc,G,libSceAgc,1,function/other,0,,
959,GXBlM-ekzrI,GXBlM-ekzrI#F#G,F,libSceAgc,G,libSceAgc,1,function/other,0,,
960,Ikfdt-rIqCE,Ikfdt-rIqCE#F#G,F,libSceAgc,G,libSceAgc,1,function/other,1,sceUnknownIkfdt,SharpEmu.Libs\Stubs\GameServiceStubs.cs
961,Qrj4c+61z4A,Qrj4c+61z4A#F#G,F,libSceAgc,G,libSceAgc,1,function/other,1,sceAgcSetShRegIndirectPatchSetAddress,SharpEmu.Libs\Agc\AgcExports.cs
962,nCUgItdN2ms,nCUgItdN2ms#F#G,F,libSceAgc,G,libSceAgc,1,function/other,0,,
963,z2duB-hHQSM,z2duB-hHQSM#F#G,F,libSceAgc,G,libSceAgc,1,function/other,1,sceAgcSetShRegIndirectPatchAddRegisters,SharpEmu.Libs\Agc\AgcExports.cs
964,vcmNN+AAXnY,vcmNN+AAXnY#F#G,F,libSceAgc,G,libSceAgc,1,function/other,1,sceAgcSetCxRegIndirectPatchSetAddress,SharpEmu.Libs\Agc\AgcExports.cs
965,whb1RL7K4Ss,whb1RL7K4Ss#F#G,F,libSceAgc,G,libSceAgc,1,function/other,0,,
966,d-6uF9sZDIU,d-6uF9sZDIU#F#G,F,libSceAgc,G,libSceAgc,1,function/other,1,sceAgcSetCxRegIndirectPatchAddRegisters,SharpEmu.Libs\Agc\AgcExports.cs
967,6lNcCp+fxi4,6lNcCp+fxi4#F#G,F,libSceAgc,G,libSceAgc,1,function/other,1,sceAgcSetUcRegIndirectPatchSetAddress,SharpEmu.Libs\Agc\AgcExports.cs
968,fRG-JOH5+sI,fRG-JOH5+sI#F#G,F,libSceAgc,G,libSceAgc,1,function/other,0,,
969,vRoArM9zaIk,vRoArM9zaIk#F#G,F,libSceAgc,G,libSceAgc,1,function/other,1,sceAgcSetUcRegIndirectPatchAddRegisters,SharpEmu.Libs\Agc\AgcExports.cs
970,ORWsxIbk4TE,ORWsxIbk4TE#F#G,F,libSceAgc,G,libSceAgc,1,function/other,0,,
971,YWTKOju587o,YWTKOju587o#F#G,F,libSceAgc,G,libSceAgc,1,function/other,0,,
972,k-JpyR2dYAM,k-JpyR2dYAM#F#G,F,libSceAgc,G,libSceAgc,1,function/other,0,,
973,3ZWa3AoyWZQ,3ZWa3AoyWZQ#F#G,F,libSceAgc,G,libSceAgc,1,function/other,0,,
974,ziVA3whp3p4,ziVA3whp3p4#F#G,F,libSceAgc,G,libSceAgc,1,function/other,1,sceAgcRewindPatchSetRewindState,SharpEmu.Libs\Agc\AgcExports.cs
975,eWaWyFegzgQ,eWaWyFegzgQ#F#G,F,libSceAgc,G,libSceAgc,1,function/other,0,,
976,w6Dj1VJt5qY,w6Dj1VJt5qY#F#G,F,libSceAgc,G,libSceAgc,1,function/other,1,sceAgcSetPacketPredication,SharpEmu.Libs\Agc\AgcExports.cs
977,n8vgpaQg6dA,n8vgpaQg6dA#F#G,F,libSceAgc,G,libSceAgc,1,function/other,0,,
978,Lkf86B98qPc,Lkf86B98qPc#F#G,F,libSceAgc,G,libSceAgc,1,function/other,0,,
979,K2mciNVxUCE,K2mciNVxUCE#F#G,F,libSceAgc,G,libSceAgc,1,function/other,0,,
980,V++UgBtQhn0,V++UgBtQhn0#F#G,F,libSceAgc,G,libSceAgc,1,function/other,1,sceAgcGetDataPacketPayloadAddress,SharpEmu.Libs\Agc\AgcExports.cs
981,s+VGAMDQ0AQ,s+VGAMDQ0AQ#F#G,F,libSceAgc,G,libSceAgc,1,function/other,0,,
982,IxYiarKlXxM,IxYiarKlXxM#F#G,F,libSceAgc,G,libSceAgc,1,function/other,1,sceAgcDmaDataPatchSetDstAddressOrOffset,SharpEmu.Libs\Agc\AgcExports.cs
983,cdDRpqcFGbU,cdDRpqcFGbU#F#G,F,libSceAgc,G,libSceAgc,1,function/other,1,sceAgcDmaDataPatchSetSrcAddressOrOffsetOrImmediate,SharpEmu.Libs\Agc\AgcExports.cs
984,3KDcnM3lrcU,3KDcnM3lrcU#F#G,F,libSceAgc,G,libSceAgc,1,function/other,1,sceAgcWaitRegMemPatchAddress,SharpEmu.Libs\Agc\AgcExports.cs
985,n485EBnIWmk,n485EBnIWmk#F#G,F,libSceAgc,G,libSceAgc,1,function/other,1,sceAgcWaitRegMemPatchCompareFunction,SharpEmu.Libs\Agc\AgcExports.cs
986,7nOoijNPvEU,7nOoijNPvEU#F#G,F,libSceAgc,G,libSceAgc,1,function/other,1,sceAgcWaitRegMemPatchReference,SharpEmu.Libs\Agc\AgcExports.cs
987,0fWWK5uG9rQ,0fWWK5uG9rQ#F#G,F,libSceAgc,G,libSceAgc,1,function/other,1,sceAgcQueueEndOfPipeActionPatchAddress,SharpEmu.Libs\Agc\AgcExports.cs
988,J8YCgfKAMQs,J8YCgfKAMQs#F#G,F,libSceAgc,G,libSceAgc,1,function/other,1,sceAgcQueueEndOfPipeActionPatchGcrCntl,SharpEmu.Libs\Agc\AgcExports.cs
989,MlEw1feXcjg,MlEw1feXcjg#F#G,F,libSceAgc,G,libSceAgc,1,function/other,1,sceAgcQueueEndOfPipeActionPatchData,SharpEmu.Libs\Agc\AgcExports.cs
990,T9fjQIINoeE,T9fjQIINoeE#F#G,F,libSceAgc,G,libSceAgc,1,function/other,1,sceAgcQueueEndOfPipeActionPatchType,SharpEmu.Libs\Agc\AgcExports.cs
991,W0WEyog0f74,W0WEyog0f74#F#G,F,libSceAgc,G,libSceAgc,1,function/other,0,,
992,fPSCdQxgpSw,fPSCdQxgpSw#F#G,F,libSceAgc,G,libSceAgc,1,function/other,1,sceAgcWriteDataPatchSetAddressOrOffset,SharpEmu.Libs\Agc\AgcExports.cs
993,eAy8eGNsCuU,eAy8eGNsCuU#F#G,F,libSceAgc,G,libSceAgc,1,function/other,1,sceAgcWriteDataPatchSetCachePolicy,SharpEmu.Libs\Agc\AgcExports.cs
994,tmy-+rBpspY,tmy-+rBpspY#F#G,F,libSceAgc,G,libSceAgc,1,function/other,1,sceAgcWriteDataPatchSetDst,SharpEmu.Libs\Agc\AgcExports.cs
995,d4NZIlguzv0,d4NZIlguzv0#F#G,F,libSceAgc,G,libSceAgc,1,function/other,0,,
996,y5K5tPktiL8,y5K5tPktiL8#F#G,F,libSceAgc,G,libSceAgc,1,function/other,0,,
997,EJBA4dbmvfg,EJBA4dbmvfg#F#G,F,libSceAgc,G,libSceAgc,1,function/other,0,,
998,8aI7R7WaOlc,8aI7R7WaOlc#z#w,z,libSceAmpr,w,libSceAmpr,1,function/other,1,sceAmprCommandBufferConstructor,SharpEmu.Libs\Ampr\AmprExports.cs
999,GuchCTefuZw,GuchCTefuZw#z#w,z,libSceAmpr,w,libSceAmpr,1,function/other,1,sceAmprCommandBufferDestructor,SharpEmu.Libs\Ampr\AmprExports.cs
1000,baQO9ez2gL4,baQO9ez2gL4#z#w,z,libSceAmpr,w,libSceAmpr,1,function/other,1,sceAmprCommandBufferReset,SharpEmu.Libs\Ampr\AmprExports.cs
1001,N-FSPA4S3nI,N-FSPA4S3nI#z#w,z,libSceAmpr,w,libSceAmpr,1,function/other,1,sceAmprCommandBufferSetBuffer,SharpEmu.Libs\Ampr\AmprExports.cs
1002,ULvXMDz56po,ULvXMDz56po#z#w,z,libSceAmpr,w,libSceAmpr,1,function/other,1,sceAmprCommandBufferClearBuffer,SharpEmu.Libs\Ampr\AmprExports.cs
1003,VEDMaQmJZng,VEDMaQmJZng#z#w,z,libSceAmpr,w,libSceAmpr,1,function/other,0,,
1004,tZDDEo2tE5k,tZDDEo2tE5k#z#w,z,libSceAmpr,w,libSceAmpr,1,function/other,1,sceAmprCommandBufferGetSize,SharpEmu.Libs\Ampr\AmprExports.cs
1005,RPCAhx-aabE,RPCAhx-aabE#z#w,z,libSceAmpr,w,libSceAmpr,1,function/other,1,sceAmprCommandBufferGetBufferBaseAddress,SharpEmu.Libs\Ampr\AmprExports.cs
1006,gzndltBEzWc,gzndltBEzWc#z#w,z,libSceAmpr,w,libSceAmpr,1,function/other,1,sceAmprCommandBufferGetNumCommands,SharpEmu.Libs\Ampr\AmprExports.cs
1007,GnxKOHEawhk,GnxKOHEawhk#z#w,z,libSceAmpr,w,libSceAmpr,1,function/other,1,sceAmprCommandBufferGetCurrentOffset,SharpEmu.Libs\Ampr\AmprExports.cs
1008,DLfoNxTFNVk,DLfoNxTFNVk#z#w,z,libSceAmpr,w,libSceAmpr,1,function/other,0,,
1009,cQb8Zr8Q0Y0,cQb8Zr8Q0Y0#z#w,z,libSceAmpr,w,libSceAmpr,1,function/other,0,,
1010,j0+3uJMxYJY,j0+3uJMxYJY#z#w,z,libSceAmpr,w,libSceAmpr,1,function/other,1,sceAmprCommandBufferWriteAddress_04_00,SharpEmu.Libs\Ampr\AmprExports.cs
1011,bt3LHR9xjK4,bt3LHR9xjK4#z#w,z,libSceAmpr,w,libSceAmpr,1,function/other,0,,
1012,t4ExS+SwLjs,t4ExS+SwLjs#z#w,z,libSceAmpr,w,libSceAmpr,1,function/other,0,,
1013,enZm-6GjWqw,enZm-6GjWqw#z#w,z,libSceAmpr,w,libSceAmpr,1,function/other,0,,
1014,jK+yuYCI7MA,jK+yuYCI7MA#z#w,z,libSceAmpr,w,libSceAmpr,1,function/other,0,,
1015,H896Pt-yB4I,H896Pt-yB4I#z#w,z,libSceAmpr,w,libSceAmpr,1,function/other,1,sceAmprCommandBufferWriteKernelEventQueue_04_00,SharpEmu.Libs\Ampr\AmprExports.cs
1016,GmOguNIsuKk,GmOguNIsuKk#z#w,z,libSceAmpr,w,libSceAmpr,1,function/other,0,,
1017,tNn5WBkta60,tNn5WBkta60#z#w,z,libSceAmpr,w,libSceAmpr,1,function/other,0,,
1018,pFQ9UHpO52s,pFQ9UHpO52s#z#w,z,libSceAmpr,w,libSceAmpr,1,function/other,0,,
1019,4UkZbYKVF7c,4UkZbYKVF7c#z#w,z,libSceAmpr,w,libSceAmpr,1,function/other,0,,
1020,sWbST0oQKsc,sWbST0oQKsc#z#w,z,libSceAmpr,w,libSceAmpr,1,function/other,0,,
1021,4quckD2y7Pg,4quckD2y7Pg#z#w,z,libSceAmpr,w,libSceAmpr,1,function/other,0,,
1022,f12ObAMEi9A,f12ObAMEi9A#z#w,z,libSceAmpr,w,libSceAmpr,1,function/other,0,,
1023,dXPaz65HNmk,dXPaz65HNmk#z#w,z,libSceAmpr,w,libSceAmpr,1,function/other,0,,
1024,mv0O8Zg0woU,mv0O8Zg0woU#z#w,z,libSceAmpr,w,libSceAmpr,1,function/other,0,,
1025,a8uLzYY--tM,a8uLzYY--tM#z#w,z,libSceAmpr,w,libSceAmpr,1,function/other,1,sceAmprAprCommandBufferConstructor,SharpEmu.Libs\Ampr\AmprExports.cs
1026,Qs1xtplKo0U,Qs1xtplKo0U#z#w,z,libSceAmpr,w,libSceAmpr,1,function/other,1,sceAmprAprCommandBufferDestructor,SharpEmu.Libs\Ampr\AmprExports.cs
1027,mQ16-QdKv7k,mQ16-QdKv7k#z#w,z,libSceAmpr,w,libSceAmpr,1,function/other,1,sceAmprAprCommandBufferReadFile,SharpEmu.Libs\Ampr\AmprExports.cs
1028,mZSbNJVJpV8,mZSbNJVJpV8#z#w,z,libSceAmpr,w,libSceAmpr,1,function/other,0,,
1029,Jg-AgkdJHkk,Jg-AgkdJHkk#z#w,z,libSceAmpr,w,libSceAmpr,1,function/other,0,,
1030,BVmR1H8l+XI,BVmR1H8l+XI#z#w,z,libSceAmpr,w,libSceAmpr,1,function/other,0,,
1031,YPxkUDhgoNI,YPxkUDhgoNI#z#w,z,libSceAmpr,w,libSceAmpr,1,function/other,0,,
1032,Eul7AGEpjLo,Eul7AGEpjLo#z#w,z,libSceAmpr,w,libSceAmpr,1,function/other,0,,
1033,bFEs0Gs6D2A,bFEs0Gs6D2A#z#w,z,libSceAmpr,w,libSceAmpr,1,function/other,0,,
1034,X169CE6G3Y4,X169CE6G3Y4#z#w,z,libSceAmpr,w,libSceAmpr,1,function/other,0,,
1035,WT-5NKy42fw,WT-5NKy42fw#u#a,u,libkernel,a,libkernel,1,function/other,1,sceKernelAprResolveFilepathsToIds,SharpEmu.Libs\Kernel\KernelMemoryCompatExports.cs
1036,gEpBkcwxUjw,gEpBkcwxUjw#u#a,u,libkernel,a,libkernel,1,function/other,1,sceKernelAprResolveFilepathsToIdsAndFileSizes,SharpEmu.Libs\Kernel\KernelMemoryCompatExports.cs
1037,i3HWvW35jao,i3HWvW35jao#u#a,u,libkernel,a,libkernel,1,function/other,0,,
1038,w5fcCG+t31g,w5fcCG+t31g#u#a,u,libkernel,a,libkernel,1,function/other,1,sceKernelAprResolveFilepathsWithPrefixToIdsAndFileSizes,SharpEmu.Libs\Kernel\KernelMemoryCompatExports.cs
1039,eYAh2vlCY-U,eYAh2vlCY-U#u#a,u,libkernel,a,libkernel,1,function/other,0,,
1040,QzB4O+bJQyA,QzB4O+bJQyA#u#a,u,libkernel,a,libkernel,1,function/other,0,,
1041,VB-BtuIW8Xc,VB-BtuIW8Xc#u#a,u,libkernel,a,libkernel,1,function/other,0,,
1042,C+Khtbbx2g8,C+Khtbbx2g8#u#a,u,libkernel,a,libkernel,1,function/other,0,,
1043,WvEu7yl3Ivg,WvEu7yl3Ivg#u#a,u,libkernel,a,libkernel,1,function/other,1,sceKernelAprGetFileSize,SharpEmu.Libs\Kernel\KernelAprCompatExports.cs
1044,ApkYaHb8Sek,ApkYaHb8Sek#u#a,u,libkernel,a,libkernel,1,function/other,1,sceKernelAprGetFileStat,SharpEmu.Libs\Kernel\KernelMemoryCompatExports.cs
1045,eE4Szl8sil8,eE4Szl8sil8#u#a,u,libkernel,a,libkernel,1,function/other,1,sceKernelAprSubmitCommandBuffer,SharpEmu.Libs\Kernel\KernelAprCompatExports.cs
1046,qvMUCyyaCSI,qvMUCyyaCSI#u#a,u,libkernel,a,libkernel,1,function/other,1,sceKernelAprSubmitCommandBufferAndGetId,SharpEmu.Libs\Kernel\KernelAprCompatExports.cs
1047,ASoW5WE-UPo,ASoW5WE-UPo#u#a,u,libkernel,a,libkernel,1,function/other,1,sceKernelAprSubmitCommandBufferAndGetResult,SharpEmu.Libs\Kernel\KernelAprCompatExports.cs
1048,rqwFKI4PAiM,rqwFKI4PAiM#u#a,u,libkernel,a,libkernel,1,function/other,1,sceKernelAprWaitCommandBuffer,SharpEmu.Libs\Kernel\KernelAprCompatExports.cs
1049,0BMj1hgG+kE,0BMj1hgG+kE#z#w,z,libSceAmpr,w,libSceAmpr,1,function/other,0,,
1050,ClnsFLLLcss,ClnsFLLLcss#z#w,z,libSceAmpr,w,libSceAmpr,1,function/other,0,,
1051,4fgtGfXDrFc,4fgtGfXDrFc#z#w,z,libSceAmpr,w,libSceAmpr,1,function/other,1,sceAmprMeasureCommandSizeWriteAddress_04_00,SharpEmu.Libs\Ampr\AmprExports.cs
1052,gAtc79UTt5E,gAtc79UTt5E#z#w,z,libSceAmpr,w,libSceAmpr,1,function/other,0,,
1053,JYd9g9L+TmE,JYd9g9L+TmE#z#w,z,libSceAmpr,w,libSceAmpr,1,function/other,0,,
1054,2Hw8gjMdwSY,2Hw8gjMdwSY#z#w,z,libSceAmpr,w,libSceAmpr,1,function/other,0,,
1055,I-Qm+MEso5c,I-Qm+MEso5c#z#w,z,libSceAmpr,w,libSceAmpr,1,function/other,0,,
1056,sSAUCCU1dv4,sSAUCCU1dv4#z#w,z,libSceAmpr,w,libSceAmpr,1,function/other,1,sceAmprMeasureCommandSizeWriteKernelEventQueue_04_00,SharpEmu.Libs\Ampr\AmprExports.cs
1057,NNIZ-FMyz3M,NNIZ-FMyz3M#z#w,z,libSceAmpr,w,libSceAmpr,1,function/other,0,,
1058,Xp85BP3+BBI,Xp85BP3+BBI#z#w,z,libSceAmpr,w,libSceAmpr,1,function/other,0,,
1059,vWU-odnS+fU,vWU-odnS+fU#z#w,z,libSceAmpr,w,libSceAmpr,1,function/other,1,sceAmprMeasureCommandSizeReadFile,SharpEmu.Libs\Ampr\AmprExports.cs
1060,qesF88X4DRg,qesF88X4DRg#z#w,z,libSceAmpr,w,libSceAmpr,1,function/other,0,,
1061,7nXGDGMXSqo,7nXGDGMXSqo#z#w,z,libSceAmpr,w,libSceAmpr,1,function/other,0,,
1062,DXmgc5op8Yw,DXmgc5op8Yw#z#w,z,libSceAmpr,w,libSceAmpr,1,function/other,0,,
1063,rddQYXM0CjM,rddQYXM0CjM#z#w,z,libSceAmpr,w,libSceAmpr,1,function/other,0,,
1064,kdFImtTD0hc,kdFImtTD0hc#z#w,z,libSceAmpr,w,libSceAmpr,1,function/other,0,,
1065,qvbdJc7bG+s,qvbdJc7bG+s#z#w,z,libSceAmpr,w,libSceAmpr,1,function/other,0,,
1066,iwTNhyaemnw,iwTNhyaemnw#z#w,z,libSceAmpr,w,libSceAmpr,1,function/other,0,,
1067,tmfr97+ED5I,tmfr97+ED5I#z#w,z,libSceAmpr,w,libSceAmpr,1,function/other,0,,
1068,VGkEj4d6-Kg,VGkEj4d6-Kg#z#w,z,libSceAmpr,w,libSceAmpr,1,function/other,0,,
1069,3OfeY4pzDV0,3OfeY4pzDV0#z#w,z,libSceAmpr,w,libSceAmpr,1,function/other,0,,
1070,0RdLmAh7WVo,0RdLmAh7WVo#z#w,z,libSceAmpr,w,libSceAmpr,1,function/other,0,,
1071,pbnNnahE8vk,pbnNnahE8vk#z#w,z,libSceAmpr,w,libSceAmpr,1,function/other,0,,
1072,w21YgGGNtBk,w21YgGGNtBk#L#M,L,libSceNet,M,libSceNet,1,function/other,0,,
1073,zJGf8xjFnQE,zJGf8xjFnQE#L#M,L,libSceNet,M,libSceNet,1,function/other,0,,
1074,DOwXL+FQMEY,DOwXL+FQMEY#P#Q,P,libSceSsl,Q,libSceSsl,1,function/other,0,,
1075,EY28T2bkN7k,EY28T2bkN7k#Q#R,Q,libSceHttp,R,libSceHttp,1,function/other,0,,
1076,4I8vEpuEhZ8,4I8vEpuEhZ8#Q#R,Q,libSceHttp,R,libSceHttp,1,function/other,1,sceHttpDeleteTemplate,SharpEmu.Libs\Network\HttpExports.cs
1077,6381dWF+xsQ,6381dWF+xsQ#Q#R,Q,libSceHttp,R,libSceHttp,1,function/other,0,,
1078,htyBOoWeS58,htyBOoWeS58#Q#R,Q,libSceHttp,R,libSceHttp,1,function/other,0,,
1079,P5pdoykPYTk,P5pdoykPYTk#Q#R,Q,libSceHttp,R,libSceHttp,1,function/other,0,,
1080,P6A3ytpsiYc,P6A3ytpsiYc#Q#R,Q,libSceHttp,R,libSceHttp,1,function/other,0,,
1081,-xm7kZQNpHI,-xm7kZQNpHI#Q#R,Q,libSceHttp,R,libSceHttp,1,function/other,0,,
1082,0a2TBNfE3BU,0a2TBNfE3BU#Q#R,Q,libSceHttp,R,libSceHttp,1,function/other,0,,
1083,qISjDHrxONc,qISjDHrxONc#Q#R,Q,libSceHttp,R,libSceHttp,1,function/other,0,,
1084,qgxDBjorUxs,qgxDBjorUxs#Q#R,Q,libSceHttp,R,libSceHttp,1,function/other,0,,
1085,Ik-KpLTlf7Q,Ik-KpLTlf7Q#Q#R,Q,libSceHttp,R,libSceHttp,1,function/other,1,sceHttpTerm,SharpEmu.Libs\Network\HttpExports.cs
1086,yuO2H2Uvnos,yuO2H2Uvnos#Q#R,Q,libSceHttp,R,libSceHttp,1,function/other,0,,
1087,wYhXVfS2Et4,wYhXVfS2Et4#Q#R,Q,libSceHttp,R,libSceHttp,1,function/other,0,,
1088,59tL1AQBb8U,59tL1AQBb8U#Q#R,Q,libSceHttp,R,libSceHttp,1,function/other,0,,
1089,s2-NPIvz+iA,s2-NPIvz+iA#Q#R,Q,libSceHttp,R,libSceHttp,1,function/other,0,,
1090,PDxS48xGQLs,PDxS48xGQLs#Q#R,Q,libSceHttp,R,libSceHttp,1,function/other,0,,
1091,qe7oZ+v4PWA,qe7oZ+v4PWA#Q#R,Q,libSceHttp,R,libSceHttp,1,function/other,0,,
1092,A9cVMUtEp4Y,A9cVMUtEp4Y#Q#R,Q,libSceHttp,R,libSceHttp,1,function/other,1,sceHttpInit,SharpEmu.Libs\Network\HttpExports.cs
1093,Aeu5wVKkF9w,Aeu5wVKkF9w#Q#R,Q,libSceHttp,R,libSceHttp,1,function/other,0,,
1094,hvG6GfBMXg8,hvG6GfBMXg8#Q#R,Q,libSceHttp,R,libSceHttp,1,function/other,0,,
1095,0gYjPTR-6cY,0gYjPTR-6cY#Q#R,Q,libSceHttp,R,libSceHttp,1,function/other,1,sceHttpCreateTemplate,SharpEmu.Libs\Network\HttpExports.cs
1096,1e2BNwI-XzE,1e2BNwI-XzE#Q#R,Q,libSceHttp,R,libSceHttp,1,function/other,0,,
1097,Xs9hdiD7sAA,Xs9hdiD7sAA#Z#a,Z,libScePosix,a,libkernel,1,function/other,1,pthread_setschedparam,SharpEmu.Libs\Kernel\KernelPthreadExtendedCompatExports.cs
1098,FIs3-UQT9sg,FIs3-UQT9sg#Z#a,Z,libScePosix,a,libkernel,1,function/other,1,pthread_getschedparam,SharpEmu.Libs\Kernel\KernelPthreadExtendedCompatExports.cs
1099,EotR8a3ASf4,EotR8a3ASf4#Z#a,Z,libScePosix,a,libkernel,1,function/other,1,pthread_self,SharpEmu.Libs\Kernel\KernelPthreadCompatExports.cs
1100,ekNvsT22rsY,ekNvsT22rsY#a#b,a,libSceAudioOut,b,libSceAudioOut,1,function/other,1,sceAudioOutOpen,SharpEmu.Libs\Audio\AudioOutExports.cs
1101,b+uAV89IlxE,b+uAV89IlxE#a#b,a,libSceAudioOut,b,libSceAudioOut,1,function/other,1,sceAudioOutSetVolume,SharpEmu.Libs\Audio\AudioOutExports.cs
1102,s1--uE9mBFw,s1--uE9mBFw#a#b,a,libSceAudioOut,b,libSceAudioOut,1,function/other,1,sceAudioOutClose,SharpEmu.Libs\Audio\AudioOutExports.cs
1103,QOQtbeDqsT4,QOQtbeDqsT4#a#b,a,libSceAudioOut,b,libSceAudioOut,1,function/other,1,sceAudioOutOutput,SharpEmu.Libs\Audio\AudioOutExports.cs
1104,uJ3m8INuikg,uJ3m8INuikg#b#c,b,libSceAjm,c,libSceAjm,1,function/other,1,sceAjmBatchJobClearContext,SharpEmu.Libs\Audio\AjmExports.cs
1105,Z9NVCesiP0Q,Z9NVCesiP0Q#b#c,b,libSceAjm,c,libSceAjm,1,function/other,1,sceAjmBatchJobRunSplit,SharpEmu.Libs\Audio\AjmExports.cs
1106,-qLsfDAywIY,-qLsfDAywIY#b#c,b,libSceAjm,c,libSceAjm,1,function/other,1,sceAjmBatchWait,SharpEmu.Libs\Audio\AjmExports.cs
1107,MmpF1XsQiHw,MmpF1XsQiHw#b#c,b,libSceAjm,c,libSceAjm,1,function/other,1,sceAjmBatchInitialize,SharpEmu.Libs\Audio\AjmExports.cs
1108,eDFeTyi+G3Y,eDFeTyi+G3Y#b#c,b,libSceAjm,c,libSceAjm,1,function/other,0,,
1109,bkRHEYG6lEM,bkRHEYG6lEM#b#c,b,libSceAjm,c,libSceAjm,1,function/other,1,sceAjmMemoryRegister,SharpEmu.Libs\Audio\AjmExports.cs
1110,MHur6qCsUus,MHur6qCsUus#b#c,b,libSceAjm,c,libSceAjm,1,function/other,1,sceAjmFinalize,SharpEmu.Libs\Audio\AjmExports.cs
1111,AxoDrINp4J8,AxoDrINp4J8#b#c,b,libSceAjm,c,libSceAjm,1,function/other,1,sceAjmInstanceCreate,SharpEmu.Libs\Audio\AjmExports.cs
1112,ezM2OhNxzck,ezM2OhNxzck#b#c,b,libSceAjm,c,libSceAjm,1,function/other,1,sceAjmBatchJobInitialize,SharpEmu.Libs\Audio\AjmExports.cs
1113,WfAiBW8Wcek,WfAiBW8Wcek#b#c,b,libSceAjm,c,libSceAjm,1,function/other,0,,
1114,1t3ixYNXyuc,1t3ixYNXyuc#b#c,b,libSceAjm,c,libSceAjm,1,function/other,1,sceAjmDecAt9ParseConfigData,SharpEmu.Libs\Audio\AjmExports.cs
1115,Wi7DtlLV+KI,Wi7DtlLV+KI#b#c,b,libSceAjm,c,libSceAjm,1,function/other,1,sceAjmModuleUnregister,SharpEmu.Libs\Audio\AjmExports.cs
1116,3cAg7xN995U,3cAg7xN995U#b#c,b,libSceAjm,c,libSceAjm,1,function/other,1,sceAjmBatchJobGetStatistics,SharpEmu.Libs\Audio\AjmExports.cs
1117,pIpGiaYkHkM,pIpGiaYkHkM#b#c,b,libSceAjm,c,libSceAjm,1,function/other,1,sceAjmMemoryUnregister,SharpEmu.Libs\Audio\AjmExports.cs
1118,SkEwpiu3tZg,SkEwpiu3tZg#b#c,b,libSceAjm,c,libSceAjm,1,function/other,1,sceAjmBatchJobSetGaplessDecode,SharpEmu.Libs\Audio\AjmExports.cs
1119,Q3dyFuwGn64,Q3dyFuwGn64#b#c,b,libSceAjm,c,libSceAjm,1,function/other,1,sceAjmModuleRegister,SharpEmu.Libs\Audio\AjmExports.cs
1120,RbLbuKv8zho,RbLbuKv8zho#b#c,b,libSceAjm,c,libSceAjm,1,function/other,1,sceAjmInstanceDestroy,SharpEmu.Libs\Audio\AjmExports.cs
1121,dl+4eHSzUu4,dl+4eHSzUu4#b#c,b,libSceAjm,c,libSceAjm,1,function/other,1,sceAjmInitialize,SharpEmu.Libs\Ajm\AjmExports.cs
1122,5tOfnaClcqM,5tOfnaClcqM#b#c,b,libSceAjm,c,libSceAjm,1,function/other,1,sceAjmBatchStart,SharpEmu.Libs\Audio\AjmExports.cs
1123,JGgj7Uvrl+A,JGgj7Uvrl+A#u#a,u,libkernel,a,libkernel,1,function/other,1,scePthreadCondBroadcast,SharpEmu.Libs\Kernel\KernelPthreadCompatExports.cs
1124,1tKyG7RlMJo,1tKyG7RlMJo#u#a,u,libkernel,a,libkernel,1,function/other,1,scePthreadGetprio,SharpEmu.Libs\Kernel\KernelPthreadExtendedCompatExports.cs
1125,-2IRUCO--PM,-2IRUCO--PM#u#a,u,libkernel,a,libkernel,1,function/other,1,sceKernelReadTsc,SharpEmu.Libs\Kernel\KernelRuntimeCompatExports.cs
1126,2X5agFjKxMc,2X5agFjKxMc#v#s,v,libc,s,libc,1,function/other,1,calloc,SharpEmu.Libs\Kernel\KernelMemoryCompatExports.cs
1127,-QgqOT5u2Vk,-QgqOT5u2Vk#v#s,v,libc,s,libc,1,function/other,0,,
1128,pDmme7Bgm6E,pDmme7Bgm6E#t#b,t,libSceAudioOut2,b,libSceAudioOut,1,function/other,1,sceAudioOut2ContextQueryMemory,SharpEmu.Libs\Audio\AudioOut2Exports.cs
1129,aII9h5nli9U,aII9h5nli9U#t#b,t,libSceAudioOut2,b,libSceAudioOut,1,function/other,1,sceAudioOut2ContextPush,SharpEmu.Libs\Audio\AudioOut2Exports.cs
1130,R7d0F1g2qsU,R7d0F1g2qsU#t#b,t,libSceAudioOut2,b,libSceAudioOut,1,function/other,1,sceAudioOut2ContextGetQueueLevel,SharpEmu.Libs\Audio\AudioOut2Exports.cs
1131,cd+Rtw+D1x8,cd+Rtw+D1x8#t#b,t,libSceAudioOut2,b,libSceAudioOut,1,function/other,1,sceAudioOut2PortDestroy,SharpEmu.Libs\Audio\AudioOut2Exports.cs
1132,xywYcRB7nbQ,xywYcRB7nbQ#t#b,t,libSceAudioOut2,b,libSceAudioOut,1,function/other,1,sceAudioOut2UserCreate,SharpEmu.Libs\Audio\AudioOut2Exports.cs
1133,t5YrizufpQc,t5YrizufpQc#t#b,t,libSceAudioOut2,b,libSceAudioOut,1,function/other,1,sceAudioOut2ContextResetParam,SharpEmu.Libs\Audio\AudioOut2Exports.cs
1134,JK2wamZPzwM,JK2wamZPzwM#t#b,t,libSceAudioOut2,b,libSceAudioOut,1,function/other,1,sceAudioOut2PortCreate,SharpEmu.Libs\Audio\AudioOut2Exports.cs
1135,g2tViFIohHE,g2tViFIohHE#t#b,t,libSceAudioOut2,b,libSceAudioOut,1,function/other,1,sceAudioOut2Initialize,SharpEmu.Libs\Audio\AudioOut2Exports.cs
1136,DImz2Ft9E2g,DImz2Ft9E2g#t#b,t,libSceAudioOut2,b,libSceAudioOut,1,function/other,1,sceAudioOut2GetSpeakerInfo,SharpEmu.Libs\Audio\AudioOut2Exports.cs
1137,gatEUKG+Ea4,gatEUKG+Ea4#t#b,t,libSceAudioOut2,b,libSceAudioOut,1,function/other,1,sceAudioOut2PortGetState,SharpEmu.Libs\Audio\AudioOut2Exports.cs
1138,PE2zHMqLSHs,PE2zHMqLSHs#t#b,t,libSceAudioOut2,b,libSceAudioOut,1,function/other,1,sceAudioOut2ContextAdvance,SharpEmu.Libs\Audio\AudioOut2Exports.cs
1139,0x6o1VVAYSY,0x6o1VVAYSY#t#b,t,libSceAudioOut2,b,libSceAudioOut,1,function/other,1,sceAudioOut2ContextCreate,SharpEmu.Libs\Audio\AudioOut2Exports.cs
1140,8XTArSPyWHk,8XTArSPyWHk#t#b,t,libSceAudioOut2,b,libSceAudioOut,1,function/other,1,sceAudioOut2PortSetAttributes,SharpEmu.Libs\Audio\AudioOut2Exports.cs
1141,IaZXJ9M79uo,IaZXJ9M79uo#t#b,t,libSceAudioOut2,b,libSceAudioOut,1,function/other,1,sceAudioOut2UserDestroy,SharpEmu.Libs\Audio\AudioOut2Exports.cs
1142,on6ZH7Abo10,on6ZH7Abo10#t#b,t,libSceAudioOut2,b,libSceAudioOut,1,function/other,1,sceAudioOut2ContextDestroy,SharpEmu.Libs\Audio\AudioOut2Exports.cs
1143,lA94ZgT+vMM,lA94ZgT+vMM#v#s,v,libc,s,libc,1,function/other,1,__isnanf,SharpEmu.Libs\LibcCompat\RuntimePosixRemainingExportsV54.cs
1144,rDMyAf1Jhug,rDMyAf1Jhug#v#s,v,libc,s,libc,1,function/other,1,__isinff,SharpEmu.Libs\LibcCompat\RuntimePosixRemainingExportsV54.cs
1145,St9nbxSoezk,St9nbxSoezk#v#s,v,libc,s,libc,1,function/other,0,,
1146,LxcEU+ICu8U,LxcEU+ICu8U#v#s,v,libc,s,libc,1,function/other,1,feof,SharpEmu.Libs\LibcStdioExports.cs
1147,x1X76arYMxU,x1X76arYMxU#u#a,u,libkernel,a,libkernel,1,function/other,1,scePthreadAttrGet,SharpEmu.Libs\Kernel\KernelPthreadExtendedCompatExports.cs
1148,Ru36fiTtJzA,Ru36fiTtJzA#u#a,u,libkernel,a,libkernel,1,function/other,1,scePthreadAttrGetstackaddr,SharpEmu.Libs\Kernel\KernelPthreadExtendedCompatExports.cs
1149,EI-5-jlq2dE,EI-5-jlq2dE#u#a,u,libkernel,a,libkernel,1,function/other,1,scePthreadGetthreadid,SharpEmu.Libs\Kernel\KernelPthreadCompatExports.cs
1150,5TgME6AYty4,5TgME6AYty4#u#a,u,libkernel,a,libkernel,1,function/other,0,,
1151,2pOuoWoCxdk,2pOuoWoCxdk#u#a,u,libkernel,a,libkernel,1,function/other,0,,
1152,HgX7+AORI58,HgX7+AORI58#u#a,u,libkernel,a,libkernel,1,function/other,0,,
1153,4J2sUJmuHZQ,4J2sUJmuHZQ#u#a,u,libkernel,a,libkernel,1,function/other,1,sceKernelGetProcessTime,SharpEmu.Libs\Kernel\KernelRuntimeCompatExports.cs
1154,waPcxYiR3WA,waPcxYiR3WA#u#a,u,libkernel,a,libkernel,1,function/other,1,scePthreadCondattrDestroy,SharpEmu.Libs\Kernel\KernelPthreadCompatExports.cs
1155,m5-2bsNfv7s,m5-2bsNfv7s#u#a,u,libkernel,a,libkernel,1,function/other,1,scePthreadCondattrInit,SharpEmu.Libs\Kernel\KernelPthreadCompatExports.cs
1156,cQke9UuBQOk,cQke9UuBQOk#u#a,u,libkernel,a,libkernel,1,function/other,1,sceKernelMunmap,SharpEmu.Libs\Kernel\KernelMemoryCompatExports.cs
1157,8fe55ktlNVo,8fe55ktlNVo#0#x,0,libSceAcm,x,libSceAcm,1,function/other,1,sceAcmBatchStartBuffers,SharpEmu.Libs\Acm\AcmExports.cs
1158,RLN3gRlXJLE,RLN3gRlXJLE#0#x,0,libSceAcm,x,libSceAcm,1,function/other,1,sceAcmBatchWait,SharpEmu.Libs\Acm\AcmExports.cs
1159,ZIXln2K3XMk,ZIXln2K3XMk#0#x,0,libSceAcm,x,libSceAcm,1,function/other,1,sceAcmContextCreate,SharpEmu.Libs\Acm\AcmExports.cs
1160,jBgBjAj02R8,jBgBjAj02R8#0#x,0,libSceAcm,x,libSceAcm,1,function/other,1,sceAcmContextDestroy,SharpEmu.Libs\Acm\AcmExports.cs
1161,u70oWo92SYQ,u70oWo92SYQ#0#x,0,libSceAcm,x,libSceAcm,1,function/other,1,sceAcm_ConvReverb_SharedInput,SharpEmu.Libs\Acm\AcmExports.cs
1162,3WVD91e12ZQ,3WVD91e12ZQ#y#v,y,libScePsml,v,libScePsml,1,function/other,1,scePsmlMfsrInit,SharpEmu.Libs\Psml\PsmlExports.cs
1163,+2KpvixvL6E,+2KpvixvL6E#y#v,y,libScePsml,v,libScePsml,1,function/other,1,scePsmlMfsrGetSharedResourcesInitRequirement,SharpEmu.Libs\Psml\PsmlExports.cs
1164,eWoKNeB6V-k,eWoKNeB6V-k#y#v,y,libScePsml,v,libScePsml,1,function/other,1,scePsmlMfsrCreateSharedResources,SharpEmu.Libs\Psml\PsmlExports.cs
1165,jEevBXmagOQ,jEevBXmagOQ#y#v,y,libScePsml,v,libScePsml,1,function/other,0,,
1166,ArakEpzsZo0,ArakEpzsZo0#y#v,y,libScePsml,v,libScePsml,1,function/other,1,scePsmlMfsrGetContextBufferRequirement800M3_2,SharpEmu.Libs\Psml\PsmlExports.cs
1167,gxv3i+MTEzU,gxv3i+MTEzU#y#v,y,libScePsml,v,libScePsml,1,function/other,1,scePsmlMfsrCreateContext800M3_2,SharpEmu.Libs\Psml\PsmlExports.cs
1168,JaLBe0P3jSU,JaLBe0P3jSU#y#v,y,libScePsml,v,libScePsml,1,function/other,0,,
1169,AHalTX9wFZY,AHalTX9wFZY#y#v,y,libScePsml,v,libScePsml,1,function/other,1,scePsmlMfsrGetDispatchMfsrPacketSizeInDwords,SharpEmu.Libs\Psml\PsmlExports.cs
1170,RUNLFro+qok,RUNLFro+qok#y#v,y,libScePsml,v,libScePsml,1,function/other,1,scePsmlMfsrGetDispatchMfsrPacket900,SharpEmu.Libs\Psml\PsmlExports.cs
1171,GHna9-DvnUk,GHna9-DvnUk#y#v,y,libScePsml,v,libScePsml,1,function/other,0,,
1172,GJY0MvuTcs8,GJY0MvuTcs8#y#v,y,libScePsml,v,libScePsml,1,function/other,0,,
1173,LXq+6mIxpCw,LXq+6mIxpCw#y#v,y,libScePsml,v,libScePsml,1,function/other,0,,
1174,FSGaTQze0UY,FSGaTQze0UY#y#v,y,libScePsml,v,libScePsml,1,function/other,0,,
